[0/2] Re-checking globbed directories...
[1/952] Building CXX object src/antenna/CMakeFiles/antenna-test.dir/test/test-degrees-radians.cc.o
[2/952] Building CXX object src/antenna/CMakeFiles/antenna-test.dir/test/test-isotropic-antenna.cc.o
[3/952] Building CXX object src/antenna/CMakeFiles/antenna-test.dir/test/test-circular-aperture-antenna.cc.o
[4/952] Building CXX object src/antenna/CMakeFiles/antenna-test.dir/test/test-parabolic-antenna.cc.o
[5/952] Building CXX object src/aodv/CMakeFiles/aodv-test.dir/test/aodv-id-cache-test-suite.cc.o
[6/952] Building CXX object src/antenna/CMakeFiles/antenna-test.dir/test/test-cosine-antenna.cc.o
[7/952] Building CXX object src/antenna/CMakeFiles/antenna-test.dir/test/test-uniform-planar-array.cc.o
[8/952] Building CXX object src/antenna/CMakeFiles/antenna-test.dir/test/test-angles.cc.o
[9/952] Linking CXX shared library /home/xfk/workspace/ns-3.43-fixed-prmac-baseline/build/lib/libns3.43-antenna-test-default.so
[10/952] Building CXX object src/aodv/CMakeFiles/aodv-test.dir/test/aodv-regression.cc.o
[11/952] Building CXX object src/aodv/CMakeFiles/aodv-test.dir/test/loopback.cc.o
[12/952] Building CXX object src/applications/CMakeFiles/applications-test.dir/test/udp-client-server-test.cc.o
[13/952] Building CXX object src/buildings/CMakeFiles/buildings-test.dir/test/buildings-channel-condition-model-test.cc.o
[14/952] Building CXX object src/applications/CMakeFiles/applications-test.dir/test/bulk-send-application-test-suite.cc.o
[15/952] Building CXX object src/aodv/CMakeFiles/aodv-test.dir/test/bug-772.cc.o
[16/952] Building CXX object src/buildings/CMakeFiles/buildings-test.dir/test/buildings-helper-test.cc.o
[17/952] Building CXX object src/bridge/examples/CMakeFiles/csma-bridge.dir/csma-bridge.cc.o
[18/952] Linking CXX executable /home/xfk/workspace/ns-3.43-fixed-prmac-baseline/build/src/bridge/examples/ns3.43-csma-bridge-default
[19/952] Building CXX object src/bridge/examples/CMakeFiles/csma-bridge-one-hop.dir/csma-bridge-one-hop.cc.o
[20/952] Building CXX object src/buildings/CMakeFiles/buildings-test.dir/test/buildings-pathloss-test.cc.o
[21/952] Linking CXX executable /home/xfk/workspace/ns-3.43-fixed-prmac-baseline/build/src/bridge/examples/ns3.43-csma-bridge-one-hop-default
[22/952] Building CXX object src/buildings/CMakeFiles/buildings-test.dir/test/buildings-penetration-loss-pathloss-test.cc.o
[23/952] Building CXX object src/buildings/CMakeFiles/buildings-test.dir/test/buildings-shadowing-test.cc.o
[24/952] Building CXX object src/aodv/examples/CMakeFiles/aodv-example.dir/aodv-example.cc.o
[25/952] Building CXX object src/buildings/CMakeFiles/buildings-test.dir/test/building-position-allocator-test.cc.o
[26/952] Building CXX object src/buildings/CMakeFiles/buildings-test.dir/test/outdoor-random-walk-test.cc.o
[27/952] Building CXX object src/applications/examples/CMakeFiles/three-gpp-http-example.dir/three-gpp-http-example.cc.o
[28/952] Linking CXX executable /home/xfk/workspace/ns-3.43-fixed-prmac-baseline/build/src/aodv/examples/ns3.43-aodv-example-default
[29/952] Building CXX object src/core/CMakeFiles/core-test.dir/test/examples-as-tests-test-suite.cc.o
[30/952] Building CXX object src/aodv/CMakeFiles/aodv-test.dir/test/aodv-test-suite.cc.o
[31/952] Linking CXX executable /home/xfk/workspace/ns-3.43-fixed-prmac-baseline/build/src/applications/examples/ns3.43-three-gpp-http-example-default
[32/952] Building CXX object src/applications/CMakeFiles/applications-test.dir/test/three-gpp-http-client-server-test.cc.o
[33/952] Linking CXX shared library /home/xfk/workspace/ns-3.43-fixed-prmac-baseline/build/lib/libns3.43-aodv-test-default.so
[34/952] Linking CXX shared library /home/xfk/workspace/ns-3.43-fixed-prmac-baseline/build/lib/libns3.43-applications-test-default.so
[35/952] Building CXX object src/core/CMakeFiles/core-test.dir/test/build-profile-test-suite.cc.o
[36/952] Building CXX object src/config-store/examples/CMakeFiles/config-store-save.dir/config-store-save.cc.o
[37/952] Building CXX object src/buildings/CMakeFiles/buildings-test.dir/test/three-gpp-v2v-channel-condition-model-test.cc.o
[38/952] Building CXX object src/buildings/examples/CMakeFiles/buildings-pathloss-profiler.dir/buildings-pathloss-profiler.cc.o
[39/952] Linking CXX executable /home/xfk/workspace/ns-3.43-fixed-prmac-baseline/build/src/config-store/examples/ns3.43-config-store-save-default
[40/952] Building CXX object src/buildings/examples/CMakeFiles/outdoor-random-walk-example.dir/outdoor-random-walk-example.cc.o
[41/952] Linking CXX shared library /home/xfk/workspace/ns-3.43-fixed-prmac-baseline/build/lib/libns3.43-buildings-test-default.so
[42/952] Linking CXX executable /home/xfk/workspace/ns-3.43-fixed-prmac-baseline/build/src/buildings/examples/ns3.43-buildings-pathloss-profiler-default
[43/952] Linking CXX executable /home/xfk/workspace/ns-3.43-fixed-prmac-baseline/build/src/buildings/examples/ns3.43-outdoor-random-walk-example-default
[44/952] Building CXX object src/buildings/examples/CMakeFiles/outdoor-group-mobility-example.dir/outdoor-group-mobility-example.cc.o
[45/952] Linking CXX executable /home/xfk/workspace/ns-3.43-fixed-prmac-baseline/build/src/buildings/examples/ns3.43-outdoor-group-mobility-example-default
[46/952] Building CXX object src/core/CMakeFiles/core-test.dir/test/global-value-test-suite.cc.o
[47/952] Building CXX object src/core/CMakeFiles/core-test.dir/test/environment-variable-test-suite.cc.o
[48/952] Building CXX object src/core/CMakeFiles/core-test.dir/test/event-garbage-collector-test-suite.cc.o
[49/952] Building CXX object src/core/CMakeFiles/core-test.dir/test/hash-test-suite.cc.o
[50/952] Building CXX object src/core/CMakeFiles/core-test.dir/test/command-line-test-suite.cc.o
[51/952] Building CXX object src/core/CMakeFiles/core-test.dir/test/many-uniform-random-variables-one-get-value-call-test-suite.cc.o
[52/952] Building CXX object src/core/CMakeFiles/core-test.dir/test/one-uniform-random-variable-many-get-value-calls-test-suite.cc.o
[53/952] Building CXX object src/core/CMakeFiles/core-test.dir/test/int64x64-test-suite.cc.o
[54/952] Building CXX object src/core/CMakeFiles/core-test.dir/test/sample-test-suite.cc.o
[55/952] Building CXX object src/core/CMakeFiles/core-test.dir/test/ptr-test-suite.cc.o
[56/952] Building CXX object src/core/CMakeFiles/core-test.dir/test/pair-value-test-suite.cc.o
[57/952] Building CXX object src/core/CMakeFiles/core-test.dir/test/names-test-suite.cc.o
[58/952] Building CXX object src/core/CMakeFiles/core-test.dir/test/config-test-suite.cc.o
[59/952] Building CXX object src/core/CMakeFiles/core-test.dir/test/object-test-suite.cc.o
[60/952] Building CXX object src/core/CMakeFiles/core-test.dir/test/length-test-suite.cc.o
[61/952] Building CXX object src/core/CMakeFiles/core-test.dir/test/splitstring-test-suite.cc.o
[62/952] Building CXX object src/core/CMakeFiles/core-test.dir/test/trickle-timer-test-suite.cc.o
[63/952] Building CXX object src/core/CMakeFiles/core-test.dir/test/traced-callback-test-suite.cc.o
[64/952] Building CXX object src/core/CMakeFiles/core-test.dir/test/threaded-test-suite.cc.o
[65/952] Building CXX object src/core/CMakeFiles/core-test.dir/test/attribute-container-test-suite.cc.o
[66/952] Building CXX object src/core/CMakeFiles/core-test.dir/test/type-traits-test-suite.cc.o
[67/952] Building CXX object src/core/CMakeFiles/core-test.dir/test/timer-test-suite.cc.o
[68/952] Building CXX object src/core/CMakeFiles/core-test.dir/test/type-id-test-suite.cc.o
[69/952] Building CXX object src/core/CMakeFiles/core-test.dir/test/time-test-suite.cc.o
[70/952] Building CXX object src/core/CMakeFiles/core-test.dir/test/watchdog-test-suite.cc.o
[71/952] Building CXX object src/core/examples/CMakeFiles/fatal-example.dir/fatal-example.cc.o
[72/952] Building CXX object src/core/CMakeFiles/core-test.dir/test/simulator-test-suite.cc.o
[73/952] Building CXX object src/core/examples/CMakeFiles/assert-example.dir/assert-example.cc.o
[74/952] Linking CXX executable /home/xfk/workspace/ns-3.43-fixed-prmac-baseline/build/src/core/examples/ns3.43-fatal-example-default
[75/952] Linking CXX executable /home/xfk/workspace/ns-3.43-fixed-prmac-baseline/build/src/core/examples/ns3.43-assert-example-default
[76/952] Building CXX object src/core/CMakeFiles/core-test.dir/test/tuple-value-test-suite.cc.o
[77/952] Building CXX object src/core/examples/CMakeFiles/length-example.dir/length-example.cc.o
[78/952] Building CXX object src/core/examples/CMakeFiles/sample-random-variable.dir/sample-random-variable.cc.o
[79/952] Building CXX object src/core/examples/CMakeFiles/main-ptr.dir/main-ptr.cc.o
[80/952] Linking CXX executable /home/xfk/workspace/ns-3.43-fixed-prmac-baseline/build/src/core/examples/ns3.43-length-example-default
[81/952] Linking CXX executable /home/xfk/workspace/ns-3.43-fixed-prmac-baseline/build/src/core/examples/ns3.43-sample-random-variable-default
[82/952] Linking CXX executable /home/xfk/workspace/ns-3.43-fixed-prmac-baseline/build/src/core/examples/ns3.43-main-ptr-default
[83/952] Building CXX object src/core/examples/CMakeFiles/command-line-example.dir/command-line-example.cc.o
[84/952] Linking CXX executable /home/xfk/workspace/ns-3.43-fixed-prmac-baseline/build/src/core/examples/ns3.43-command-line-example-default
[85/952] Building CXX object src/core/examples/CMakeFiles/sample-log-time-format.dir/sample-log-time-format.cc.o
[86/952] Building CXX object src/core/examples/CMakeFiles/main-callback.dir/main-callback.cc.o
[87/952] Linking CXX executable /home/xfk/workspace/ns-3.43-fixed-prmac-baseline/build/src/core/examples/ns3.43-main-callback-default
[88/952] Linking CXX executable /home/xfk/workspace/ns-3.43-fixed-prmac-baseline/build/src/core/examples/ns3.43-sample-log-time-format-default
[89/952] Building CXX object src/core/examples/CMakeFiles/hash-example.dir/hash-example.cc.o
[90/952] Building CXX object src/core/examples/CMakeFiles/sample-random-variable-stream.dir/sample-random-variable-stream.cc.o
[91/952] Linking CXX executable /home/xfk/workspace/ns-3.43-fixed-prmac-baseline/build/src/core/examples/ns3.43-hash-example-default
[92/952] Linking CXX executable /home/xfk/workspace/ns-3.43-fixed-prmac-baseline/build/src/core/examples/ns3.43-sample-random-variable-stream-default
[93/952] Building CXX object src/core/CMakeFiles/core-test.dir/test/val-array-test-suite.cc.o
[94/952] Building CXX object src/core/examples/CMakeFiles/sample-simulator.dir/sample-simulator.cc.o
[95/952] Linking CXX executable /home/xfk/workspace/ns-3.43-fixed-prmac-baseline/build/src/core/examples/ns3.43-sample-simulator-default
[96/952] Building CXX object src/core/CMakeFiles/core-test.dir/test/attribute-test-suite.cc.o
[97/952] Building CXX object src/core/examples/CMakeFiles/system-path-examples.dir/system-path-examples.cc.o
[98/952] Linking CXX executable /home/xfk/workspace/ns-3.43-fixed-prmac-baseline/build/src/core/examples/ns3.43-system-path-examples-default
[99/952] Building CXX object src/core/examples/CMakeFiles/test-string-value-formatting.dir/test-string-value-formatting.cc.o
[100/952] Building CXX object src/core/examples/CMakeFiles/empirical-random-variable-example.dir/empirical-random-variable-example.cc.o
[101/952] Linking CXX executable /home/xfk/workspace/ns-3.43-fixed-prmac-baseline/build/src/core/examples/ns3.43-test-string-value-formatting-default
[102/952] Building CXX object src/core/CMakeFiles/core-test.dir/test/callback-test-suite.cc.o
[103/952] Linking CXX executable /home/xfk/workspace/ns-3.43-fixed-prmac-baseline/build/src/core/examples/ns3.43-empirical-random-variable-example-default
[104/952] Building CXX object src/core/examples/CMakeFiles/sample-show-progress.dir/sample-show-progress.cc.o
[105/952] Building CXX object src/core/examples/CMakeFiles/main-test-sync.dir/main-test-sync.cc.o
[106/952] Linking CXX executable /home/xfk/workspace/ns-3.43-fixed-prmac-baseline/build/src/core/examples/ns3.43-sample-show-progress-default
[107/952] Linking CXX executable /home/xfk/workspace/ns-3.43-fixed-prmac-baseline/build/src/core/examples/ns3.43-main-test-sync-default
[108/952] Building CXX object src/core/examples/CMakeFiles/main-random-variable-stream.dir/main-random-variable-stream.cc.o
[109/952] Linking CXX executable /home/xfk/workspace/ns-3.43-fixed-prmac-baseline/build/src/core/examples/ns3.43-main-random-variable-stream-default
[110/952] Building CXX object src/core/examples/CMakeFiles/log-example.dir/log-example.cc.o
[111/952] Linking CXX executable /home/xfk/workspace/ns-3.43-fixed-prmac-baseline/build/src/core/examples/ns3.43-log-example-default
[112/952] Building CXX object src/csma/examples/CMakeFiles/csma-one-subnet.dir/csma-one-subnet.cc.o
[113/952] Building CXX object src/csma/examples/CMakeFiles/csma-broadcast.dir/csma-broadcast.cc.o
[114/952] Linking CXX executable /home/xfk/workspace/ns-3.43-fixed-prmac-baseline/build/src/csma/examples/ns3.43-csma-one-subnet-default
[115/952] Linking CXX executable /home/xfk/workspace/ns-3.43-fixed-prmac-baseline/build/src/csma/examples/ns3.43-csma-broadcast-default
[116/952] Building CXX object src/csma/examples/CMakeFiles/csma-multicast.dir/csma-multicast.cc.o
[117/952] Building CXX object src/csma/examples/CMakeFiles/csma-packet-socket.dir/csma-packet-socket.cc.o
[118/952] Building CXX object src/dsdv/CMakeFiles/dsdv-test.dir/test/dsdv-testcase.cc.o
[119/952] Linking CXX executable /home/xfk/workspace/ns-3.43-fixed-prmac-baseline/build/src/csma/examples/ns3.43-csma-multicast-default
[120/952] Linking CXX executable /home/xfk/workspace/ns-3.43-fixed-prmac-baseline/build/src/csma/examples/ns3.43-csma-packet-socket-default
[121/952] Linking CXX shared library /home/xfk/workspace/ns-3.43-fixed-prmac-baseline/build/lib/libns3.43-dsdv-test-default.so
[122/952] Building CXX object src/csma/examples/CMakeFiles/csma-raw-ip-socket.dir/csma-raw-ip-socket.cc.o
[123/952] Linking CXX executable /home/xfk/workspace/ns-3.43-fixed-prmac-baseline/build/src/csma/examples/ns3.43-csma-raw-ip-socket-default
[124/952] Building CXX object src/energy/CMakeFiles/energy-test.dir/test/basic-energy-harvester-test.cc.o
[125/952] Building CXX object src/csma/examples/CMakeFiles/csma-ping.dir/csma-ping.cc.o
[126/952] Building CXX object src/csma-layout/examples/CMakeFiles/csma-star.dir/csma-star.cc.o
[127/952] Linking CXX executable /home/xfk/workspace/ns-3.43-fixed-prmac-baseline/build/src/csma/examples/ns3.43-csma-ping-default
[128/952] Linking CXX executable /home/xfk/workspace/ns-3.43-fixed-prmac-baseline/build/src/csma-layout/examples/ns3.43-csma-star-default
[129/952] Building CXX object src/energy/CMakeFiles/energy-test.dir/test/li-ion-energy-source-test.cc.o
[130/952] Linking CXX shared library /home/xfk/workspace/ns-3.43-fixed-prmac-baseline/build/lib/libns3.43-energy-test-default.so
[131/952] Building CXX object src/energy/examples/CMakeFiles/li-ion-energy-source-example.dir/li-ion-energy-source-example.cc.o
[132/952] Linking CXX executable /home/xfk/workspace/ns-3.43-fixed-prmac-baseline/build/src/energy/examples/ns3.43-li-ion-energy-source-example-default
[133/952] Building CXX object src/dsr/CMakeFiles/dsr-test.dir/test/dsr-test-suite.cc.o
[134/952] Linking CXX shared library /home/xfk/workspace/ns-3.43-fixed-prmac-baseline/build/lib/libns3.43-dsr-test-default.so
[135/952] Building CXX object src/energy/examples/CMakeFiles/generic-battery-discharge-example.dir/generic-battery-discharge-example.cc.o
[136/952] Building CXX object src/core/CMakeFiles/core-test.dir/test/matrix-array-test-suite.cc.o
[137/952] Linking CXX executable /home/xfk/workspace/ns-3.43-fixed-prmac-baseline/build/src/energy/examples/ns3.43-generic-battery-discharge-example-default
[138/952] Linking CXX shared library /home/xfk/workspace/ns-3.43-fixed-prmac-baseline/build/lib/libns3.43-core-test-default.so
[139/952] Building CXX object src/dsdv/examples/CMakeFiles/dsdv-manet.dir/dsdv-manet.cc.o
[140/952] Linking CXX executable /home/xfk/workspace/ns-3.43-fixed-prmac-baseline/build/src/dsdv/examples/ns3.43-dsdv-manet-default
[141/952] Building CXX object src/energy/examples/CMakeFiles/rv-battery-model-test.dir/rv-battery-model-test.cc.o
[142/952] Linking CXX executable /home/xfk/workspace/ns-3.43-fixed-prmac-baseline/build/src/energy/examples/ns3.43-rv-battery-model-test-default
[143/952] Building CXX object src/energy/examples/CMakeFiles/basic-energy-model-test.dir/basic-energy-model-test.cc.o
[144/952] Building CXX object src/fd-net-device/examples/CMakeFiles/fd2fd-onoff.dir/fd2fd-onoff.cc.o
[145/952] Building CXX object src/fd-net-device/examples/CMakeFiles/dummy-network.dir/dummy-network.cc.o
[146/952] Linking CXX executable /home/xfk/workspace/ns-3.43-fixed-prmac-baseline/build/src/energy/examples/ns3.43-basic-energy-model-test-default
[147/952] Linking CXX executable /home/xfk/workspace/ns-3.43-fixed-prmac-baseline/build/src/fd-net-device/examples/ns3.43-fd2fd-onoff-default
[148/952] Linking CXX executable /home/xfk/workspace/ns-3.43-fixed-prmac-baseline/build/src/fd-net-device/examples/ns3.43-dummy-network-default
[149/952] Building CXX object src/dsr/examples/CMakeFiles/dsr-example.dir/dsr-example.cc.o
[150/952] Linking CXX executable /home/xfk/workspace/ns-3.43-fixed-prmac-baseline/build/src/dsr/examples/ns3.43-dsr-example-default
[151/952] Building CXX object src/fd-net-device/examples/CMakeFiles/realtime-dummy-network.dir/realtime-dummy-network.cc.o
[152/952] Building CXX object src/fd-net-device/examples/CMakeFiles/realtime-fd2fd-onoff.dir/realtime-fd2fd-onoff.cc.o
[153/952] Linking CXX executable /home/xfk/workspace/ns-3.43-fixed-prmac-baseline/build/src/fd-net-device/examples/ns3.43-realtime-dummy-network-default
[154/952] Linking CXX executable /home/xfk/workspace/ns-3.43-fixed-prmac-baseline/build/src/fd-net-device/examples/ns3.43-realtime-fd2fd-onoff-default
[155/952] Building CXX object src/fd-net-device/examples/CMakeFiles/fd-emu-ping.dir/fd-emu-ping.cc.o
[156/952] Building CXX object src/internet/CMakeFiles/internet-test.dir/test/global-route-manager-impl-test-suite.cc.o
[157/952] Linking CXX executable /home/xfk/workspace/ns-3.43-fixed-prmac-baseline/build/src/fd-net-device/examples/ns3.43-fd-emu-ping-default
[158/952] Building CXX object src/fd-net-device/examples/CMakeFiles/fd-emu-udp-echo.dir/fd-emu-udp-echo.cc.o
[159/952] Building CXX object src/fd-net-device/examples/CMakeFiles/fd-emu-onoff.dir/fd-emu-onoff.cc.o
[160/952] Linking CXX executable /home/xfk/workspace/ns-3.43-fixed-prmac-baseline/build/src/fd-net-device/examples/ns3.43-fd-emu-udp-echo-default
[161/952] Linking CXX executable /home/xfk/workspace/ns-3.43-fixed-prmac-baseline/build/src/fd-net-device/examples/ns3.43-fd-emu-onoff-default
[162/952] Building CXX object src/fd-net-device/examples/CMakeFiles/fd-tap-ping6.dir/fd-tap-ping6.cc.o
[163/952] Linking CXX executable /home/xfk/workspace/ns-3.43-fixed-prmac-baseline/build/src/fd-net-device/examples/ns3.43-fd-tap-ping6-default
[164/952] Building CXX object src/internet/CMakeFiles/internet-test.dir/test/internet-stack-helper-test-suite.cc.o
[165/952] Building CXX object src/fd-net-device/examples/CMakeFiles/fd-emu-send.dir/fd-emu-send.cc.o
[166/952] Building CXX object src/energy/examples/CMakeFiles/generic-battery-wifiradio-example.dir/generic-battery-wifiradio-example.cc.o
[167/952] Building CXX object src/internet/CMakeFiles/internet-test.dir/test/ipv4-address-helper-test-suite.cc.o
[168/952] Building CXX object src/internet/CMakeFiles/internet-test.dir/test/ipv4-address-generator-test-suite.cc.o
[169/952] Linking CXX executable /home/xfk/workspace/ns-3.43-fixed-prmac-baseline/build/src/fd-net-device/examples/ns3.43-fd-emu-send-default
[170/952] Linking CXX executable /home/xfk/workspace/ns-3.43-fixed-prmac-baseline/build/src/energy/examples/ns3.43-generic-battery-wifiradio-example-default
[171/952] Building CXX object src/fd-net-device/examples/CMakeFiles/fd-emu-tc.dir/fd-emu-tc.cc.o
[172/952] Building CXX object src/fd-net-device/examples/CMakeFiles/fd-tap-ping.dir/fd-tap-ping.cc.o
[173/952] Linking CXX executable /home/xfk/workspace/ns-3.43-fixed-prmac-baseline/build/src/fd-net-device/examples/ns3.43-fd-emu-tc-default
[174/952] Linking CXX executable /home/xfk/workspace/ns-3.43-fixed-prmac-baseline/build/src/fd-net-device/examples/ns3.43-fd-tap-ping-default
[175/952] Building CXX object src/internet/CMakeFiles/internet-test.dir/test/icmp-test.cc.o
[176/952] Building CXX object src/internet/CMakeFiles/internet-test.dir/test/ipv4-forwarding-test.cc.o
[177/952] Building CXX object src/internet/CMakeFiles/internet-test.dir/test/ipv4-list-routing-test-suite.cc.o
[178/952] Building CXX object src/internet/CMakeFiles/internet-test.dir/test/ipv4-header-test.cc.o
[179/952] Building CXX object src/internet/CMakeFiles/internet-test.dir/test/ipv4-packet-info-tag-test-suite.cc.o
[180/952] Building CXX object src/internet/CMakeFiles/internet-test.dir/test/ipv4-fragmentation-test.cc.o
[181/952] Building CXX object src/internet/CMakeFiles/internet-test.dir/test/ipv4-test.cc.o
[182/952] Building CXX object src/internet/CMakeFiles/internet-test.dir/test/ipv4-deduplication-test.cc.o
[183/952] Building CXX object src/internet/CMakeFiles/internet-test.dir/test/ipv6-address-duplication-test.cc.o
[184/952] Building CXX object src/internet/CMakeFiles/internet-test.dir/test/ipv6-address-generator-test-suite.cc.o
[185/952] Building CXX object src/internet/CMakeFiles/internet-test.dir/test/ipv4-raw-test.cc.o
[186/952] Building CXX object src/internet/CMakeFiles/internet-test.dir/test/ipv4-static-routing-test-suite.cc.o
[187/952] Building CXX object src/internet/CMakeFiles/internet-test.dir/test/ipv6-extension-header-test-suite.cc.o
[188/952] Building CXX object src/internet/CMakeFiles/internet-test.dir/test/ipv6-address-helper-test-suite.cc.o
[189/952] Building CXX object src/internet/CMakeFiles/internet-test.dir/test/ipv6-list-routing-test-suite.cc.o
[190/952] Building CXX object src/internet/CMakeFiles/internet-test.dir/test/ipv4-rip-test.cc.o
[191/952] Building CXX object src/internet/CMakeFiles/internet-test.dir/test/ipv6-dual-stack-test-suite.cc.o
[192/952] Building CXX object src/internet/CMakeFiles/internet-test.dir/test/ipv6-packet-info-tag-test-suite.cc.o
[193/952] Building CXX object src/internet/CMakeFiles/internet-test.dir/test/ipv6-test.cc.o
[194/952] Building CXX object src/internet/CMakeFiles/internet-test.dir/test/ipv6-forwarding-test.cc.o
[195/952] Building CXX object src/internet/CMakeFiles/internet-test.dir/test/ipv4-global-routing-test-suite.cc.o
[196/952] Building CXX object src/internet/CMakeFiles/internet-test.dir/test/rtt-test.cc.o
[197/952] Building CXX object src/internet/CMakeFiles/internet-test.dir/test/tcp-bbr-test.cc.o
[198/952] Building CXX object src/internet/CMakeFiles/internet-test.dir/test/ipv6-fragmentation-test.cc.o
[199/952] Building CXX object src/internet/CMakeFiles/internet-test.dir/test/ipv6-raw-test.cc.o
[200/952] Building CXX object src/internet/CMakeFiles/internet-test.dir/test/tcp-bic-test.cc.o
[201/952] Building CXX object src/internet/CMakeFiles/internet-test.dir/test/tcp-advertised-window-test.cc.o
[202/952] Building CXX object src/internet/CMakeFiles/internet-test.dir/test/tcp-classic-recovery-test.cc.o
[203/952] Building CXX object src/internet/CMakeFiles/internet-test.dir/test/ipv6-ripng-test.cc.o
[204/952] Building CXX object src/internet/CMakeFiles/internet-test.dir/test/tcp-bytes-in-flight-test.cc.o
[205/952] Building CXX object src/internet/CMakeFiles/internet-test.dir/test/tcp-datasentcb-test.cc.o
[206/952] Building CXX object src/internet/CMakeFiles/internet-test.dir/test/tcp-cong-avoid-test.cc.o
[207/952] Building CXX object src/internet/CMakeFiles/internet-test.dir/test/tcp-close-test.cc.o
[208/952] Building CXX object src/internet/CMakeFiles/internet-test.dir/test/tcp-error-model.cc.o
[209/952] Building CXX object src/internet/CMakeFiles/internet-test.dir/test/neighbor-cache-test.cc.o
[210/952] Building CXX object src/internet/CMakeFiles/internet-test.dir/test/tcp-ecn-test.cc.o
[211/952] Building CXX object src/internet/CMakeFiles/internet-test.dir/test/tcp-highspeed-test.cc.o
[212/952] Building CXX object src/internet/CMakeFiles/internet-test.dir/test/tcp-htcp-test.cc.o
[213/952] Building CXX object src/internet/CMakeFiles/internet-test.dir/test/tcp-dctcp-test.cc.o
[214/952] Building CXX object src/internet/CMakeFiles/internet-test.dir/test/tcp-hybla-test.cc.o
[215/952] Building CXX object src/internet/CMakeFiles/internet-test.dir/test/tcp-fast-retr-test.cc.o
[216/952] Building CXX object src/internet/CMakeFiles/internet-test.dir/test/tcp-illinois-test.cc.o
[217/952] Building CXX object src/internet/CMakeFiles/internet-test.dir/test/tcp-header-test.cc.o
[218/952] Building CXX object src/internet/CMakeFiles/internet-test.dir/test/tcp-endpoint-bug2211.cc.o
[219/952] Building CXX object src/internet/CMakeFiles/internet-test.dir/test/tcp-linux-reno-test.cc.o
[220/952] Building CXX object src/internet/CMakeFiles/internet-test.dir/test/tcp-ledbat-test.cc.o
[221/952] Building CXX object src/internet/CMakeFiles/internet-test.dir/test/tcp-lp-test.cc.o
[222/952] Building CXX object src/internet/CMakeFiles/internet-test.dir/test/tcp-loss-test.cc.o
[223/952] Building CXX object src/internet/CMakeFiles/internet-test.dir/test/tcp-option-test.cc.o
[224/952] Building CXX object src/internet/CMakeFiles/internet-test.dir/test/tcp-pacing-test.cc.o
[225/952] Building CXX object src/internet/CMakeFiles/internet-test.dir/test/tcp-prr-recovery-test.cc.o
[226/952] Building CXX object src/internet/CMakeFiles/internet-test.dir/test/tcp-pkts-acked-test.cc.o
[227/952] Building CXX object src/internet/CMakeFiles/internet-test.dir/test/tcp-sack-permitted-test.cc.o
[228/952] Building CXX object src/internet/CMakeFiles/internet-test.dir/test/tcp-rtt-estimation.cc.o
[229/952] Building CXX object src/internet/CMakeFiles/internet-test.dir/test/tcp-scalable-test.cc.o
[230/952] Building CXX object src/internet/CMakeFiles/internet-test.dir/test/tcp-slow-start-test.cc.o
[231/952] Building CXX object src/internet/CMakeFiles/internet-test.dir/test/tcp-rto-test.cc.o
[232/952] Building CXX object src/internet/CMakeFiles/internet-test.dir/test/tcp-timestamp-test.cc.o
[233/952] Building CXX object src/internet/CMakeFiles/internet-test.dir/test/tcp-rate-ops-test.cc.o
[234/952] Building CXX object src/internet/CMakeFiles/internet-test.dir/test/tcp-vegas-test.cc.o
[235/952] Building CXX object src/internet/CMakeFiles/internet-test.dir/test/tcp-veno-test.cc.o
[236/952] Building CXX object src/internet/CMakeFiles/internet-test.dir/test/tcp-rx-buffer-test.cc.o
[237/952] Building CXX object src/internet/CMakeFiles/internet-test.dir/test/tcp-general-test.cc.o
[238/952] Building CXX object src/internet/CMakeFiles/internet-test.dir/test/tcp-wscaling-test.cc.o
[239/952] Building CXX object src/internet/CMakeFiles/internet-test.dir/test/tcp-syn-connection-failed-test.cc.o
[240/952] Building CXX object src/internet/CMakeFiles/internet-test.dir/test/tcp-test.cc.o
[241/952] Building CXX object src/internet/CMakeFiles/internet-test.dir/test/tcp-tx-buffer-test.cc.o
[242/952] Building CXX object src/internet/CMakeFiles/internet-test.dir/test/tcp-yeah-test.cc.o
[243/952] Building CXX object src/internet/CMakeFiles/internet-test.dir/test/tcp-zero-window-test.cc.o
[244/952] Building CXX object src/internet-apps/CMakeFiles/internet-apps-test.dir/test/dhcp-test.cc.o
[245/952] Building CXX object src/internet-apps/CMakeFiles/internet-apps-test.dir/test/ipv6-radvd-test.cc.o
[246/952] Building CXX object src/internet/examples/CMakeFiles/neighbor-cache-dynamic.dir/neighbor-cache-dynamic.cc.o
[247/952] Building CXX object src/internet/examples/CMakeFiles/main-simple.dir/main-simple.cc.o
[248/952] Linking CXX executable /home/xfk/workspace/ns-3.43-fixed-prmac-baseline/build/src/internet/examples/ns3.43-neighbor-cache-dynamic-default
[249/952] Linking CXX executable /home/xfk/workspace/ns-3.43-fixed-prmac-baseline/build/src/internet/examples/ns3.43-main-simple-default
[250/952] Building CXX object src/internet/examples/CMakeFiles/neighbor-cache-example.dir/neighbor-cache-example.cc.o
[251/952] Linking CXX executable /home/xfk/workspace/ns-3.43-fixed-prmac-baseline/build/src/internet/examples/ns3.43-neighbor-cache-example-default
[252/952] Building CXX object src/internet-apps/examples/CMakeFiles/dhcp-example.dir/dhcp-example.cc.o
[253/952] Linking CXX executable /home/xfk/workspace/ns-3.43-fixed-prmac-baseline/build/src/internet-apps/examples/ns3.43-dhcp-example-default
[254/952] Building CXX object src/internet/CMakeFiles/internet-test.dir/test/udp-test.cc.o
[255/952] Building CXX object src/internet-apps/CMakeFiles/internet-apps-test.dir/test/ping-test.cc.o
[256/952] Linking CXX shared library /home/xfk/workspace/ns-3.43-fixed-prmac-baseline/build/lib/libns3.43-internet-apps-test-default.so
[257/952] Building CXX object src/internet-apps/examples/CMakeFiles/ping-example.dir/ping-example.cc.o
[258/952] Building CXX object src/lr-wpan/CMakeFiles/lr-wpan-test.dir/test/lr-wpan-packet-test.cc.o
[259/952] Linking CXX shared library /home/xfk/workspace/ns-3.43-fixed-prmac-baseline/build/lib/libns3.43-internet-test-default.so
[260/952] Linking CXX executable /home/xfk/workspace/ns-3.43-fixed-prmac-baseline/build/src/internet-apps/examples/ns3.43-ping-example-default
[261/952] Building CXX object src/lr-wpan/CMakeFiles/lr-wpan-test.dir/test/lr-wpan-ack-test.cc.o
[262/952] Building CXX object src/lr-wpan/CMakeFiles/lr-wpan-test.dir/test/lr-wpan-spectrum-value-helper-test.cc.o
[263/952] Building CXX object src/lr-wpan/CMakeFiles/lr-wpan-test.dir/test/lr-wpan-error-model-test.cc.o
[264/952] Building CXX object src/lr-wpan/CMakeFiles/lr-wpan-test.dir/test/lr-wpan-collision-test.cc.o
[265/952] Building CXX object src/lr-wpan/CMakeFiles/lr-wpan-test.dir/test/lr-wpan-pd-plme-sap-test.cc.o
[266/952] Building CXX object src/lr-wpan/CMakeFiles/lr-wpan-test.dir/test/lr-wpan-ed-test.cc.o
[267/952] Building CXX object src/lr-wpan/examples/CMakeFiles/lr-wpan-packet-print.dir/lr-wpan-packet-print.cc.o
[268/952] Building CXX object src/lr-wpan/CMakeFiles/lr-wpan-test.dir/test/lr-wpan-cca-test.cc.o
[269/952] Building CXX object src/internet-apps/examples/CMakeFiles/traceroute-example.dir/traceroute-example.cc.o
[270/952] Linking CXX executable /home/xfk/workspace/ns-3.43-fixed-prmac-baseline/build/src/lr-wpan/examples/ns3.43-lr-wpan-packet-print-default
[271/952] Building CXX object src/lr-wpan/examples/CMakeFiles/lr-wpan-phy-test.dir/lr-wpan-phy-test.cc.o
[272/952] Linking CXX executable /home/xfk/workspace/ns-3.43-fixed-prmac-baseline/build/src/internet-apps/examples/ns3.43-traceroute-example-default
[273/952] Linking CXX executable /home/xfk/workspace/ns-3.43-fixed-prmac-baseline/build/src/lr-wpan/examples/ns3.43-lr-wpan-phy-test-default
[274/952] Building CXX object src/lr-wpan/examples/CMakeFiles/lr-wpan-error-model-plot.dir/lr-wpan-error-model-plot.cc.o
[275/952] Building CXX object src/lr-wpan/examples/CMakeFiles/lr-wpan-ed-scan.dir/lr-wpan-ed-scan.cc.o
[276/952] Linking CXX executable /home/xfk/workspace/ns-3.43-fixed-prmac-baseline/build/src/lr-wpan/examples/ns3.43-lr-wpan-error-model-plot-default
[277/952] Building CXX object src/lr-wpan/examples/CMakeFiles/lr-wpan-data.dir/lr-wpan-data.cc.o
[278/952] Building CXX object src/lr-wpan/CMakeFiles/lr-wpan-test.dir/test/lr-wpan-ifs-test.cc.o
[279/952] Building CXX object src/lr-wpan/examples/CMakeFiles/lr-wpan-mlme.dir/lr-wpan-mlme.cc.o
[280/952] Linking CXX executable /home/xfk/workspace/ns-3.43-fixed-prmac-baseline/build/src/lr-wpan/examples/ns3.43-lr-wpan-ed-scan-default
[281/952] Linking CXX executable /home/xfk/workspace/ns-3.43-fixed-prmac-baseline/build/src/lr-wpan/examples/ns3.43-lr-wpan-data-default
[282/952] Linking CXX executable /home/xfk/workspace/ns-3.43-fixed-prmac-baseline/build/src/lr-wpan/examples/ns3.43-lr-wpan-mlme-default
[283/952] Building CXX object src/lr-wpan/examples/CMakeFiles/lr-wpan-active-scan.dir/lr-wpan-active-scan.cc.o
[284/952] Building CXX object src/lr-wpan/CMakeFiles/lr-wpan-test.dir/test/lr-wpan-mac-test.cc.o
[285/952] Building CXX object src/lte/CMakeFiles/lte-test.dir/test/epc-test-gtpu.cc.o
[286/952] Linking CXX executable /home/xfk/workspace/ns-3.43-fixed-prmac-baseline/build/src/lr-wpan/examples/ns3.43-lr-wpan-active-scan-default
[287/952] Building CXX object src/lr-wpan/CMakeFiles/lr-wpan-test.dir/test/lr-wpan-slotted-csmaca-test.cc.o
[288/952] Linking CXX shared library /home/xfk/workspace/ns-3.43-fixed-prmac-baseline/build/lib/libns3.43-lr-wpan-test-default.so
[289/952] Building CXX object src/lr-wpan/examples/CMakeFiles/lr-wpan-orphan-scan.dir/lr-wpan-orphan-scan.cc.o
[290/952] Building CXX object src/lr-wpan/examples/CMakeFiles/lr-wpan-error-distance-plot.dir/lr-wpan-error-distance-plot.cc.o
[291/952] Linking CXX executable /home/xfk/workspace/ns-3.43-fixed-prmac-baseline/build/src/lr-wpan/examples/ns3.43-lr-wpan-orphan-scan-default
[292/952] Linking CXX executable /home/xfk/workspace/ns-3.43-fixed-prmac-baseline/build/src/lr-wpan/examples/ns3.43-lr-wpan-error-distance-plot-default
[293/952] Building CXX object src/lte/CMakeFiles/lte-test.dir/test/lte-simple-net-device.cc.o
[294/952] Building CXX object src/lte/CMakeFiles/lte-test.dir/test/lte-ffr-simple.cc.o
[295/952] Building CXX object src/lte/CMakeFiles/lte-test.dir/test/epc-test-s1u-downlink.cc.o
[296/952] Building CXX object src/lte/CMakeFiles/lte-test.dir/test/lte-simple-spectrum-phy.cc.o
[297/952] Building CXX object src/lte/CMakeFiles/lte-test.dir/test/lte-simple-helper.cc.o
[298/952] Building CXX object src/lte/CMakeFiles/lte-test.dir/test/epc-test-s1u-uplink.cc.o
[299/952] Building CXX object src/lr-wpan/examples/CMakeFiles/lr-wpan-per-plot.dir/lr-wpan-per-plot.cc.o
[300/952] Linking CXX executable /home/xfk/workspace/ns-3.43-fixed-prmac-baseline/build/src/lr-wpan/examples/ns3.43-lr-wpan-per-plot-default
[301/952] Building CXX object src/lte/CMakeFiles/lte-test.dir/test/lte-test-earfcn.cc.o
[302/952] Building CXX object src/lte/CMakeFiles/lte-test.dir/test/lte-test-aggregation-throughput-scale.cc.o
[303/952] Building CXX object src/lte/CMakeFiles/lte-test.dir/test/lte-test-carrier-aggregation-configuration.cc.o
[304/952] Building CXX object src/lr-wpan/examples/CMakeFiles/lr-wpan-bootstrap.dir/lr-wpan-bootstrap.cc.o
[305/952] Linking CXX executable /home/xfk/workspace/ns-3.43-fixed-prmac-baseline/build/src/lr-wpan/examples/ns3.43-lr-wpan-bootstrap-default
[306/952] Building CXX object src/lte/CMakeFiles/lte-test.dir/test/lte-test-carrier-aggregation.cc.o
[307/952] Building CXX object src/lte/CMakeFiles/lte-test.dir/test/lte-test-cell-selection.cc.o
[308/952] Building CXX object src/lte/CMakeFiles/lte-test.dir/test/lte-test-downlink-sinr.cc.o
[309/952] Building CXX object src/lte/CMakeFiles/lte-test.dir/test/lte-test-deactivate-bearer.cc.o
[310/952] Building CXX object src/lte/CMakeFiles/lte-test.dir/test/lte-test-fdmt-ff-mac-scheduler.cc.o
[311/952] Building CXX object src/lte/CMakeFiles/lte-test.dir/test/lte-test-cqi-generation.cc.o
[312/952] Building CXX object src/lte/CMakeFiles/lte-test.dir/test/lte-test-entities.cc.o
[313/952] Building CXX object src/lte/CMakeFiles/lte-test.dir/test/lte-test-fdbet-ff-mac-scheduler.cc.o
[314/952] Building CXX object src/lte/CMakeFiles/lte-test.dir/test/lte-test-cqa-ff-mac-scheduler.cc.o
[315/952] Building CXX object src/lte/CMakeFiles/lte-test.dir/test/lte-test-downlink-power-control.cc.o
[316/952] Building CXX object src/lte/CMakeFiles/lte-test.dir/test/lte-test-harq.cc.o
[317/952] Building CXX object src/lte/CMakeFiles/lte-test.dir/test/lte-test-pathloss-model.cc.o
[318/952] Building CXX object src/lte/CMakeFiles/lte-test.dir/test/lte-test-interference-fr.cc.o
[319/952] Building CXX object src/lte/CMakeFiles/lte-test.dir/test/lte-test-fdtbfq-ff-mac-scheduler.cc.o
[320/952] Building CXX object src/lte/CMakeFiles/lte-test.dir/test/lte-test-link-adaptation.cc.o
[321/952] Building CXX object src/lte/CMakeFiles/lte-test.dir/test/lte-test-interference.cc.o
[322/952] Building CXX object src/lte/CMakeFiles/lte-test.dir/test/lte-test-mimo.cc.o
[323/952] Building CXX object src/lte/CMakeFiles/lte-test.dir/test/lte-test-phy-error-model.cc.o
[324/952] Building CXX object src/lte/CMakeFiles/lte-test.dir/test/lte-test-pf-ff-mac-scheduler.cc.o
[325/952] Building CXX object src/lte/CMakeFiles/lte-test.dir/test/lte-test-primary-cell-change.cc.o
[326/952] Building CXX object src/lte/CMakeFiles/lte-test.dir/test/lte-test-rlc-um-transmitter.cc.o
[327/952] Building CXX object src/lte/CMakeFiles/lte-test.dir/test/lte-test-rlc-am-transmitter.cc.o
[328/952] Building CXX object src/lte/CMakeFiles/lte-test.dir/test/lte-test-ipv6-routing.cc.o
[329/952] Building CXX object src/lte/CMakeFiles/lte-test.dir/test/lte-test-rlc-am-e2e.cc.o
[330/952] Building CXX object src/lte/CMakeFiles/lte-test.dir/test/lte-test-rlc-um-e2e.cc.o
[331/952] Building CXX object src/lte/CMakeFiles/lte-test.dir/test/lte-test-spectrum-value-helper.cc.o
[332/952] Building CXX object src/lte/CMakeFiles/lte-test.dir/test/lte-test-rr-ff-mac-scheduler.cc.o
[333/952] Building CXX object src/lte/CMakeFiles/lte-test.dir/test/lte-test-secondary-cell-handover.cc.o
[334/952] Building CXX object src/lte/CMakeFiles/lte-test.dir/test/lte-test-pss-ff-mac-scheduler.cc.o
[335/952] Building CXX object src/lte/CMakeFiles/lte-test.dir/test/lte-test-secondary-cell-selection.cc.o
[336/952] Building CXX object src/lte/CMakeFiles/lte-test.dir/test/lte-test-tdmt-ff-mac-scheduler.cc.o
[337/952] Building CXX object src/lte/CMakeFiles/lte-test.dir/test/lte-test-ue-phy.cc.o
[338/952] Building CXX object src/lte/CMakeFiles/lte-test.dir/test/lte-test-tdbet-ff-mac-scheduler.cc.o
[339/952] Building CXX object src/lte/CMakeFiles/lte-test.dir/test/lte-test-tta-ff-mac-scheduler.cc.o
[340/952] Building CXX object src/lte/CMakeFiles/lte-test.dir/test/lte-test-frequency-reuse.cc.o
[341/952] Building CXX object src/lte/CMakeFiles/lte-test.dir/test/test-epc-tft-classifier.cc.o
[342/952] Building CXX object src/lte/CMakeFiles/lte-test.dir/test/lte-test-uplink-sinr.cc.o
[343/952] Building CXX object src/lte/CMakeFiles/lte-test.dir/test/test-lte-rlc-header.cc.o
[344/952] Building CXX object src/lte/CMakeFiles/lte-test.dir/test/lte-test-tdtbfq-ff-mac-scheduler.cc.o
[345/952] Building CXX object src/lte/CMakeFiles/lte-test.dir/test/test-lte-antenna.cc.o
[346/952] Building CXX object src/lte/CMakeFiles/lte-test.dir/test/lte-test-uplink-power-control.cc.o
[347/952] Building CXX object src/lte/CMakeFiles/lte-test.dir/test/test-asn1-encoding.cc.o
[348/952] Building CXX object src/lte/CMakeFiles/lte-test.dir/test/lte-test-radio-link-failure.cc.o
[349/952] Building CXX object src/lte/CMakeFiles/lte-test.dir/test/test-lte-handover-delay.cc.o
[350/952] Building CXX object src/lte/CMakeFiles/lte-test.dir/test/test-lte-epc-e2e-data.cc.o
[351/952] Building CXX object src/lte/examples/CMakeFiles/lena-cc-helper.dir/lena-cc-helper.cc.o
[352/952] Linking CXX executable /home/xfk/workspace/ns-3.43-fixed-prmac-baseline/build/src/lte/examples/ns3.43-lena-cc-helper-default
[353/952] Building CXX object src/lte/CMakeFiles/lte-test.dir/test/test-lte-handover-failure.cc.o
[354/952] Building CXX object src/lte/CMakeFiles/lte-test.dir/test/test-lte-handover-target.cc.o
[355/952] Building CXX object src/lte/examples/CMakeFiles/lena-cqi-threshold.dir/lena-cqi-threshold.cc.o
[356/952] Linking CXX executable /home/xfk/workspace/ns-3.43-fixed-prmac-baseline/build/src/lte/examples/ns3.43-lena-cqi-threshold-default
[357/952] Building CXX object src/lte/CMakeFiles/lte-test.dir/test/lte-test-ue-measurements.cc.o
[358/952] Building CXX object src/lte/CMakeFiles/lte-test.dir/test/test-lte-rrc.cc.o
[359/952] Building CXX object src/lte/examples/CMakeFiles/lena-deactivate-bearer.dir/lena-deactivate-bearer.cc.o
[360/952] Building CXX object src/lte/examples/CMakeFiles/lena-fading.dir/lena-fading.cc.o
[361/952] Linking CXX executable /home/xfk/workspace/ns-3.43-fixed-prmac-baseline/build/src/lte/examples/ns3.43-lena-deactivate-bearer-default
[362/952] Building CXX object src/lte/examples/CMakeFiles/lena-intercell-interference.dir/lena-intercell-interference.cc.o
[363/952] Linking CXX executable /home/xfk/workspace/ns-3.43-fixed-prmac-baseline/build/src/lte/examples/ns3.43-lena-fading-default
[364/952] Building CXX object src/lte/CMakeFiles/lte-test.dir/test/test-lte-x2-handover.cc.o
[365/952] Linking CXX executable /home/xfk/workspace/ns-3.43-fixed-prmac-baseline/build/src/lte/examples/ns3.43-lena-intercell-interference-default
[366/952] Building CXX object src/lte/CMakeFiles/lte-test.dir/test/test-lte-x2-handover-measures.cc.o
[367/952] Building CXX object src/lte/examples/CMakeFiles/lena-frequency-reuse.dir/lena-frequency-reuse.cc.o
[368/952] Linking CXX executable /home/xfk/workspace/ns-3.43-fixed-prmac-baseline/build/src/lte/examples/ns3.43-lena-frequency-reuse-default
[369/952] Linking CXX shared library /home/xfk/workspace/ns-3.43-fixed-prmac-baseline/build/lib/libns3.43-lte-test-default.so
[370/952] Building CXX object src/lte/examples/CMakeFiles/lena-distributed-ffr.dir/lena-distributed-ffr.cc.o
[371/952] Linking CXX executable /home/xfk/workspace/ns-3.43-fixed-prmac-baseline/build/src/lte/examples/ns3.43-lena-distributed-ffr-default
[372/952] Building CXX object src/lte/examples/CMakeFiles/lena-dual-stripe.dir/lena-dual-stripe.cc.o
[373/952] Linking CXX executable /home/xfk/workspace/ns-3.43-fixed-prmac-baseline/build/src/lte/examples/ns3.43-lena-dual-stripe-default
[374/952] Building CXX object src/lte/examples/CMakeFiles/lena-ipv6-addr-conf.dir/lena-ipv6-addr-conf.cc.o
[375/952] Linking CXX executable /home/xfk/workspace/ns-3.43-fixed-prmac-baseline/build/src/lte/examples/ns3.43-lena-ipv6-addr-conf-default
[376/952] Building CXX object src/lte/examples/CMakeFiles/lena-ipv6-ue-rh.dir/lena-ipv6-ue-rh.cc.o
[377/952] Linking CXX executable /home/xfk/workspace/ns-3.43-fixed-prmac-baseline/build/src/lte/examples/ns3.43-lena-ipv6-ue-rh-default
[378/952] Building CXX object src/lte/examples/CMakeFiles/lena-rem.dir/lena-rem.cc.o
[379/952] Building CXX object src/lte/examples/CMakeFiles/lena-ipv6-ue-ue.dir/lena-ipv6-ue-ue.cc.o
[380/952] Linking CXX executable /home/xfk/workspace/ns-3.43-fixed-prmac-baseline/build/src/lte/examples/ns3.43-lena-rem-default
[381/952] Building CXX object src/lte/examples/CMakeFiles/lena-rlc-traces.dir/lena-rlc-traces.cc.o
[382/952] Linking CXX executable /home/xfk/workspace/ns-3.43-fixed-prmac-baseline/build/src/lte/examples/ns3.43-lena-ipv6-ue-ue-default
[383/952] Building CXX object src/lte/examples/CMakeFiles/lena-profiling.dir/lena-profiling.cc.o
[384/952] Linking CXX executable /home/xfk/workspace/ns-3.43-fixed-prmac-baseline/build/src/lte/examples/ns3.43-lena-rlc-traces-default
[385/952] Building CXX object src/lte/examples/CMakeFiles/lena-pathloss-traces.dir/lena-pathloss-traces.cc.o
[386/952] Linking CXX executable /home/xfk/workspace/ns-3.43-fixed-prmac-baseline/build/src/lte/examples/ns3.43-lena-profiling-default
[387/952] Building CXX object src/lte/examples/CMakeFiles/lena-rem-sector-antenna.dir/lena-rem-sector-antenna.cc.o
[388/952] Linking CXX executable /home/xfk/workspace/ns-3.43-fixed-prmac-baseline/build/src/lte/examples/ns3.43-lena-pathloss-traces-default
[389/952] Building CXX object src/lte/examples/CMakeFiles/lena-simple.dir/lena-simple.cc.o
[390/952] Linking CXX executable /home/xfk/workspace/ns-3.43-fixed-prmac-baseline/build/src/lte/examples/ns3.43-lena-rem-sector-antenna-default
[391/952] Linking CXX executable /home/xfk/workspace/ns-3.43-fixed-prmac-baseline/build/src/lte/examples/ns3.43-lena-simple-default
[392/952] Building CXX object src/mesh/CMakeFiles/mesh-test.dir/test/dot11s/dot11s-test-suite.cc.o
[393/952] Building CXX object src/mesh/CMakeFiles/mesh-test.dir/test/dot11s/hwmp-proactive-regression.cc.o
[394/952] Building CXX object src/lte/examples/CMakeFiles/lena-uplink-power-control.dir/lena-uplink-power-control.cc.o
[395/952] Linking CXX executable /home/xfk/workspace/ns-3.43-fixed-prmac-baseline/build/src/lte/examples/ns3.43-lena-uplink-power-control-default
[396/952] Building CXX object src/lte/examples/CMakeFiles/lena-simple-epc.dir/lena-simple-epc.cc.o
[397/952] Building CXX object src/mesh/CMakeFiles/mesh-test.dir/test/dot11s/hwmp-reactive-regression.cc.o
[398/952] Building CXX object src/lte/examples/CMakeFiles/lena-radio-link-failure.dir/lena-radio-link-failure.cc.o
[399/952] Linking CXX executable /home/xfk/workspace/ns-3.43-fixed-prmac-baseline/build/src/lte/examples/ns3.43-lena-simple-epc-default
[400/952] Building CXX object src/mesh/CMakeFiles/mesh-test.dir/test/dot11s/hwmp-simplest-regression.cc.o
[401/952] Linking CXX executable /home/xfk/workspace/ns-3.43-fixed-prmac-baseline/build/src/lte/examples/ns3.43-lena-radio-link-failure-default
[402/952] Building CXX object src/mesh/CMakeFiles/mesh-test.dir/test/dot11s/regression.cc.o
[403/952] Building CXX object src/lte/examples/CMakeFiles/lena-simple-epc-backhaul.dir/lena-simple-epc-backhaul.cc.o
[404/952] Linking CXX executable /home/xfk/workspace/ns-3.43-fixed-prmac-baseline/build/src/lte/examples/ns3.43-lena-simple-epc-backhaul-default
[405/952] Building CXX object src/mesh/CMakeFiles/mesh-test.dir/test/dot11s/pmp-regression.cc.o
[406/952] Building CXX object src/lte/examples/CMakeFiles/lena-simple-epc-emu.dir/lena-simple-epc-emu.cc.o
[407/952] Building CXX object src/mesh/CMakeFiles/mesh-test.dir/test/flame/regression.cc.o
[408/952] Building CXX object src/mesh/CMakeFiles/mesh-test.dir/test/flame/flame-test-suite.cc.o
[409/952] Linking CXX executable /home/xfk/workspace/ns-3.43-fixed-prmac-baseline/build/src/lte/examples/ns3.43-lena-simple-epc-emu-default
[410/952] Building CXX object src/mesh/CMakeFiles/mesh-test.dir/test/mesh-information-element-vector-test-suite.cc.o
[411/952] Building CXX object src/mesh/CMakeFiles/mesh-test.dir/test/dot11s/hwmp-target-flags-regression.cc.o
[412/952] Building CXX object src/lte/examples/CMakeFiles/lena-x2-handover.dir/lena-x2-handover.cc.o
[413/952] Building CXX object src/mobility/CMakeFiles/mobility-test.dir/test/box-line-intersection-test.cc.o
[414/952] Linking CXX executable /home/xfk/workspace/ns-3.43-fixed-prmac-baseline/build/src/lte/examples/ns3.43-lena-x2-handover-default
[415/952] Building CXX object src/mobility/CMakeFiles/mobility-test.dir/test/geo-to-cartesian-test.cc.o
[416/952] Building CXX object src/mobility/CMakeFiles/mobility-test.dir/test/geocentric-topocentric-conversion-test.cc.o
[417/952] Building CXX object src/lte/examples/CMakeFiles/lena-x2-handover-measures.dir/lena-x2-handover-measures.cc.o
[418/952] Building CXX object src/mobility/CMakeFiles/mobility-test.dir/test/rand-cart-around-geo-test.cc.o
[419/952] Building CXX object src/mesh/CMakeFiles/mesh-test.dir/test/flame/flame-regression.cc.o
[420/952] Building CXX object src/mobility/CMakeFiles/mobility-test.dir/test/rectangle-closest-border-test.cc.o
[421/952] Building CXX object src/mobility/CMakeFiles/mobility-test.dir/test/mobility-trace-test-suite.cc.o
[422/952] Linking CXX executable /home/xfk/workspace/ns-3.43-fixed-prmac-baseline/build/src/lte/examples/ns3.43-lena-x2-handover-measures-default
[423/952] Linking CXX shared library /home/xfk/workspace/ns-3.43-fixed-prmac-baseline/build/lib/libns3.43-mesh-test-default.so
[424/952] Building CXX object src/mobility/CMakeFiles/mobility-test.dir/test/steady-state-random-waypoint-mobility-model-test.cc.o
[425/952] Building CXX object src/mobility/CMakeFiles/mobility-test.dir/test/mobility-test-suite.cc.o
[426/952] Building CXX object src/mobility/CMakeFiles/mobility-test.dir/test/ns2-mobility-helper-test-suite.cc.o
[427/952] Building CXX object src/mobility/examples/CMakeFiles/constant-mobility-example.dir/constant-mobility-example.cc.o
[428/952] Building CXX object src/mobility/CMakeFiles/mobility-test.dir/test/waypoint-mobility-model-test.cc.o
[429/952] Linking CXX executable /home/xfk/workspace/ns-3.43-fixed-prmac-baseline/build/src/mobility/examples/ns3.43-constant-mobility-example-default
[430/952] Linking CXX shared library /home/xfk/workspace/ns-3.43-fixed-prmac-baseline/build/lib/libns3.43-mobility-test-default.so
[431/952] Building CXX object src/mobility/examples/CMakeFiles/bonnmotion-ns2-example.dir/bonnmotion-ns2-example.cc.o
[432/952] Linking CXX executable /home/xfk/workspace/ns-3.43-fixed-prmac-baseline/build/src/mobility/examples/ns3.43-bonnmotion-ns2-example-default
[433/952] Building CXX object src/mobility/examples/CMakeFiles/main-random-topology.dir/main-random-topology.cc.o
[434/952] Building CXX object src/mobility/examples/CMakeFiles/main-random-walk.dir/main-random-walk.cc.o
[435/952] Building CXX object src/mobility/examples/CMakeFiles/main-grid-topology.dir/main-grid-topology.cc.o
[436/952] Linking CXX executable /home/xfk/workspace/ns-3.43-fixed-prmac-baseline/build/src/mobility/examples/ns3.43-main-random-topology-default
[437/952] Linking CXX executable /home/xfk/workspace/ns-3.43-fixed-prmac-baseline/build/src/mobility/examples/ns3.43-main-random-walk-default
[438/952] Linking CXX executable /home/xfk/workspace/ns-3.43-fixed-prmac-baseline/build/src/mobility/examples/ns3.43-main-grid-topology-default
[439/952] Building CXX object src/mobility/examples/CMakeFiles/mobility-trace-example.dir/mobility-trace-example.cc.o
[440/952] Building CXX object src/mobility/examples/CMakeFiles/ns2-mobility-trace.dir/ns2-mobility-trace.cc.o
[441/952] Linking CXX executable /home/xfk/workspace/ns-3.43-fixed-prmac-baseline/build/src/mobility/examples/ns3.43-mobility-trace-example-default
[442/952] Linking CXX executable /home/xfk/workspace/ns-3.43-fixed-prmac-baseline/build/src/mobility/examples/ns3.43-ns2-mobility-trace-default
[443/952] Building CXX object src/mobility/examples/CMakeFiles/reference-point-group-mobility-example.dir/reference-point-group-mobility-example.cc.o
[444/952] Linking CXX executable /home/xfk/workspace/ns-3.43-fixed-prmac-baseline/build/src/mobility/examples/ns3.43-reference-point-group-mobility-example-default
[445/952] Building CXX object src/network/CMakeFiles/network-test.dir/test/bit-serializer-test.cc.o
[446/952] Building CXX object src/mesh/examples/CMakeFiles/mesh-example.dir/mesh-example.cc.o
[447/952] Linking CXX executable /home/xfk/workspace/ns-3.43-fixed-prmac-baseline/build/src/mesh/examples/ns3.43-mesh-example-default
[448/952] Building CXX object src/netanim/CMakeFiles/netanim-test.dir/test/netanim-test.cc.o
[449/952] Linking CXX shared library /home/xfk/workspace/ns-3.43-fixed-prmac-baseline/build/lib/libns3.43-netanim-test-default.so
[450/952] Building CXX object src/network/CMakeFiles/network-test.dir/test/drop-tail-queue-test-suite.cc.o
[451/952] Building CXX object src/network/CMakeFiles/network-test.dir/test/buffer-test.cc.o
[452/952] Building CXX object src/netanim/examples/CMakeFiles/dumbbell-animation.dir/dumbbell-animation.cc.o
[453/952] Linking CXX executable /home/xfk/workspace/ns-3.43-fixed-prmac-baseline/build/src/netanim/examples/ns3.43-dumbbell-animation-default
[454/952] Building CXX object src/netanim/examples/CMakeFiles/grid-animation.dir/grid-animation.cc.o
[455/952] Building CXX object src/netanim/examples/CMakeFiles/colors-link-description.dir/colors-link-description.cc.o
[456/952] Building CXX object src/network/CMakeFiles/network-test.dir/test/ipv6-address-test-suite.cc.o
[457/952] Building CXX object src/network/CMakeFiles/network-test.dir/test/lollipop-counter-test.cc.o
[458/952] Linking CXX executable /home/xfk/workspace/ns-3.43-fixed-prmac-baseline/build/src/netanim/examples/ns3.43-grid-animation-default
[459/952] Linking CXX executable /home/xfk/workspace/ns-3.43-fixed-prmac-baseline/build/src/netanim/examples/ns3.43-colors-link-description-default
[460/952] Building CXX object src/netanim/examples/CMakeFiles/star-animation.dir/star-animation.cc.o
[461/952] Building CXX object src/netanim/examples/CMakeFiles/resources-counters.dir/resources-counters.cc.o
[462/952] Building CXX object src/network/CMakeFiles/network-test.dir/test/error-model-test-suite.cc.o
[463/952] Linking CXX executable /home/xfk/workspace/ns-3.43-fixed-prmac-baseline/build/src/netanim/examples/ns3.43-resources-counters-default
[464/952] Linking CXX executable /home/xfk/workspace/ns-3.43-fixed-prmac-baseline/build/src/netanim/examples/ns3.43-star-animation-default
[465/952] Building CXX object src/netanim/examples/CMakeFiles/wireless-animation.dir/wireless-animation.cc.o
[466/952] Building CXX object src/network/examples/CMakeFiles/bit-serializer.dir/bit-serializer.cc.o
[467/952] Linking CXX executable /home/xfk/workspace/ns-3.43-fixed-prmac-baseline/build/src/network/examples/ns3.43-bit-serializer-default
[468/952] Building CXX object src/network/CMakeFiles/network-test.dir/test/packet-socket-apps-test-suite.cc.o
[469/952] Linking CXX executable /home/xfk/workspace/ns-3.43-fixed-prmac-baseline/build/src/netanim/examples/ns3.43-wireless-animation-default
[470/952] Building CXX object src/network/examples/CMakeFiles/main-packet-header.dir/main-packet-header.cc.o
[471/952] Linking CXX executable /home/xfk/workspace/ns-3.43-fixed-prmac-baseline/build/src/network/examples/ns3.43-main-packet-header-default
[472/952] Building CXX object src/netanim/examples/CMakeFiles/uan-animation.dir/uan-animation.cc.o
[473/952] Building CXX object src/network/CMakeFiles/network-test.dir/test/test-data-rate.cc.o
[474/952] Building CXX object src/network/examples/CMakeFiles/lollipop-comparisons.dir/lollipop-comparisons.cc.o
[475/952] Building CXX object src/network/CMakeFiles/network-test.dir/test/packet-metadata-test.cc.o
[476/952] Building CXX object src/network/CMakeFiles/network-test.dir/test/sequence-number-test-suite.cc.o
[477/952] Linking CXX executable /home/xfk/workspace/ns-3.43-fixed-prmac-baseline/build/src/network/examples/ns3.43-lollipop-comparisons-default
[478/952] Building CXX object src/network/CMakeFiles/network-test.dir/test/packetbb-test-suite.cc.o
[479/952] Building CXX object src/network/examples/CMakeFiles/main-packet-tag.dir/main-packet-tag.cc.o
[480/952] Linking CXX executable /home/xfk/workspace/ns-3.43-fixed-prmac-baseline/build/src/netanim/examples/ns3.43-uan-animation-default
[481/952] Linking CXX executable /home/xfk/workspace/ns-3.43-fixed-prmac-baseline/build/src/network/examples/ns3.43-main-packet-tag-default
[482/952] Building CXX object src/network/CMakeFiles/network-test.dir/test/packet-test-suite.cc.o
[483/952] Building CXX object src/olsr/CMakeFiles/olsr-test.dir/test/regression-test-suite.cc.o
[484/952] Building CXX object src/network/examples/CMakeFiles/packet-socket-apps.dir/packet-socket-apps.cc.o
[485/952] Building CXX object src/network/CMakeFiles/network-test.dir/test/pcap-file-test-suite.cc.o
[486/952] Linking CXX executable /home/xfk/workspace/ns-3.43-fixed-prmac-baseline/build/src/network/examples/ns3.43-packet-socket-apps-default
[487/952] Linking CXX shared library /home/xfk/workspace/ns-3.43-fixed-prmac-baseline/build/lib/libns3.43-network-test-default.so
[488/952] Building CXX object src/olsr/CMakeFiles/olsr-test.dir/test/olsr-routing-protocol-test-suite.cc.o
[489/952] Building CXX object src/olsr/CMakeFiles/olsr-test.dir/test/hello-regression-test.cc.o
[490/952] Building CXX object src/olsr/CMakeFiles/olsr-test.dir/test/olsr-header-test-suite.cc.o
[491/952] Building CXX object src/nix-vector-routing/CMakeFiles/nix-vector-routing-test.dir/test/nix-test.cc.o
[492/952] Linking CXX shared library /home/xfk/workspace/ns-3.43-fixed-prmac-baseline/build/lib/libns3.43-nix-vector-routing-test-default.so
[493/952] Building CXX object src/olsr/CMakeFiles/olsr-test.dir/test/bug780-test.cc.o
[494/952] Building CXX object src/nix-vector-routing/examples/CMakeFiles/nix-simple-multi-address.dir/nix-simple-multi-address.cc.o
[495/952] Building CXX object src/nix-vector-routing/examples/CMakeFiles/nix-simple.dir/nix-simple.cc.o
[496/952] Linking CXX executable /home/xfk/workspace/ns-3.43-fixed-prmac-baseline/build/src/nix-vector-routing/examples/ns3.43-nix-simple-multi-address-default
[497/952] Linking CXX executable /home/xfk/workspace/ns-3.43-fixed-prmac-baseline/build/src/nix-vector-routing/examples/ns3.43-nix-simple-default
[498/952] Building CXX object src/point-to-point/examples/CMakeFiles/main-attribute-value.dir/main-attribute-value.cc.o
[499/952] Linking CXX executable /home/xfk/workspace/ns-3.43-fixed-prmac-baseline/build/src/point-to-point/examples/ns3.43-main-attribute-value-default
[500/952] Building CXX object src/propagation/CMakeFiles/propagation-test.dir/test/itu-r-1411-los-test-suite.cc.o
[501/952] Building CXX object src/point-to-point/CMakeFiles/point-to-point-test.dir/test/point-to-point-test.cc.o
[502/952] Building CXX object src/propagation/CMakeFiles/propagation-test.dir/test/channel-condition-model-test-suite.cc.o
[503/952] Linking CXX shared library /home/xfk/workspace/ns-3.43-fixed-prmac-baseline/build/lib/libns3.43-point-to-point-test-default.so
[504/952] Building CXX object src/nix-vector-routing/examples/CMakeFiles/nms-p2p-nix.dir/nms-p2p-nix.cc.o
[505/952] Linking CXX executable /home/xfk/workspace/ns-3.43-fixed-prmac-baseline/build/src/nix-vector-routing/examples/ns3.43-nms-p2p-nix-default
[506/952] Building CXX object src/propagation/CMakeFiles/propagation-test.dir/test/kun-2600-mhz-test-suite.cc.o
[507/952] Building CXX object src/propagation/CMakeFiles/propagation-test.dir/test/okumura-hata-test-suite.cc.o
[508/952] Building CXX object src/propagation/CMakeFiles/propagation-test.dir/test/itu-r-1411-nlos-over-rooftop-test-suite.cc.o
[509/952] Building CXX object src/olsr/examples/CMakeFiles/simple-point-to-point-olsr.dir/simple-point-to-point-olsr.cc.o
[510/952] Linking CXX executable /home/xfk/workspace/ns-3.43-fixed-prmac-baseline/build/src/olsr/examples/ns3.43-simple-point-to-point-olsr-default
[511/952] Building CXX object src/sixlowpan/CMakeFiles/sixlowpan-test.dir/test/sixlowpan-examples-test-suite.cc.o
[512/952] Building CXX object src/olsr/CMakeFiles/olsr-test.dir/test/tc-regression-test.cc.o
[513/952] Building CXX object src/propagation/CMakeFiles/propagation-test.dir/test/propagation-loss-model-test-suite.cc.o
[514/952] Building CXX object src/propagation/CMakeFiles/propagation-test.dir/test/three-gpp-ntn-propagation-loss-model-test-suite.cc.o
[515/952] Linking CXX shared library /home/xfk/workspace/ns-3.43-fixed-prmac-baseline/build/lib/libns3.43-olsr-test-default.so
[516/952] Building CXX object src/olsr/examples/CMakeFiles/olsr-hna.dir/olsr-hna.cc.o
[517/952] Building CXX object src/nix-vector-routing/examples/CMakeFiles/nix-double-wifi.dir/nix-double-wifi.cc.o
[518/952] Building CXX object src/propagation/examples/CMakeFiles/main-propagation-loss.dir/main-propagation-loss.cc.o
[519/952] Building CXX object src/propagation/examples/CMakeFiles/jakes-propagation-model-example.dir/jakes-propagation-model-example.cc.o
[520/952] Linking CXX executable /home/xfk/workspace/ns-3.43-fixed-prmac-baseline/build/src/olsr/examples/ns3.43-olsr-hna-default
[521/952] Linking CXX executable /home/xfk/workspace/ns-3.43-fixed-prmac-baseline/build/src/nix-vector-routing/examples/ns3.43-nix-double-wifi-default
[522/952] Linking CXX executable /home/xfk/workspace/ns-3.43-fixed-prmac-baseline/build/src/propagation/examples/ns3.43-jakes-propagation-model-example-default
[523/952] Linking CXX executable /home/xfk/workspace/ns-3.43-fixed-prmac-baseline/build/src/propagation/examples/ns3.43-main-propagation-loss-default
[524/952] Building CXX object src/propagation/CMakeFiles/propagation-test.dir/test/probabilistic-v2v-channel-condition-model-test.cc.o
[525/952] Building CXX object src/sixlowpan/CMakeFiles/sixlowpan-test.dir/test/mock-net-device.cc.o
[526/952] Building CXX object src/propagation/CMakeFiles/propagation-test.dir/test/three-gpp-propagation-loss-model-test-suite.cc.o
[527/952] Linking CXX shared library /home/xfk/workspace/ns-3.43-fixed-prmac-baseline/build/lib/libns3.43-propagation-test-default.so
[528/952] Building CXX object src/sixlowpan/CMakeFiles/sixlowpan-test.dir/test/sixlowpan-fragmentation-test.cc.o
[529/952] Building CXX object src/sixlowpan/CMakeFiles/sixlowpan-test.dir/test/sixlowpan-iphc-test.cc.o
[530/952] Building CXX object src/sixlowpan/CMakeFiles/sixlowpan-test.dir/test/sixlowpan-hc1-test.cc.o
[531/952] Building CXX object src/spectrum/CMakeFiles/spectrum-test.dir/test/spectrum-interference-test.cc.o
[532/952] Building CXX object src/spectrum/CMakeFiles/spectrum-test.dir/test/two-ray-splm-test-suite.cc.o
[533/952] Building CXX object src/sixlowpan/examples/CMakeFiles/example-sixlowpan.dir/example-sixlowpan.cc.o
[534/952] Building CXX object src/sixlowpan/CMakeFiles/sixlowpan-test.dir/test/sixlowpan-iphc-stateful-test.cc.o
[535/952] Building CXX object src/spectrum/CMakeFiles/spectrum-test.dir/test/spectrum-ideal-phy-test.cc.o
[536/952] Building CXX object src/spectrum/CMakeFiles/spectrum-test.dir/test/spectrum-value-test.cc.o
[537/952] Linking CXX executable /home/xfk/workspace/ns-3.43-fixed-prmac-baseline/build/src/sixlowpan/examples/ns3.43-example-sixlowpan-default
[538/952] Linking CXX shared library /home/xfk/workspace/ns-3.43-fixed-prmac-baseline/build/lib/libns3.43-sixlowpan-test-default.so
[539/952] Building CXX object src/spectrum/CMakeFiles/spectrum-test.dir/test/tv-helper-distribution-test.cc.o
[540/952] Building CXX object src/sixlowpan/examples/CMakeFiles/example-ping-lr-wpan.dir/example-ping-lr-wpan.cc.o
[541/952] Building CXX object src/sixlowpan/examples/CMakeFiles/example-ping-lr-wpan-mesh-under.dir/example-ping-lr-wpan-mesh-under.cc.o
[542/952] Linking CXX executable /home/xfk/workspace/ns-3.43-fixed-prmac-baseline/build/src/sixlowpan/examples/ns3.43-example-ping-lr-wpan-default
[543/952] Linking CXX executable /home/xfk/workspace/ns-3.43-fixed-prmac-baseline/build/src/sixlowpan/examples/ns3.43-example-ping-lr-wpan-mesh-under-default
[544/952] Building CXX object src/spectrum/CMakeFiles/spectrum-test.dir/test/tv-spectrum-transmitter-test.cc.o
[545/952] Building CXX object src/spectrum/CMakeFiles/spectrum-test.dir/test/spectrum-waveform-generator-test.cc.o
[546/952] Building CXX object src/sixlowpan/examples/CMakeFiles/example-ping-lr-wpan-beacon.dir/example-ping-lr-wpan-beacon.cc.o
[547/952] Linking CXX executable /home/xfk/workspace/ns-3.43-fixed-prmac-baseline/build/src/sixlowpan/examples/ns3.43-example-ping-lr-wpan-beacon-default
[548/952] Building CXX object src/spectrum/examples/CMakeFiles/tv-trans-example.dir/tv-trans-example.cc.o
[549/952] Linking CXX executable /home/xfk/workspace/ns-3.43-fixed-prmac-baseline/build/src/spectrum/examples/ns3.43-tv-trans-example-default
[550/952] Building CXX object src/spectrum/CMakeFiles/spectrum-test.dir/test/three-gpp-channel-test-suite.cc.o
[551/952] Linking CXX shared library /home/xfk/workspace/ns-3.43-fixed-prmac-baseline/build/lib/libns3.43-spectrum-test-default.so
[552/952] Building CXX object src/spectrum/examples/CMakeFiles/tv-trans-regional-example.dir/tv-trans-regional-example.cc.o
[553/952] Building CXX object src/stats/CMakeFiles/stats-test.dir/test/average-test-suite.cc.o
[554/952] Linking CXX executable /home/xfk/workspace/ns-3.43-fixed-prmac-baseline/build/src/spectrum/examples/ns3.43-tv-trans-regional-example-default
[555/952] Building CXX object src/stats/CMakeFiles/stats-test.dir/test/histogram-test-suite.cc.o
[556/952] Building CXX object src/spectrum/examples/CMakeFiles/adhoc-aloha-ideal-phy.dir/adhoc-aloha-ideal-phy.cc.o
[557/952] Building CXX object src/spectrum/examples/CMakeFiles/three-gpp-channel-example.dir/three-gpp-channel-example.cc.o
[558/952] Building CXX object src/stats/examples/CMakeFiles/gnuplot-example.dir/gnuplot-example.cc.o
[559/952] Building CXX object src/spectrum/examples/CMakeFiles/three-gpp-two-ray-channel-calibration.dir/three-gpp-two-ray-channel-calibration.cc.o
[560/952] Building CXX object src/stats/CMakeFiles/stats-test.dir/test/basic-data-calculators-test-suite.cc.o
[561/952] Linking CXX executable /home/xfk/workspace/ns-3.43-fixed-prmac-baseline/build/src/stats/examples/ns3.43-gnuplot-example-default
[562/952] Linking CXX executable /home/xfk/workspace/ns-3.43-fixed-prmac-baseline/build/src/spectrum/examples/ns3.43-adhoc-aloha-ideal-phy-default
[563/952] Building CXX object src/spectrum/examples/CMakeFiles/adhoc-aloha-ideal-phy-matrix-propagation-loss-model.dir/adhoc-aloha-ideal-phy-matrix-propagation-loss-model.cc.o
[564/952] Building CXX object src/spectrum/examples/CMakeFiles/adhoc-aloha-ideal-phy-with-microwave-oven.dir/adhoc-aloha-ideal-phy-with-microwave-oven.cc.o
[565/952] Linking CXX executable /home/xfk/workspace/ns-3.43-fixed-prmac-baseline/build/src/spectrum/examples/ns3.43-three-gpp-channel-example-default
[566/952] Linking CXX executable /home/xfk/workspace/ns-3.43-fixed-prmac-baseline/build/src/spectrum/examples/ns3.43-three-gpp-two-ray-channel-calibration-default
[567/952] Linking CXX executable /home/xfk/workspace/ns-3.43-fixed-prmac-baseline/build/src/spectrum/examples/ns3.43-adhoc-aloha-ideal-phy-matrix-propagation-loss-model-default
[568/952] Linking CXX executable /home/xfk/workspace/ns-3.43-fixed-prmac-baseline/build/src/spectrum/examples/ns3.43-adhoc-aloha-ideal-phy-with-microwave-oven-default
[569/952] Building CXX object src/spectrum/examples/CMakeFiles/three-gpp-ntn-channel-example.dir/three-gpp-ntn-channel-example.cc.o
[570/952] Linking CXX executable /home/xfk/workspace/ns-3.43-fixed-prmac-baseline/build/src/spectrum/examples/ns3.43-three-gpp-ntn-channel-example-default
[571/952] Building CXX object src/tap-bridge/CMakeFiles/tap-creator.dir/model/tap-encode-decode.cc.o
[572/952] Building CXX object src/stats/CMakeFiles/stats-test.dir/test/double-probe-test-suite.cc.o
[573/952] Linking CXX shared library /home/xfk/workspace/ns-3.43-fixed-prmac-baseline/build/lib/libns3.43-stats-test-default.so
[574/952] Building CXX object src/tap-bridge/CMakeFiles/tap-creator.dir/model/tap-creator.cc.o
[575/952] Building CXX object src/stats/examples/CMakeFiles/gnuplot-aggregator-example.dir/gnuplot-aggregator-example.cc.o
[576/952] Linking CXX executable /home/xfk/workspace/ns-3.43-fixed-prmac-baseline/build/src/stats/examples/ns3.43-gnuplot-aggregator-example-default
[577/952] Building CXX object src/test/CMakeFiles/test.dir/__/__/build-support/empty.cc.o
[578/952] Linking CXX executable /home/xfk/workspace/ns-3.43-fixed-prmac-baseline/build/src/tap-bridge/ns3.43-tap-creator-default
[579/952] Building CXX object src/stats/examples/CMakeFiles/file-aggregator-example.dir/file-aggregator-example.cc.o
[580/952] Linking CXX executable /home/xfk/workspace/ns-3.43-fixed-prmac-baseline/build/src/stats/examples/ns3.43-file-aggregator-example-default
[581/952] Building CXX object src/stats/examples/CMakeFiles/time-probe-example.dir/time-probe-example.cc.o
[582/952] Linking CXX executable /home/xfk/workspace/ns-3.43-fixed-prmac-baseline/build/src/stats/examples/ns3.43-time-probe-example-default
[583/952] Building CXX object src/stats/examples/CMakeFiles/gnuplot-helper-example.dir/gnuplot-helper-example.cc.o
[584/952] Building CXX object src/stats/examples/CMakeFiles/double-probe-example.dir/double-probe-example.cc.o
[585/952] Linking CXX executable /home/xfk/workspace/ns-3.43-fixed-prmac-baseline/build/src/stats/examples/ns3.43-gnuplot-helper-example-default
[586/952] Linking CXX executable /home/xfk/workspace/ns-3.43-fixed-prmac-baseline/build/src/stats/examples/ns3.43-double-probe-example-default
[587/952] Building CXX object src/tap-bridge/examples/CMakeFiles/tap-csma-virtual-machine.dir/tap-csma-virtual-machine.cc.o
[588/952] Building CXX object src/stats/examples/CMakeFiles/file-helper-example.dir/file-helper-example.cc.o
[589/952] Linking CXX executable /home/xfk/workspace/ns-3.43-fixed-prmac-baseline/build/src/tap-bridge/examples/ns3.43-tap-csma-virtual-machine-default
[590/952] Linking CXX executable /home/xfk/workspace/ns-3.43-fixed-prmac-baseline/build/src/stats/examples/ns3.43-file-helper-example-default
[591/952] Building CXX object src/test/CMakeFiles/test.dir/ns3tcp/ns3tcp-socket-writer.cc.o
[592/952] Building CXX object src/test/CMakeFiles/test.dir/ns3tcp/ns3tcp-no-delay-test-suite.cc.o
[593/952] Building CXX object src/test/CMakeFiles/test.dir/ns3tcp/ns3tcp-socket-test-suite.cc.o
[594/952] Building CXX object src/test/CMakeFiles/test.dir/ns3tcp/ns3tcp-loss-test-suite.cc.o
[595/952] Building CXX object src/test/CMakeFiles/test.dir/ns3tcp/ns3tcp-cubic-test-suite.cc.o
[596/952] Building CXX object src/tap-bridge/examples/CMakeFiles/tap-csma.dir/tap-csma.cc.o
[597/952] Linking CXX executable /home/xfk/workspace/ns-3.43-fixed-prmac-baseline/build/src/tap-bridge/examples/ns3.43-tap-csma-default
[598/952] Building CXX object src/tap-bridge/examples/CMakeFiles/tap-wifi-virtual-machine.dir/tap-wifi-virtual-machine.cc.o
[599/952] Linking CXX executable /home/xfk/workspace/ns-3.43-fixed-prmac-baseline/build/src/tap-bridge/examples/ns3.43-tap-wifi-virtual-machine-default
[600/952] Building CXX object src/tap-bridge/examples/CMakeFiles/tap-wifi-dumbbell.dir/tap-wifi-dumbbell.cc.o
[601/952] Building CXX object src/test/CMakeFiles/test.dir/ns3tcp/ns3tcp-state-test-suite.cc.o
[602/952] Linking CXX executable /home/xfk/workspace/ns-3.43-fixed-prmac-baseline/build/src/tap-bridge/examples/ns3.43-tap-wifi-dumbbell-default
[603/952] Building CXX object src/test/CMakeFiles/test.dir/ns3tc/pfifo-fast-queue-disc-test-suite.cc.o
[604/952] Building CXX object src/topology-read/CMakeFiles/topology-read-test.dir/test/rocketfuel-topology-reader-test-suite.cc.o
[605/952] Linking CXX shared library /home/xfk/workspace/ns-3.43-fixed-prmac-baseline/build/lib/libns3.43-topology-read-test-default.so
[606/952] Building CXX object src/test/CMakeFiles/test.dir/csma-system-test-suite.cc.o
[607/952] Building CXX object src/test/CMakeFiles/test.dir/ns3wifi/wifi-msdu-aggregator-test-suite.cc.o
[608/952] Building CXX object src/test/CMakeFiles/test.dir/ns3wifi/wifi-issue-211-test-suite.cc.o
[609/952] Building CXX object src/test/CMakeFiles/test.dir/ns3tc/fq-pie-queue-disc-test-suite.cc.o
[610/952] Building CXX object src/test/CMakeFiles/test.dir/ns3wifi/wifi-ac-mapping-test-suite.cc.o
[611/952] Building CXX object src/traffic-control/CMakeFiles/traffic-control-test.dir/test/fifo-queue-disc-test-suite.cc.o
[612/952] Building CXX object src/test/CMakeFiles/test.dir/traced/traced-value-callback-typedef-test-suite.cc.o
[613/952] Building CXX object src/test/CMakeFiles/test.dir/ns3tc/fq-cobalt-queue-disc-test-suite.cc.o
[614/952] Building CXX object src/topology-read/examples/CMakeFiles/topology-example-sim.dir/topology-example-sim.cc.o
[615/952] Linking CXX executable /home/xfk/workspace/ns-3.43-fixed-prmac-baseline/build/src/topology-read/examples/ns3.43-topology-example-sim-default
[616/952] Building CXX object src/traffic-control/CMakeFiles/traffic-control-test.dir/test/adaptive-red-queue-disc-test-suite.cc.o
[617/952] Building CXX object src/traffic-control/CMakeFiles/traffic-control-test.dir/test/prio-queue-disc-test-suite.cc.o
[618/952] Building CXX object src/traffic-control/CMakeFiles/traffic-control-test.dir/test/cobalt-queue-disc-test-suite.cc.o
[619/952] Building CXX object src/traffic-control/CMakeFiles/traffic-control-test.dir/test/queue-disc-traces-test-suite.cc.o
[620/952] Building CXX object src/traffic-control/CMakeFiles/traffic-control-test.dir/test/codel-queue-disc-test-suite.cc.o
[621/952] Building CXX object src/traffic-control/CMakeFiles/traffic-control-test.dir/test/tc-flow-control-test-suite.cc.o
[622/952] Building CXX object src/test/CMakeFiles/test.dir/ns3tc/fq-codel-queue-disc-test-suite.cc.o
[623/952] Building CXX object src/traffic-control/CMakeFiles/traffic-control-test.dir/test/tbf-queue-disc-test-suite.cc.o
[624/952] Building CXX object src/traffic-control/CMakeFiles/traffic-control-test.dir/test/pie-queue-disc-test-suite.cc.o
[625/952] Building CXX object src/traffic-control/examples/CMakeFiles/red-tests.dir/red-tests.cc.o
[626/952] Linking CXX executable /home/xfk/workspace/ns-3.43-fixed-prmac-baseline/build/src/traffic-control/examples/ns3.43-red-tests-default
[627/952] Building CXX object src/traffic-control/examples/CMakeFiles/adaptive-red-tests.dir/adaptive-red-tests.cc.o
[628/952] Building CXX object src/traffic-control/examples/CMakeFiles/red-vs-ared.dir/red-vs-ared.cc.o
[629/952] Linking CXX executable /home/xfk/workspace/ns-3.43-fixed-prmac-baseline/build/src/traffic-control/examples/ns3.43-red-vs-ared-default
[630/952] Linking CXX executable /home/xfk/workspace/ns-3.43-fixed-prmac-baseline/build/src/traffic-control/examples/ns3.43-adaptive-red-tests-default
[631/952] Building CXX object src/traffic-control/examples/CMakeFiles/pfifo-vs-red.dir/pfifo-vs-red.cc.o
[632/952] Building CXX object src/traffic-control/examples/CMakeFiles/codel-vs-pfifo-basic-test.dir/codel-vs-pfifo-basic-test.cc.o
[633/952] Linking CXX executable /home/xfk/workspace/ns-3.43-fixed-prmac-baseline/build/src/traffic-control/examples/ns3.43-pfifo-vs-red-default
[634/952] Linking CXX executable /home/xfk/workspace/ns-3.43-fixed-prmac-baseline/build/src/traffic-control/examples/ns3.43-codel-vs-pfifo-basic-test-default
[635/952] Building CXX object src/uan/CMakeFiles/uan-test.dir/test/uan-energy-model-test.cc.o
[636/952] Building CXX object src/traffic-control/examples/CMakeFiles/pie-example.dir/pie-example.cc.o
[637/952] Building CXX object src/traffic-control/CMakeFiles/traffic-control-test.dir/test/red-queue-disc-test-suite.cc.o
[638/952] Linking CXX executable /home/xfk/workspace/ns-3.43-fixed-prmac-baseline/build/src/traffic-control/examples/ns3.43-pie-example-default
[639/952] Linking CXX shared library /home/xfk/workspace/ns-3.43-fixed-prmac-baseline/build/lib/libns3.43-traffic-control-test-default.so
[640/952] Building CXX object src/uan/CMakeFiles/uan-test.dir/test/uan-test.cc.o
[641/952] Linking CXX shared library /home/xfk/workspace/ns-3.43-fixed-prmac-baseline/build/lib/libns3.43-uan-test-default.so
[642/952] Building CXX object src/traffic-control/examples/CMakeFiles/codel-vs-pfifo-asymmetric.dir/codel-vs-pfifo-asymmetric.cc.o
[643/952] Linking CXX executable /home/xfk/workspace/ns-3.43-fixed-prmac-baseline/build/src/traffic-control/examples/ns3.43-codel-vs-pfifo-asymmetric-default
[644/952] Building CXX object src/uan/examples/CMakeFiles/uan-cw-example.dir/uan-cw-example.cc.o
[645/952] Building CXX object src/uan/examples/CMakeFiles/uan-ipv4-example.dir/uan-ipv4-example.cc.o
[646/952] Building CXX object src/uan/examples/CMakeFiles/uan-rc-example.dir/uan-rc-example.cc.o
[647/952] Linking CXX executable /home/xfk/workspace/ns-3.43-fixed-prmac-baseline/build/src/uan/examples/ns3.43-uan-cw-example-default
[648/952] Linking CXX executable /home/xfk/workspace/ns-3.43-fixed-prmac-baseline/build/src/uan/examples/ns3.43-uan-ipv4-example-default
[649/952] Linking CXX executable /home/xfk/workspace/ns-3.43-fixed-prmac-baseline/build/src/uan/examples/ns3.43-uan-rc-example-default
[650/952] Building CXX object src/uan/examples/CMakeFiles/uan-ipv6-example.dir/uan-ipv6-example.cc.o
[651/952] Building CXX object src/uan/examples/CMakeFiles/uan-raw-example.dir/uan-raw-example.cc.o
[652/952] Linking CXX executable /home/xfk/workspace/ns-3.43-fixed-prmac-baseline/build/src/uan/examples/ns3.43-uan-raw-example-default
[653/952] Linking CXX executable /home/xfk/workspace/ns-3.43-fixed-prmac-baseline/build/src/uan/examples/ns3.43-uan-ipv6-example-default
[654/952] Building CXX object src/traffic-control/examples/CMakeFiles/fqcodel-l4s-example.dir/fqcodel-l4s-example.cc.o
[655/952] Building CXX object src/uan/examples/CMakeFiles/uan-6lowpan-example.dir/uan-6lowpan-example.cc.o
[656/952] Linking CXX executable /home/xfk/workspace/ns-3.43-fixed-prmac-baseline/build/src/traffic-control/examples/ns3.43-fqcodel-l4s-example-default
[657/952] Building CXX object src/wifi/CMakeFiles/wifi-test.dir/test/power-save-test.cc.o
[658/952] Linking CXX executable /home/xfk/workspace/ns-3.43-fixed-prmac-baseline/build/src/uan/examples/ns3.43-uan-6lowpan-example-default
[659/952] Building CXX object src/virtual-net-device/examples/CMakeFiles/virtual-net-device-example.dir/virtual-net-device-example.cc.o
[660/952] Linking CXX executable /home/xfk/workspace/ns-3.43-fixed-prmac-baseline/build/src/virtual-net-device/examples/ns3.43-virtual-net-device-example-default
[661/952] Building CXX object src/wifi/CMakeFiles/wifi-test.dir/test/inter-bss-test-suite.cc.o
[662/952] Building CXX object src/wifi/CMakeFiles/wifi-test.dir/test/power-rate-adaptation-test.cc.o
[663/952] Building CXX object src/wifi/CMakeFiles/wifi-test.dir/test/channel-access-manager-test.cc.o
[664/952] Building CXX object src/wifi/CMakeFiles/wifi-test.dir/test/wifi-dynamic-bw-op-test.cc.o
[665/952] Building CXX object src/wifi/CMakeFiles/wifi-test.dir/test/wifi-eht-info-elems-test.cc.o
[666/952] Building CXX object src/wifi/CMakeFiles/wifi-test.dir/test/wifi-he-info-elems-test.cc.o
[667/952] Building CXX object src/wifi/CMakeFiles/wifi-test.dir/test/wifi-error-rate-models-test.cc.o
[668/952] Building CXX object src/wifi/CMakeFiles/wifi-test.dir/test/wifi-ie-fragment-test.cc.o
[669/952] Building CXX object src/wifi/CMakeFiles/wifi-test.dir/test/wifi-aggregation-test.cc.o
[670/952] Building CXX object src/wifi/CMakeFiles/wifi-test.dir/test/block-ack-test-suite.cc.o
[671/952] Building CXX object src/wifi/CMakeFiles/wifi-test.dir/test/tx-duration-test.cc.o
[672/952] Building CXX object src/wifi/CMakeFiles/wifi-test.dir/test/wifi-mac-queue-test.cc.o
[673/952] Building CXX object src/wifi/CMakeFiles/wifi-test.dir/test/wifi-fils-frame-test.cc.o
[674/952] Building CXX object src/test/CMakeFiles/test.dir/traced/traced-callback-typedef-test-suite.cc.o
[675/952] Building CXX object src/wifi/CMakeFiles/wifi-test.dir/test/spectrum-wifi-phy-test.cc.o
[676/952] Building CXX object src/wifi/CMakeFiles/wifi-test.dir/test/wifi-ru-allocation-test.cc.o
[677/952] Building CXX object src/wifi/CMakeFiles/wifi-test.dir/test/wifi-phy-thresholds-test.cc.o
[678/952] Building CXX object src/wifi/CMakeFiles/wifi-test.dir/test/wifi-transmit-mask-test.cc.o
[679/952] Building CXX object src/wifi/CMakeFiles/wifi-test.dir/test/wifi-channel-switching-test.cc.o
[680/952] Building CXX object src/wifi/CMakeFiles/wifi-test.dir/test/wifi-phy-rx-trace-helper-test.cc.o
[681/952] Building CXX object src/wifi/CMakeFiles/wifi-test.dir/test/wifi-primary-channels-test.cc.o
[682/952] Building CXX object src/wifi/CMakeFiles/wifi-test.dir/test/wifi-emlsr-test.cc.o
[683/952] Building CXX object src/wifi/CMakeFiles/wifi-test.dir/test/wifi-phy-reception-test.cc.o
[684/952] Building CXX object src/wifi/CMakeFiles/wifi-test.dir/test/wifi-phy-mu-mimo-test.cc.o
[685/952] Building CXX object src/wifi/examples/CMakeFiles/wifi-phy-test.dir/wifi-phy-test.cc.o
[686/952] Linking CXX executable /home/xfk/workspace/ns-3.43-fixed-prmac-baseline/build/src/wifi/examples/ns3.43-wifi-phy-test-default
[687/952] Building CXX object src/wifi/CMakeFiles/wifi-test.dir/test/wifi-non-ht-dup-test.cc.o
[688/952] Building CXX object src/wifi/CMakeFiles/wifi-test.dir/test/wifi-phy-cca-test.cc.o
[689/952] Building CXX object src/wifi/CMakeFiles/wifi-test.dir/test/wifi-operating-channel-test.cc.o
[690/952] Building CXX object src/wifi/CMakeFiles/wifi-test.dir/test/wifi-mlo-test.cc.o
[691/952] Building CXX object src/wifi/CMakeFiles/wifi-test.dir/test/wifi-phy-ofdma-test.cc.o
[692/952] Building CXX object src/wifi/examples/CMakeFiles/wifi-test-interference-helper.dir/wifi-test-interference-helper.cc.o
[693/952] Linking CXX executable /home/xfk/workspace/ns-3.43-fixed-prmac-baseline/build/src/wifi/examples/ns3.43-wifi-test-interference-helper-default
[694/952] Building CXX object src/wimax/CMakeFiles/wimax-test.dir/test/mac-messages-test.cc.o
[695/952] Building CXX object src/wifi/examples/CMakeFiles/wifi-phy-configuration.dir/wifi-phy-configuration.cc.o
[696/952] Building CXX object src/wimax/CMakeFiles/wimax-test.dir/test/phy-test.cc.o
[697/952] Building CXX object src/wifi/examples/CMakeFiles/wifi-trans-example.dir/wifi-trans-example.cc.o
[698/952] Linking CXX executable /home/xfk/workspace/ns-3.43-fixed-prmac-baseline/build/src/wifi/examples/ns3.43-wifi-trans-example-default
[699/952] Linking CXX executable /home/xfk/workspace/ns-3.43-fixed-prmac-baseline/build/src/wifi/examples/ns3.43-wifi-phy-configuration-default
[700/952] Building CXX object src/wimax/CMakeFiles/wimax-test.dir/test/wimax-fragmentation-test.cc.o
[701/952] Building CXX object src/wimax/CMakeFiles/wimax-test.dir/test/ss-mac-test.cc.o
[702/952] Building CXX object src/wimax/CMakeFiles/wimax-test.dir/test/qos-test.cc.o
[703/952] Building CXX object src/wifi/CMakeFiles/wifi-test.dir/test/wifi-txop-test.cc.o
[704/952] Building CXX object src/wimax/CMakeFiles/wimax-test.dir/test/wimax-service-flow-test.cc.o
[705/952] Building CXX object src/wifi/examples/CMakeFiles/wifi-phy-rx-trace-example.dir/wifi-phy-rx-trace-example.cc.o
[706/952] Building CXX object src/wimax/CMakeFiles/wimax-test.dir/test/wimax-tlv-test.cc.o
[707/952] Linking CXX executable /home/xfk/workspace/ns-3.43-fixed-prmac-baseline/build/src/wifi/examples/ns3.43-wifi-phy-rx-trace-example-default
[708/952] Building CXX object src/wifi/examples/CMakeFiles/wifi-manager-example.dir/wifi-manager-example.cc.o
[709/952] Linking CXX shared library /home/xfk/workspace/ns-3.43-fixed-prmac-baseline/build/lib/libns3.43-wimax-test-default.so
[710/952] Linking CXX executable /home/xfk/workspace/ns-3.43-fixed-prmac-baseline/build/src/wifi/examples/ns3.43-wifi-manager-example-default
[711/952] Building CXX object src/wifi/CMakeFiles/wifi-test.dir/test/wifi-test.cc.o
[712/952] Building CXX object src/wimax/examples/CMakeFiles/wimax-ipv4.dir/wimax-ipv4.cc.o
[713/952] Linking CXX executable /home/xfk/workspace/ns-3.43-fixed-prmac-baseline/build/src/wimax/examples/ns3.43-wimax-ipv4-default
[714/952] Building CXX object src/wifi/examples/CMakeFiles/wifi-bianchi.dir/wifi-bianchi.cc.o
[715/952] Linking CXX executable /home/xfk/workspace/ns-3.43-fixed-prmac-baseline/build/src/wifi/examples/ns3.43-wifi-bianchi-default
[716/952] Building CXX object examples/channel-models/CMakeFiles/three-gpp-v2v-channel-example.dir/three-gpp-v2v-channel-example.cc.o
[717/952] Building CXX object examples/ipv6/CMakeFiles/fragmentation-ipv6.dir/fragmentation-ipv6.cc.o
[718/952] Building CXX object src/wimax/examples/CMakeFiles/wimax-simple.dir/wimax-simple.cc.o
[719/952] Linking CXX executable /home/xfk/workspace/ns-3.43-fixed-prmac-baseline/build/examples/ipv6/ns3.43-fragmentation-ipv6-default
[720/952] Linking CXX executable /home/xfk/workspace/ns-3.43-fixed-prmac-baseline/build/examples/channel-models/ns3.43-three-gpp-v2v-channel-example-default
[721/952] Linking CXX executable /home/xfk/workspace/ns-3.43-fixed-prmac-baseline/build/src/wimax/examples/ns3.43-wimax-simple-default
[722/952] Building CXX object src/wimax/examples/CMakeFiles/wimax-multicast.dir/wimax-multicast.cc.o
[723/952] Building CXX object examples/error-model/CMakeFiles/simple-error-model.dir/simple-error-model.cc.o
[724/952] Building CXX object examples/energy/CMakeFiles/energy-model-example.dir/energy-model-example.cc.o
[725/952] Linking CXX executable /home/xfk/workspace/ns-3.43-fixed-prmac-baseline/build/examples/error-model/ns3.43-simple-error-model-default
[726/952] Linking CXX executable /home/xfk/workspace/ns-3.43-fixed-prmac-baseline/build/src/wimax/examples/ns3.43-wimax-multicast-default
[727/952] Linking CXX executable /home/xfk/workspace/ns-3.43-fixed-prmac-baseline/build/examples/energy/ns3.43-energy-model-example-default
[728/952] Building CXX object examples/ipv6/CMakeFiles/fragmentation-ipv6-two-MTU.dir/fragmentation-ipv6-two-MTU.cc.o
[729/952] Linking CXX executable /home/xfk/workspace/ns-3.43-fixed-prmac-baseline/build/examples/ipv6/ns3.43-fragmentation-ipv6-two-MTU-default
[730/952] Building CXX object examples/ipv6/CMakeFiles/test-ipv6.dir/test-ipv6.cc.o
[731/952] Linking CXX executable /home/xfk/workspace/ns-3.43-fixed-prmac-baseline/build/examples/ipv6/ns3.43-test-ipv6-default
[732/952] Building CXX object examples/energy/CMakeFiles/energy-model-with-harvesting-example.dir/energy-model-with-harvesting-example.cc.o
[733/952] Building CXX object examples/ipv6/CMakeFiles/icmpv6-redirect.dir/icmpv6-redirect.cc.o
[734/952] Building CXX object examples/ipv6/CMakeFiles/loose-routing-ipv6.dir/loose-routing-ipv6.cc.o
[735/952] Linking CXX executable /home/xfk/workspace/ns-3.43-fixed-prmac-baseline/build/examples/energy/ns3.43-energy-model-with-harvesting-example-default
[736/952] Linking CXX executable /home/xfk/workspace/ns-3.43-fixed-prmac-baseline/build/examples/ipv6/ns3.43-icmpv6-redirect-default
[737/952] Linking CXX executable /home/xfk/workspace/ns-3.43-fixed-prmac-baseline/build/examples/ipv6/ns3.43-loose-routing-ipv6-default
[738/952] Building CXX object examples/ipv6/CMakeFiles/radvd-one-prefix.dir/radvd-one-prefix.cc.o
[739/952] Linking CXX executable /home/xfk/workspace/ns-3.43-fixed-prmac-baseline/build/examples/ipv6/ns3.43-radvd-one-prefix-default
[740/952] Building CXX object examples/ipv6/CMakeFiles/ping6-example.dir/ping6-example.cc.o
[741/952] Linking CXX executable /home/xfk/workspace/ns-3.43-fixed-prmac-baseline/build/examples/ipv6/ns3.43-ping6-example-default
[742/952] Building CXX object examples/ipv6/CMakeFiles/wsn-ping6.dir/wsn-ping6.cc.o
[743/952] Building CXX object examples/ipv6/CMakeFiles/radvd-two-prefix.dir/radvd-two-prefix.cc.o
[744/952] Linking CXX executable /home/xfk/workspace/ns-3.43-fixed-prmac-baseline/build/examples/ipv6/ns3.43-wsn-ping6-default
[745/952] Linking CXX executable /home/xfk/workspace/ns-3.43-fixed-prmac-baseline/build/examples/ipv6/ns3.43-radvd-two-prefix-default
[746/952] Building CXX object examples/ipv6/CMakeFiles/fragmentation-ipv6-PMTU.dir/fragmentation-ipv6-PMTU.cc.o
[747/952] Linking CXX executable /home/xfk/workspace/ns-3.43-fixed-prmac-baseline/build/examples/ipv6/ns3.43-fragmentation-ipv6-PMTU-default
[748/952] Building CXX object examples/naming/CMakeFiles/object-names.dir/object-names.cc.o
[749/952] Linking CXX executable /home/xfk/workspace/ns-3.43-fixed-prmac-baseline/build/examples/naming/ns3.43-object-names-default
[750/952] Building CXX object examples/realtime/CMakeFiles/realtime-udp-echo.dir/realtime-udp-echo.cc.o
[751/952] Building CXX object examples/routing/CMakeFiles/dynamic-global-routing.dir/dynamic-global-routing.cc.o
[752/952] Building CXX object examples/routing/CMakeFiles/static-routing-slash32.dir/static-routing-slash32.cc.o
[753/952] Linking CXX executable /home/xfk/workspace/ns-3.43-fixed-prmac-baseline/build/examples/realtime/ns3.43-realtime-udp-echo-default
[754/952] Building CXX object examples/routing/CMakeFiles/global-routing-slash32.dir/global-routing-slash32.cc.o
[755/952] Linking CXX executable /home/xfk/workspace/ns-3.43-fixed-prmac-baseline/build/examples/routing/ns3.43-dynamic-global-routing-default
[756/952] Linking CXX executable /home/xfk/workspace/ns-3.43-fixed-prmac-baseline/build/examples/routing/ns3.43-static-routing-slash32-default
[757/952] Linking CXX executable /home/xfk/workspace/ns-3.43-fixed-prmac-baseline/build/examples/routing/ns3.43-global-routing-slash32-default
[758/952] Building CXX object examples/matrix-topology/CMakeFiles/matrix-topology.dir/matrix-topology.cc.o
[759/952] Building CXX object examples/routing/CMakeFiles/global-injection-slash32.dir/global-injection-slash32.cc.o
[760/952] Linking CXX executable /home/xfk/workspace/ns-3.43-fixed-prmac-baseline/build/examples/routing/ns3.43-global-injection-slash32-default
[761/952] Building CXX object examples/routing/CMakeFiles/simple-global-routing.dir/simple-global-routing.cc.o
[762/952] Linking CXX executable /home/xfk/workspace/ns-3.43-fixed-prmac-baseline/build/examples/matrix-topology/ns3.43-matrix-topology-default
[763/952] Linking CXX executable /home/xfk/workspace/ns-3.43-fixed-prmac-baseline/build/examples/routing/ns3.43-simple-global-routing-default
[764/952] Building CXX object examples/routing/CMakeFiles/simple-alternate-routing.dir/simple-alternate-routing.cc.o
[765/952] Linking CXX executable /home/xfk/workspace/ns-3.43-fixed-prmac-baseline/build/examples/routing/ns3.43-simple-alternate-routing-default
[766/952] Building CXX object examples/routing/CMakeFiles/mixed-global-routing.dir/mixed-global-routing.cc.o
[767/952] Linking CXX executable /home/xfk/workspace/ns-3.43-fixed-prmac-baseline/build/examples/routing/ns3.43-mixed-global-routing-default
[768/952] Building CXX object examples/routing/CMakeFiles/simple-routing-ping6.dir/simple-routing-ping6.cc.o
[769/952] Linking CXX executable /home/xfk/workspace/ns-3.43-fixed-prmac-baseline/build/examples/routing/ns3.43-simple-routing-ping6-default
[770/952] Building CXX object examples/routing/CMakeFiles/ripng-simple-network.dir/ripng-simple-network.cc.o
[771/952] Building CXX object examples/routing/CMakeFiles/simple-multicast-flooding.dir/simple-multicast-flooding.cc.o
[772/952] Linking CXX executable /home/xfk/workspace/ns-3.43-fixed-prmac-baseline/build/examples/routing/ns3.43-ripng-simple-network-default
[773/952] Linking CXX executable /home/xfk/workspace/ns-3.43-fixed-prmac-baseline/build/examples/routing/ns3.43-simple-multicast-flooding-default
[774/952] Building CXX object examples/routing/CMakeFiles/rip-simple-network.dir/rip-simple-network.cc.o
[775/952] Building CXX object examples/routing/CMakeFiles/global-routing-multi-switch-plus-router.dir/global-routing-multi-switch-plus-router.cc.o
[776/952] Linking CXX executable /home/xfk/workspace/ns-3.43-fixed-prmac-baseline/build/examples/routing/ns3.43-rip-simple-network-default
[777/952] Linking CXX executable /home/xfk/workspace/ns-3.43-fixed-prmac-baseline/build/examples/routing/ns3.43-global-routing-multi-switch-plus-router-default
[778/952] Building CXX object examples/socket/CMakeFiles/socket-bound-static-routing.dir/socket-bound-static-routing.cc.o
[779/952] Linking CXX executable /home/xfk/workspace/ns-3.43-fixed-prmac-baseline/build/examples/socket/ns3.43-socket-bound-static-routing-default
[780/952] Building CXX object examples/socket/CMakeFiles/socket-bound-tcp-static-routing.dir/socket-bound-tcp-static-routing.cc.o
[781/952] Linking CXX executable /home/xfk/workspace/ns-3.43-fixed-prmac-baseline/build/examples/socket/ns3.43-socket-bound-tcp-static-routing-default
[782/952] Building CXX object examples/routing/CMakeFiles/manet-routing-compare.dir/manet-routing-compare.cc.o
[783/952] Building CXX object examples/socket/CMakeFiles/socket-options-ipv6.dir/socket-options-ipv6.cc.o
[784/952] Building CXX object examples/socket/CMakeFiles/socket-options-ipv4.dir/socket-options-ipv4.cc.o
[785/952] Linking CXX executable /home/xfk/workspace/ns-3.43-fixed-prmac-baseline/build/examples/socket/ns3.43-socket-options-ipv6-default
[786/952] Linking CXX executable /home/xfk/workspace/ns-3.43-fixed-prmac-baseline/build/examples/socket/ns3.43-socket-options-ipv4-default
[787/952] Linking CXX executable /home/xfk/workspace/ns-3.43-fixed-prmac-baseline/build/examples/routing/ns3.43-manet-routing-compare-default
[788/952] Building CXX object examples/tcp/CMakeFiles/tcp-large-transfer.dir/tcp-large-transfer.cc.o
[789/952] Building CXX object examples/tcp/CMakeFiles/tcp-star-server.dir/tcp-star-server.cc.o
[790/952] Linking CXX executable /home/xfk/workspace/ns-3.43-fixed-prmac-baseline/build/examples/tcp/ns3.43-tcp-star-server-default
[791/952] Linking CXX executable /home/xfk/workspace/ns-3.43-fixed-prmac-baseline/build/examples/tcp/ns3.43-tcp-large-transfer-default
[792/952] Building CXX object examples/stats/CMakeFiles/wifi-example-sim.dir/wifi-example-apps.cc.o
[793/952] Building CXX object examples/tcp/CMakeFiles/star.dir/star.cc.o
[794/952] Building CXX object examples/tcp/CMakeFiles/tcp-bulk-send.dir/tcp-bulk-send.cc.o
[795/952] Linking CXX executable /home/xfk/workspace/ns-3.43-fixed-prmac-baseline/build/examples/tcp/ns3.43-tcp-bulk-send-default
[796/952] Linking CXX executable /home/xfk/workspace/ns-3.43-fixed-prmac-baseline/build/examples/tcp/ns3.43-star-default
[797/952] Building CXX object examples/tcp/CMakeFiles/tcp-pcap-nanosec-example.dir/tcp-pcap-nanosec-example.cc.o
[798/952] Linking CXX executable /home/xfk/workspace/ns-3.43-fixed-prmac-baseline/build/examples/tcp/ns3.43-tcp-pcap-nanosec-example-default
[799/952] Building CXX object examples/tcp/CMakeFiles/tcp-bbr-example.dir/tcp-bbr-example.cc.o
[800/952] Linking CXX executable /home/xfk/workspace/ns-3.43-fixed-prmac-baseline/build/examples/tcp/ns3.43-tcp-bbr-example-default
[801/952] Building CXX object examples/tcp/CMakeFiles/tcp-pacing.dir/tcp-pacing.cc.o
[802/952] Linking CXX executable /home/xfk/workspace/ns-3.43-fixed-prmac-baseline/build/examples/tcp/ns3.43-tcp-pacing-default
[803/952] Building CXX object examples/stats/CMakeFiles/wifi-example-sim.dir/wifi-example-sim.cc.o
[804/952] Building CXX object examples/tcp/CMakeFiles/tcp-linux-reno.dir/tcp-linux-reno.cc.o
[805/952] Linking CXX executable /home/xfk/workspace/ns-3.43-fixed-prmac-baseline/build/examples/stats/ns3.43-wifi-example-sim-default
[806/952] Linking CXX executable /home/xfk/workspace/ns-3.43-fixed-prmac-baseline/build/examples/tcp/ns3.43-tcp-linux-reno-default
[807/952] Building CXX object examples/tcp/CMakeFiles/tcp-variants-comparison.dir/tcp-variants-comparison.cc.o
[808/952] Linking CXX executable /home/xfk/workspace/ns-3.43-fixed-prmac-baseline/build/examples/tcp/ns3.43-tcp-variants-comparison-default
[809/952] Building CXX object examples/traffic-control/CMakeFiles/traffic-control-example.dir/traffic-control-example.cc.o
[810/952] Linking CXX executable /home/xfk/workspace/ns-3.43-fixed-prmac-baseline/build/examples/traffic-control/ns3.43-traffic-control-example-default
[811/952] Building CXX object examples/traffic-control/CMakeFiles/red-vs-nlred.dir/red-vs-nlred.cc.o
[812/952] Building CXX object examples/traffic-control/CMakeFiles/red-vs-fengadaptive.dir/red-vs-fengadaptive.cc.o
[813/952] Linking CXX executable /home/xfk/workspace/ns-3.43-fixed-prmac-baseline/build/examples/traffic-control/ns3.43-red-vs-nlred-default
[814/952] Building CXX object examples/tutorial/CMakeFiles/hello-simulator.dir/hello-simulator.cc.o
[815/952] Linking CXX executable /home/xfk/workspace/ns-3.43-fixed-prmac-baseline/build/examples/traffic-control/ns3.43-red-vs-fengadaptive-default
[816/952] Linking CXX executable /home/xfk/workspace/ns-3.43-fixed-prmac-baseline/build/examples/tutorial/ns3.43-hello-simulator-default
[817/952] Building CXX object examples/tcp/CMakeFiles/dctcp-example.dir/dctcp-example.cc.o
[818/952] Linking CXX executable /home/xfk/workspace/ns-3.43-fixed-prmac-baseline/build/examples/tcp/ns3.43-dctcp-example-default
[819/952] Building CXX object examples/traffic-control/CMakeFiles/queue-discs-benchmark.dir/queue-discs-benchmark.cc.o
[820/952] Linking CXX executable /home/xfk/workspace/ns-3.43-fixed-prmac-baseline/build/examples/traffic-control/ns3.43-queue-discs-benchmark-default
[821/952] Building CXX object examples/tcp/CMakeFiles/tcp-validation.dir/tcp-validation.cc.o
[822/952] Linking CXX executable /home/xfk/workspace/ns-3.43-fixed-prmac-baseline/build/examples/tcp/ns3.43-tcp-validation-default
[823/952] Building CXX object examples/traffic-control/CMakeFiles/tbf-example.dir/tbf-example.cc.o
[824/952] Linking CXX executable /home/xfk/workspace/ns-3.43-fixed-prmac-baseline/build/examples/traffic-control/ns3.43-tbf-example-default
[825/952] Building CXX object examples/traffic-control/CMakeFiles/cobalt-vs-codel.dir/cobalt-vs-codel.cc.o
[826/952] Building CXX object examples/tutorial/CMakeFiles/fourth.dir/fourth.cc.o
[827/952] Linking CXX executable /home/xfk/workspace/ns-3.43-fixed-prmac-baseline/build/examples/tutorial/ns3.43-fourth-default
[828/952] Building CXX object examples/tutorial/CMakeFiles/first.dir/first.cc.o
[829/952] Linking CXX executable /home/xfk/workspace/ns-3.43-fixed-prmac-baseline/build/examples/traffic-control/ns3.43-cobalt-vs-codel-default
[830/952] Linking CXX executable /home/xfk/workspace/ns-3.43-fixed-prmac-baseline/build/examples/tutorial/ns3.43-first-default
[831/952] Building CXX object examples/tutorial/CMakeFiles/second.dir/second.cc.o
[832/952] Linking CXX executable /home/xfk/workspace/ns-3.43-fixed-prmac-baseline/build/examples/tutorial/ns3.43-second-default
[833/952] Building CXX object examples/tutorial/CMakeFiles/third.dir/third.cc.o
[834/952] Building CXX object examples/tutorial/CMakeFiles/fifth.dir/tutorial-app.cc.o
[835/952] Linking CXX executable /home/xfk/workspace/ns-3.43-fixed-prmac-baseline/build/examples/tutorial/ns3.43-third-default
[836/952] Building CXX object examples/tutorial/CMakeFiles/fifth.dir/fifth.cc.o
[837/952] Linking CXX executable /home/xfk/workspace/ns-3.43-fixed-prmac-baseline/build/examples/tutorial/ns3.43-fifth-default
[838/952] Building CXX object examples/udp/CMakeFiles/udp-echo.dir/udp-echo.cc.o
[839/952] Building CXX object examples/tutorial/CMakeFiles/sixth.dir/sixth.cc.o
[840/952] Linking CXX executable /home/xfk/workspace/ns-3.43-fixed-prmac-baseline/build/examples/udp/ns3.43-udp-echo-default
[841/952] Building CXX object examples/udp-client-server/CMakeFiles/udp-trace-client-server.dir/udp-trace-client-server.cc.o
[842/952] Building CXX object examples/tutorial/CMakeFiles/sixth.dir/tutorial-app.cc.o
[843/952] Linking CXX executable /home/xfk/workspace/ns-3.43-fixed-prmac-baseline/build/examples/udp-client-server/ns3.43-udp-trace-client-server-default
[844/952] Linking CXX executable /home/xfk/workspace/ns-3.43-fixed-prmac-baseline/build/examples/tutorial/ns3.43-sixth-default
[845/952] Building CXX object examples/tutorial/CMakeFiles/seventh.dir/tutorial-app.cc.o
[846/952] Building CXX object examples/tutorial/CMakeFiles/seventh.dir/seventh.cc.o
[847/952] Linking CXX executable /home/xfk/workspace/ns-3.43-fixed-prmac-baseline/build/examples/tutorial/ns3.43-seventh-default
[848/952] Building CXX object examples/udp-client-server/CMakeFiles/udp-client-server.dir/udp-client-server.cc.o
[849/952] Linking CXX executable /home/xfk/workspace/ns-3.43-fixed-prmac-baseline/build/examples/udp-client-server/ns3.43-udp-client-server-default
[850/952] Building CXX object examples/wireless/CMakeFiles/wifi-80211n-mimo.dir/wifi-80211n-mimo.cc.o
[851/952] Building CXX object examples/wireless/CMakeFiles/mixed-wired-wireless.dir/mixed-wired-wireless.cc.o
[852/952] Linking CXX executable /home/xfk/workspace/ns-3.43-fixed-prmac-baseline/build/examples/wireless/ns3.43-wifi-80211n-mimo-default
[853/952] Building CXX object examples/wireless/CMakeFiles/wifi-80211e-txop.dir/wifi-80211e-txop.cc.o
[854/952] Linking CXX executable /home/xfk/workspace/ns-3.43-fixed-prmac-baseline/build/examples/wireless/ns3.43-mixed-wired-wireless-default
[855/952] Building CXX object examples/wireless/CMakeFiles/wifi-adhoc.dir/wifi-adhoc.cc.o
[856/952] Linking CXX executable /home/xfk/workspace/ns-3.43-fixed-prmac-baseline/build/examples/wireless/ns3.43-wifi-80211e-txop-default
[857/952] Linking CXX executable /home/xfk/workspace/ns-3.43-fixed-prmac-baseline/build/examples/wireless/ns3.43-wifi-adhoc-default
[858/952] Building CXX object examples/wireless/CMakeFiles/wifi-dsss-validation.dir/wifi-dsss-validation.cc.o
[859/952] Building CXX object examples/wireless/CMakeFiles/wifi-blockack.dir/wifi-blockack.cc.o
[860/952] Linking CXX executable /home/xfk/workspace/ns-3.43-fixed-prmac-baseline/build/examples/wireless/ns3.43-wifi-dsss-validation-default
[861/952] Linking CXX executable /home/xfk/workspace/ns-3.43-fixed-prmac-baseline/build/examples/wireless/ns3.43-wifi-blockack-default
[862/952] Building CXX object examples/wireless/CMakeFiles/wifi-backward-compatibility.dir/wifi-backward-compatibility.cc.o
[863/952] Building CXX object examples/wireless/CMakeFiles/wifi-ap.dir/wifi-ap.cc.o
[864/952] Building CXX object examples/wireless/CMakeFiles/wifi-aggregation.dir/wifi-aggregation.cc.o
[865/952] Linking CXX executable /home/xfk/workspace/ns-3.43-fixed-prmac-baseline/build/examples/wireless/ns3.43-wifi-backward-compatibility-default
[866/952] Linking CXX executable /home/xfk/workspace/ns-3.43-fixed-prmac-baseline/build/examples/wireless/ns3.43-wifi-ap-default
[867/952] Linking CXX executable /home/xfk/workspace/ns-3.43-fixed-prmac-baseline/build/examples/wireless/ns3.43-wifi-aggregation-default
[868/952] Building CXX object examples/wireless/CMakeFiles/wifi-clear-channel-cmu.dir/wifi-clear-channel-cmu.cc.o
[869/952] Linking CXX executable /home/xfk/workspace/ns-3.43-fixed-prmac-baseline/build/examples/wireless/ns3.43-wifi-clear-channel-cmu-default
[870/952] Building CXX object examples/wireless/CMakeFiles/wifi-ofdm-ht-validation.dir/wifi-ofdm-ht-validation.cc.o
[871/952] Building CXX object examples/wireless/CMakeFiles/wifi-ofdm-he-validation.dir/wifi-ofdm-he-validation.cc.o
[872/952] Linking CXX executable /home/xfk/workspace/ns-3.43-fixed-prmac-baseline/build/examples/wireless/ns3.43-wifi-ofdm-ht-validation-default
[873/952] Building CXX object examples/wireless/CMakeFiles/wifi-ofdm-validation.dir/wifi-ofdm-validation.cc.o
[874/952] Linking CXX executable /home/xfk/workspace/ns-3.43-fixed-prmac-baseline/build/examples/wireless/ns3.43-wifi-ofdm-he-validation-default
[875/952] Building CXX object examples/wireless/CMakeFiles/wifi-hidden-terminal.dir/wifi-hidden-terminal.cc.o
[876/952] Linking CXX executable /home/xfk/workspace/ns-3.43-fixed-prmac-baseline/build/examples/wireless/ns3.43-wifi-ofdm-validation-default
[877/952] Building CXX object src/wifi/CMakeFiles/wifi-test.dir/test/wifi-mac-ofdma-test.cc.o
[878/952] Building CXX object examples/wireless/CMakeFiles/wifi-multi-tos.dir/wifi-multi-tos.cc.o
[879/952] Linking CXX executable /home/xfk/workspace/ns-3.43-fixed-prmac-baseline/build/examples/wireless/ns3.43-wifi-hidden-terminal-default
[880/952] Building CXX object examples/wireless/CMakeFiles/wifi-mixed-network.dir/wifi-mixed-network.cc.o
[881/952] Building CXX object examples/wireless/CMakeFiles/wifi-ht-network.dir/wifi-ht-network.cc.o
[882/952] Building CXX object examples/wireless/CMakeFiles/wifi-ofdm-vht-validation.dir/wifi-ofdm-vht-validation.cc.o
[883/952] Linking CXX executable /home/xfk/workspace/ns-3.43-fixed-prmac-baseline/build/examples/wireless/ns3.43-wifi-multi-tos-default
[884/952] Linking CXX executable /home/xfk/workspace/ns-3.43-fixed-prmac-baseline/build/examples/wireless/ns3.43-wifi-ht-network-default
[885/952] Linking CXX executable /home/xfk/workspace/ns-3.43-fixed-prmac-baseline/build/examples/wireless/ns3.43-wifi-mixed-network-default
[886/952] Building CXX object examples/wireless/CMakeFiles/wifi-error-models-comparison.dir/wifi-error-models-comparison.cc.o
[887/952] Linking CXX executable /home/xfk/workspace/ns-3.43-fixed-prmac-baseline/build/examples/wireless/ns3.43-wifi-ofdm-vht-validation-default
[888/952] Building CXX object examples/wireless/CMakeFiles/wifi-he-network.dir/wifi-he-network.cc.o
[889/952] Linking CXX shared library /home/xfk/workspace/ns-3.43-fixed-prmac-baseline/build/lib/libns3.43-wifi-test-default.so
[890/952] Linking CXX executable /home/xfk/workspace/ns-3.43-fixed-prmac-baseline/build/examples/wireless/ns3.43-wifi-error-models-comparison-default
[891/952] Linking CXX executable /home/xfk/workspace/ns-3.43-fixed-prmac-baseline/build/examples/wireless/ns3.43-wifi-he-network-default
[892/952] Building CXX object examples/wireless/CMakeFiles/wifi-multirate.dir/wifi-multirate.cc.o
[893/952] Linking CXX executable /home/xfk/workspace/ns-3.43-fixed-prmac-baseline/build/examples/wireless/ns3.43-wifi-multirate-default
[894/952] Building CXX object examples/wireless/CMakeFiles/wifi-rate-adaptation-distance.dir/wifi-rate-adaptation-distance.cc.o
[895/952] Building CXX object examples/wireless/CMakeFiles/wifi-simple-ht-hidden-stations.dir/wifi-simple-ht-hidden-stations.cc.o
[896/952] Building CXX object examples/wireless/CMakeFiles/wifi-simple-adhoc-grid.dir/wifi-simple-adhoc-grid.cc.o
[897/952] Building CXX object examples/wireless/CMakeFiles/wifi-simple-interference.dir/wifi-simple-interference.cc.o
[898/952] Linking CXX executable /home/xfk/workspace/ns-3.43-fixed-prmac-baseline/build/examples/wireless/ns3.43-wifi-rate-adaptation-distance-default
[899/952] Linking CXX executable /home/xfk/workspace/ns-3.43-fixed-prmac-baseline/build/examples/wireless/ns3.43-wifi-simple-ht-hidden-stations-default
[900/952] Linking CXX executable /home/xfk/workspace/ns-3.43-fixed-prmac-baseline/build/examples/wireless/ns3.43-wifi-simple-adhoc-grid-default
[901/952] Building CXX object examples/wireless/CMakeFiles/wifi-simple-infra.dir/wifi-simple-infra.cc.o
[902/952] Linking CXX executable /home/xfk/workspace/ns-3.43-fixed-prmac-baseline/build/examples/wireless/ns3.43-wifi-simple-interference-default
[903/952] Building CXX object examples/wireless/CMakeFiles/wifi-simple-adhoc.dir/wifi-simple-adhoc.cc.o
[904/952] Linking CXX executable /home/xfk/workspace/ns-3.43-fixed-prmac-baseline/build/examples/wireless/ns3.43-wifi-simple-infra-default
[905/952] Linking CXX executable /home/xfk/workspace/ns-3.43-fixed-prmac-baseline/build/examples/wireless/ns3.43-wifi-simple-adhoc-default
[906/952] Building CXX object examples/wireless/CMakeFiles/wifi-sleep.dir/wifi-sleep.cc.o
[907/952] Building CXX object examples/wireless/CMakeFiles/wifi-power-adaptation-distance.dir/wifi-power-adaptation-distance.cc.o
[908/952] Linking CXX executable /home/xfk/workspace/ns-3.43-fixed-prmac-baseline/build/examples/wireless/ns3.43-wifi-sleep-default
[909/952] Linking CXX executable /home/xfk/workspace/ns-3.43-fixed-prmac-baseline/build/examples/wireless/ns3.43-wifi-power-adaptation-distance-default
[910/952] Building CXX object examples/wireless/CMakeFiles/wifi-power-adaptation-interference.dir/wifi-power-adaptation-interference.cc.o
[911/952] Linking CXX executable /home/xfk/workspace/ns-3.43-fixed-prmac-baseline/build/examples/wireless/ns3.43-wifi-power-adaptation-interference-default
[912/952] Building CXX object examples/wireless/CMakeFiles/wifi-timing-attributes.dir/wifi-timing-attributes.cc.o
[913/952] Building CXX object examples/wireless/CMakeFiles/wifi-spatial-reuse.dir/wifi-spatial-reuse.cc.o
[914/952] Building CXX object examples/wireless/CMakeFiles/wifi-spectrum-per-example.dir/wifi-spectrum-per-example.cc.o
[915/952] Linking CXX executable /home/xfk/workspace/ns-3.43-fixed-prmac-baseline/build/examples/wireless/ns3.43-wifi-timing-attributes-default
[916/952] Building CXX object examples/wireless/CMakeFiles/wifi-tcp.dir/wifi-tcp.cc.o
[917/952] Linking CXX executable /home/xfk/workspace/ns-3.43-fixed-prmac-baseline/build/examples/wireless/ns3.43-wifi-spatial-reuse-default
[918/952] Linking CXX executable /home/xfk/workspace/ns-3.43-fixed-prmac-baseline/build/examples/wireless/ns3.43-wifi-spectrum-per-example-default
[919/952] Building CXX object examples/wireless/CMakeFiles/wifi-ofdm-eht-validation.dir/wifi-ofdm-eht-validation.cc.o
[920/952] Linking CXX executable /home/xfk/workspace/ns-3.43-fixed-prmac-baseline/build/examples/wireless/ns3.43-wifi-tcp-default
[921/952] Building CXX object scratch/CMakeFiles/scratch_subdir_scratch-subdir.dir/subdir/scratch-subdir-additional-header.cc.o
[922/952] Linking CXX executable /home/xfk/workspace/ns-3.43-fixed-prmac-baseline/build/examples/wireless/ns3.43-wifi-ofdm-eht-validation-default
[923/952] Building CXX object scratch/nested-subdir/CMakeFiles/scratch-nested-subdir-lib.dir/lib/scratch-nested-subdir-library-source.cc.o
[924/952] Building CXX object examples/wireless/CMakeFiles/wifi-spectrum-saturation-example.dir/wifi-spectrum-saturation-example.cc.o
[925/952] Building CXX object utils/CMakeFiles/test-runner.dir/test-runner.cc.o
[926/952] Building CXX object scratch/CMakeFiles/scratch_scratch-simulator.dir/scratch-simulator.cc.o
[927/952] Building CXX object examples/wireless/CMakeFiles/wifi-vht-network.dir/wifi-vht-network.cc.o
[928/952] Linking CXX executable /home/xfk/workspace/ns-3.43-fixed-prmac-baseline/build/examples/wireless/ns3.43-wifi-spectrum-saturation-example-default
[929/952] Building CXX object examples/wireless/CMakeFiles/wifi-spectrum-per-interference.dir/wifi-spectrum-per-interference.cc.o
[930/952] Building CXX object examples/wireless/CMakeFiles/wifi-wired-bridging.dir/wifi-wired-bridging.cc.o
[931/952] Building CXX object scratch/CMakeFiles/scratch_subdir_scratch-subdir.dir/subdir/scratch-subdir.cc.o
[932/952] Linking CXX executable /home/xfk/workspace/ns-3.43-fixed-prmac-baseline/build/examples/wireless/ns3.43-wifi-vht-network-default
[933/952] Building CXX object scratch/nested-subdir/CMakeFiles/scratch_nested-subdir_scratch-nested-subdir-executable.dir/scratch-nested-subdir-executable.cc.o
[934/952] Linking CXX executable /home/xfk/workspace/ns-3.43-fixed-prmac-baseline/build/examples/wireless/ns3.43-wifi-wired-bridging-default
[935/952] Linking CXX executable /home/xfk/workspace/ns-3.43-fixed-prmac-baseline/build/examples/wireless/ns3.43-wifi-spectrum-per-interference-default
[936/952] Linking CXX executable /home/xfk/workspace/ns-3.43-fixed-prmac-baseline/build/scratch/ns3.43-scratch-simulator-default
[937/952] Linking CXX executable /home/xfk/workspace/ns-3.43-fixed-prmac-baseline/build/scratch/subdir/ns3.43-scratch-subdir-default
[938/952] Building CXX object examples/wireless/CMakeFiles/wifi-txop-aggregation.dir/wifi-txop-aggregation.cc.o
[939/952] Linking CXX executable /home/xfk/workspace/ns-3.43-fixed-prmac-baseline/build/examples/wireless/ns3.43-wifi-txop-aggregation-default
[940/952] Linking CXX static library /home/xfk/workspace/ns-3.43-fixed-prmac-baseline/build/lib/libscratch-nested-subdir-lib.a
[941/952] Building CXX object utils/CMakeFiles/bench-packets.dir/bench-packets.cc.o
[942/952] Linking CXX executable /home/xfk/workspace/ns-3.43-fixed-prmac-baseline/build/scratch/nested-subdir/ns3.43-scratch-nested-subdir-executable-default
[943/952] Linking CXX executable /home/xfk/workspace/ns-3.43-fixed-prmac-baseline/build/utils/ns3.43-bench-packets-default
[944/952] Building CXX object utils/CMakeFiles/bench-scheduler.dir/bench-scheduler.cc.o
[945/952] Linking CXX executable /home/xfk/workspace/ns-3.43-fixed-prmac-baseline/build/utils/ns3.43-bench-scheduler-default
[946/952] Building CXX object examples/wireless/CMakeFiles/wifi-eht-network.dir/wifi-eht-network.cc.o
[947/952] Building CXX object utils/CMakeFiles/perf-io.dir/perf/perf-io.cc.o
[948/952] Linking CXX executable /home/xfk/workspace/ns-3.43-fixed-prmac-baseline/build/utils/perf/ns3.43-perf-io-default
[949/952] Linking CXX executable /home/xfk/workspace/ns-3.43-fixed-prmac-baseline/build/examples/wireless/ns3.43-wifi-eht-network-default
[950/952] Linking CXX executable /home/xfk/workspace/ns-3.43-fixed-prmac-baseline/build/utils/ns3.43-test-runner-default
[951/952] Building CXX object utils/CMakeFiles/print-introspected-doxygen.dir/print-introspected-doxygen.cc.o
[952/952] Linking CXX executable /home/xfk/workspace/ns-3.43-fixed-prmac-baseline/build/utils/ns3.43-print-introspected-doxygen-default
Finished executing the following commands:
/usr/bin/cmake --build /home/xfk/workspace/ns-3.43-fixed-prmac-baseline/cmake-cache -j 11
Limiting to 8 worker processes
[0/768] PASS: TestSuite cosine-antenna-model
[1/768] PASS: TestSuite isotropic-antenna-model
[2/768] PASS: TestSuite angles
[3/768] PASS: TestSuite aodv-routing-id-cache
[4/768] PASS: TestSuite degrees-radians
[5/768] PASS: TestSuite uniform-planar-array-test
[6/768] PASS: TestSuite parabolic-antenna-model
[7/768] PASS: TestSuite circular-aperture-antenna-test
[8/768] PASS: TestSuite routing-aodv
[9/768] PASS: TestSuite routing-aodv-loopback
[10/768] PASS: TestSuite applications-udp-client-server
[11/768] PASS: TestSuite buildings-helper
[12/768] PASS: TestSuite applications-bulk-send
[13/768] PASS: TestSuite buildings-channel-condition-model
[14/768] PASS: TestSuite routing-aodv-regression
[15/768] PASS: TestSuite applications-three-gpp-http-client-server
[16/768] PASS: TestSuite buildings-pathloss-test
[17/768] PASS: TestSuite buildings-penetration-losses
[18/768] PASS: TestSuite building-position-allocator
[19/768] PASS: TestSuite buildings-shadowing-test
[20/768] PASS: TestSuite outdoor-random-walk-model
[21/768] PASS: TestSuite core-example-simulator
[22/768] PASS: TestSuite examples-as-tests-test-suite
[23/768] PASS: TestSuite attribute-container-test-suite
[24/768] PASS: TestSuite attributes
[25/768] PASS: TestSuite build-profile
[26/768] PASS: TestSuite callback
[27/768] PASS: TestSuite command-line
[28/768] PASS: TestSuite config
[29/768] PASS: TestSuite environment-variables
[30/768] PASS: TestSuite global-value
[31/768] PASS: TestSuite event-garbage-collector
[32/768] PASS: TestSuite hash
[33/768] PASS: TestSuite int64x64
[34/768] PASS: TestSuite length
[35/768] PASS: TestSuite object-name-service
[36/768] PASS: TestSuite three-gpp-v2v-channel-condition-model
[37/768] PASS: TestSuite object
[38/768] PASS: TestSuite ptr
[39/768] PASS: TestSuite pair-value-test-suite
[40/768] PASS: TestSuite simulator
[41/768] PASS: TestSuite sample
[42/768] PASS: TestSuite split-string
[43/768] PASS: TestSuite time
[44/768] PASS: TestSuite timer
[45/768] PASS: TestSuite trickle-timer
[46/768] PASS: TestSuite traced-callback
[47/768] PASS: TestSuite tuple-value-test-suite
[48/768] PASS: TestSuite type-id
[49/768] PASS: TestSuite type-traits
[50/768] PASS: TestSuite watchdog
[51/768] PASS: TestSuite val-array-test
[52/768] PASS: TestSuite matrix-array-test
[53/768] PASS: TestSuite routing-dsdv
[54/768] PASS: TestSuite routing-dsr
[55/768] PASS: TestSuite basic-energy-harvester
[56/768] PASS: TestSuite li-ion-energy-source
[57/768] PASS: TestSuite global-route-manager-impl
[58/768] PASS: TestSuite icmp
[59/768] PASS: TestSuite ipv4-address-generator
[60/768] PASS: TestSuite internet-stack-helper
[61/768] PASS: TestSuite ipv4-address-helper
[62/768] PASS: TestSuite ipv4-deduplication
[63/768] PASS: TestSuite ipv4-forwarding
[64/768] PASS: TestSuite ipv4-fragmentation
[65/768] PASS: TestSuite ipv4-global-routing
[66/768] PASS: TestSuite ipv4-header
[67/768] PASS: TestSuite ipv4-list-routing
[68/768] PASS: TestSuite ipv4-packet-info-tag
[69/768] PASS: TestSuite ipv4-raw
[70/768] PASS: TestSuite ipv4-rip
[71/768] PASS: TestSuite threaded-simulator
[72/768] PASS: TestSuite ipv4-static-routing
[73/768] PASS: TestSuite ipv4-protocol
[74/768] PASS: TestSuite ipv6-address-generator
[75/768] PASS: TestSuite ipv6-duplicate-address-detection
[76/768] PASS: TestSuite ipv6-address-helper
[77/768] PASS: TestSuite ipv6-dual-stack
[78/768] PASS: TestSuite ipv6-extension-header
[79/768] PASS: TestSuite ipv6-forwarding
[80/768] PASS: TestSuite ipv6-fragmentation
[81/768] PASS: TestSuite ipv6-list-routing
[82/768] PASS: TestSuite ipv6-packet-info-tag
[83/768] PASS: TestSuite ipv6-raw
[84/768] PASS: TestSuite ipv6-ripng
[85/768] PASS: TestSuite ipv6-protocol
[86/768] PASS: TestSuite neighbor-cache
[87/768] PASS: TestSuite rtt-estimator
[88/768] PASS: TestSuite tcp-advertised-window-test
[89/768] PASS: TestSuite tcp-bbr-test
[90/768] PASS: TestSuite tcp-bic-test
[91/768] PASS: TestSuite tcp-bytes-in-flight-test
[92/768] PASS: TestSuite tcp-classic-recovery-test
[93/768] PASS: TestSuite tcp-close
[94/768] PASS: TestSuite tcp-cong-avoid-test
[95/768] PASS: TestSuite tcp-datasentcb
[96/768] PASS: TestSuite tcp-dctcp-test
[97/768] PASS: TestSuite tcp-ecn-test
[98/768] PASS: TestSuite tcp-endpoint-bug2211-test
[99/768] PASS: TestSuite tcp-fast-retr-test
[100/768] PASS: TestSuite tcp-header
[101/768] PASS: TestSuite tcp-htcp-test
[102/768] PASS: TestSuite tcp-highspeed-test
[103/768] PASS: TestSuite tcp-hybla-test
[104/768] PASS: TestSuite tcp-illinois-test
[105/768] PASS: TestSuite tcp-ledbat-test
[106/768] PASS: TestSuite tcp-linux-reno-test
[107/768] PASS: TestSuite tcp-loss-test
[108/768] PASS: TestSuite tcp-lp-test
[109/768] PASS: TestSuite tcp-option
[110/768] PASS: TestSuite tcp-pacing-test
[111/768] PASS: TestSuite tcp-pkts-acked-test
[112/768] PASS: TestSuite tcp-prr-recovery-test
[113/768] PASS: TestSuite tcp-rate-ops
[114/768] PASS: TestSuite tcp-rto-test
[115/768] PASS: TestSuite tcp-rtt-estimation-test
[116/768] PASS: TestSuite tcp-rx-buffer
[117/768] PASS: TestSuite tcp-sack-permitted
[118/768] PASS: TestSuite tcp-scalable-test
[119/768] PASS: TestSuite tcp-slow-start-test
[120/768] PASS: TestSuite tcp-syn-connection-failed-test
[121/768] PASS: TestSuite tcp-tx-buffer
[122/768] PASS: TestSuite tcp-timestamp
[123/768] PASS: TestSuite tcp
[124/768] PASS: TestSuite tcp-vegas-test
[125/768] PASS: TestSuite tcp-veno-test
[126/768] PASS: TestSuite tcp-wscaling
[127/768] PASS: TestSuite tcp-yeah-test
[128/768] PASS: TestSuite tcp-zero-window-test
[129/768] PASS: TestSuite dhcp
[130/768] PASS: TestSuite udp
[131/768] PASS: TestSuite radvd
[132/768] PASS: TestSuite ping
[133/768] PASS: TestSuite lr-wpan-ack
[134/768] PASS: TestSuite lr-wpan-cca-test
[135/768] PASS: TestSuite lr-wpan-collision
[136/768] PASS: TestSuite lr-wpan-energy-detection
[137/768] PASS: TestSuite lr-wpan-packet
[138/768] PASS: TestSuite lr-wpan-error-model
[139/768] PASS: TestSuite lr-wpan-plme-pd-sap
[140/768] PASS: TestSuite lr-wpan-spectrum-value-helper
[141/768] PASS: TestSuite lr-wpan-ifs-test
[142/768] PASS: TestSuite lr-wpan-slotted-csmaca
[143/768] PASS: TestSuite lr-wpan-mac-test
[144/768] PASS: TestSuite epc-gtpu
[145/768] PASS: TestSuite epc-s1u-downlink
[146/768] PASS: TestSuite epc-s1u-uplink
[147/768] PASS: TestSuite lte-cell-selection
[148/768] PASS: TestSuite lte-carrier-aggregation-configuration
[149/768] PASS: TestSuite lte-downlink-power-control
[150/768] PASS: TestSuite lte-cqa-ff-mac-scheduler
[151/768] PASS: TestSuite lte-downlink-sinr
[152/768] PASS: TestSuite lte-earfcn
[153/768] PASS: TestSuite lte-aggregation-throughput-scale
[154/768] PASS: TestSuite lte-cqi-generation
[155/768] PASS: TestSuite lte-carrier-aggregation
[156/768] PASS: TestSuite lte-test-deactivate-bearer
[157/768] PASS: TestSuite lte-fdmt-ff-mac-scheduler
[158/768] PASS: TestSuite lte-fdbet-ff-mac-scheduler
[159/768] PASS: TestSuite lte-fdtbfq-ff-mac-scheduler
[160/768] PASS: TestSuite lte-harq
[161/768] PASS: TestSuite lte-interference
[162/768] PASS: TestSuite lte-interference-fr
[163/768] PASS: TestSuite lte-link-adaptation
[164/768] PASS: TestSuite lte-mimo
[165/768] PASS: TestSuite lte-ipv6-routing-test
[166/768] PASS: TestSuite lte-pathloss-model
[167/768] PASS: TestSuite lte-pf-ff-mac-scheduler
[168/768] PASS: TestSuite lte-phy-error-model
[169/768] PASS: TestSuite lte-rlc-am-e2e
[170/768] PASS: TestSuite lte-rlc-am-transmitter
[171/768] PASS: TestSuite lte-rlc-um-e2e
[172/768] PASS: TestSuite lte-rlc-um-transmitter
[173/768] PASS: TestSuite lte-pss-ff-mac-scheduler
[174/768] PASS: TestSuite lte-radio-link-failure
[175/768] PASS: TestSuite lte-rr-ff-mac-scheduler
[176/768] PASS: TestSuite lte-primary-cell-change
[177/768] PASS: TestSuite lte-secondary-cell-handover
[178/768] PASS: TestSuite lte-spectrum-value-helper
[179/768] PASS: TestSuite lte-tdbet-ff-mac-scheduler
[180/768] PASS: TestSuite lte-tdmt-ff-mac-scheduler
[181/768] PASS: TestSuite lte-tta-ff-mac-scheduler
[182/768] PASS: TestSuite lte-ue-measurements
[183/768] PASS: TestSuite lte-secondary-cell-selection
[184/768] PASS: TestSuite lte-tdtbfq-ff-mac-scheduler
[185/768] PASS: TestSuite lte-ue-measurements-piecewise-1
[186/768] PASS: TestSuite lte-ue-measurements-piecewise-3
[187/768] PASS: TestSuite lte-ue-measurements-piecewise-2
[188/768] PASS: TestSuite lte-uplink-sinr
[189/768] PASS: TestSuite lte-uplink-power-control
[190/768] PASS: TestSuite lte-ue-measurements-handover
[191/768] PASS: TestSuite test-asn1-encoding
[192/768] PASS: TestSuite eps-tft-classifier
[193/768] PASS: TestSuite lte-antenna
[194/768] PASS: TestSuite lte-epc-e2e-data
[195/768] PASS: TestSuite lte-handover-failure
[196/768] PASS: TestSuite lte-handover-target
[197/768] PASS: TestSuite lte-frequency-reuse
[198/768] PASS: TestSuite lte-rlc-header
[199/768] PASS: TestSuite lte-rrc
[200/768] PASS: TestSuite lte-handover-delay
[201/768] PASS: TestSuite devices-mesh-dot11s
[202/768] PASS: TestSuite devices-mesh-flame
[203/768] PASS: TestSuite devices-mesh-flame-regression
[204/768] PASS: TestSuite devices-mesh-dot11s-regression
[205/768] PASS: TestSuite lte-x2-handover
[206/768] PASS: TestSuite devices-mesh
[207/768] PASS: TestSuite box-line-intersection
[208/768] PASS: TestSuite lte-x2-handover-measures
[209/768] PASS: TestSuite geographic-topocentric-test
[210/768] PASS: TestSuite mobility
[211/768] PASS: TestSuite mobility-trace
[212/768] PASS: TestSuite mobility-ns2-trace-helper
[213/768] PASS: TestSuite geo-to-cartesian
[214/768] PASS: TestSuite rand-cart-around-geo
[215/768] PASS: TestSuite rectangle-closest-border
[216/768] PASS: TestSuite waypoint-mobility-model
[217/768] PASS: TestSuite animation-interface
[218/768] PASS: TestSuite bit-serializer
[219/768] PASS: TestSuite steady-state-rwp-mobility-model
[220/768] PASS: TestSuite buffer
[221/768] PASS: TestSuite drop-tail-queue
[222/768] PASS: TestSuite error-model
[223/768] PASS: TestSuite ipv6-address
[224/768] PASS: TestSuite lollipop-counter
[225/768] PASS: TestSuite packet-metadata
[226/768] PASS: TestSuite packet-socket-apps
[227/768] PASS: TestSuite packetbb-test-suite
[228/768] PASS: TestSuite pcap-file
[229/768] PASS: TestSuite sequence-number
[230/768] PASS: TestSuite data-rate
[231/768] PASS: TestSuite nix-vector-routing
[232/768] PASS: TestSuite routing-olsr-regression
[233/768] PASS: TestSuite routing-olsr-header
[234/768] PASS: TestSuite routing-olsr
[235/768] PASS: TestSuite devices-point-to-point
[236/768] PASS: TestSuite itu-r-1411-los
[237/768] PASS: TestSuite itu-r-1411-nlos-over-rooftop
[238/768] PASS: TestSuite kun-2600-mhz
[239/768] PASS: TestSuite okumura-hata
[240/768] PASS: TestSuite propagation-loss-model
[241/768] PASS: TestSuite packet
[242/768] PASS: TestSuite three-gpp-propagation-loss-model
[243/768] PASS: TestSuite three-gpp-ntn-propagation-loss-model
[244/768] PASS: TestSuite sixlowpan-fragmentation
[245/768] PASS: TestSuite sixlowpan-hc1
[246/768] PASS: TestSuite sixlowpan-iphc-stateful
[247/768] PASS: TestSuite sixlowpan-example-ping-lr-wpan
[248/768] PASS: TestSuite sixlowpan-iphc
[249/768] PASS: TestSuite spectrum-ideal-phy
[250/768] PASS: TestSuite spectrum-interference
[251/768] PASS: TestSuite spectrum-value
[252/768] PASS: TestSuite spectrum-converter
[253/768] PASS: TestSuite probabilistic-v2v-channel-condition-model
[254/768] PASS: TestSuite waveform-generator
[255/768] PASS: TestSuite propagation-channel-condition-model
[256/768] PASS: TestSuite tv-helper-distribution
[257/768] PASS: TestSuite average
[258/768] PASS: TestSuite two-ray-splm-suite
[259/768] PASS: TestSuite basic-data-calculators
[260/768] PASS: TestSuite histogram
[261/768] PASS: TestSuite double-probe
[262/768] PASS: TestSuite rocketfuel-topology-reader
[263/768] PASS: TestSuite adaptive-red-queue-disc
[264/768] PASS: TestSuite cobalt-queue-disc
[265/768] PASS: TestSuite tv-spectrum-transmitter
[266/768] PASS: TestSuite codel-queue-disc
[267/768] PASS: TestSuite fifo-queue-disc
[268/768] PASS: TestSuite pie-queue-disc
[269/768] PASS: TestSuite three-gpp-channel
[270/768] PASS: TestSuite prio-queue-disc
[271/768] PASS: TestSuite queue-disc-traces
[272/768] PASS: TestSuite red-queue-disc
[273/768] PASS: TestSuite tbf-queue-disc
[274/768] PASS: TestSuite tc-flow-control
[275/768] PASS: TestSuite uan-energy-model
[276/768] PASS: TestSuite devices-uan
[277/768] PASS: TestSuite wifi-block-ack
[278/768] PASS: TestSuite wifi-devices-dcf
[279/768] PASS: TestSuite wifi-devices-edca
[280/768] PASS: TestSuite wifi-channel-access-manager
[281/768] PASS: TestSuite wifi-power-rate-adaptation
[282/768] PASS: TestSuite wifi-power-save
[283/768] PASS: TestSuite wifi-inter-bss
[284/768] PASS: TestSuite wifi-devices-tx-duration
[285/768] PASS: TestSuite wifi-aggregation
[286/768] PASS: TestSuite wifi-spectrum-phy
[287/768] PASS: TestSuite wifi-eht-info-elems
[288/768] PASS: TestSuite wifi-dynamic-bw-op
[289/768] PASS: TestSuite wifi-error-rate-models
[290/768] PASS: TestSuite wifi-fils-frame
[291/768] PASS: TestSuite wifi-he-info-elems
[292/768] PASS: TestSuite wifi-ie-fragment
[293/768] PASS: TestSuite wifi-mac-queue
[294/768] PASS: TestSuite wifi-phy-reception
[295/768] PASS: TestSuite wifi-phy-rx-trace-helper
[296/768] PASS: TestSuite wifi-phy-thresholds
[297/768] PASS: TestSuite wifi-phy-ofdma
[298/768] PASS: TestSuite wifi-emlsr
[299/768] PASS: TestSuite wifi-ru-allocation
[300/768] PASS: TestSuite wifi-channel-switching
[301/768] PASS: TestSuite wifi-devices
[302/768] PASS: TestSuite wifi-transmit-mask
[303/768] PASS: TestSuite wifi-mac-ofdma
[304/768] PASS: TestSuite wifi-txop
[305/768] PASS: TestSuite wifi-primary-channels
[306/768] PASS: TestSuite wifi-phy-cca
[307/768] PASS: TestSuite wifi-operating-channel
[308/768] PASS: TestSuite wifi-non-ht-dup
[309/768] PASS: TestSuite wimax-mac-messages
[310/768] PASS: TestSuite wimax-phy-layer
[311/768] PASS: TestSuite wimax-qos
[312/768] PASS: TestSuite wifi-phy-mu-mimo
[313/768] PASS: TestSuite wimax-ss-mac-layer
[314/768] PASS: TestSuite wimax-fragmentation
[315/768] PASS: TestSuite wimax-service-flow
[316/768] PASS: TestSuite wimax-tlv
[317/768] PASS: TestSuite ns3-tcp-loss
[318/768] PASS: TestSuite ns3-tcp-no-delay
[319/768] PASS: TestSuite ns3-tcp-socket
[320/768] PASS: TestSuite ns3-tcp-state
[321/768] PASS: TestSuite csma-system
[322/768] PASS: TestSuite traced-callback-typedef
[323/768] PASS: TestSuite traced-value-callback
[324/768] PASS: TestSuite fq-cobalt-queue-disc
[325/768] PASS: TestSuite fq-codel-queue-disc
[326/768] PASS: TestSuite fq-pie-queue-disc
[327/768] PASS: TestSuite pfifo-fast-queue-disc
[328/768] PASS: TestSuite wifi-ac-mapping
[329/768] PASS: TestSuite wifi-msdu-aggregator
[330/768] PASS: TestSuite wifi-issue-211
[331/768] PASS: Example examples/wireless/wifi-multirate --totalTime=0.3s --rateManager=ns3::AarfcdWifiManager
[332/768] PASS: Example examples/wireless/wifi-multirate --totalTime=0.3s --rateManager=ns3::AmrrWifiManager
[333/768] PASS: Example examples/wireless/mixed-wired-wireless
[334/768] PASS: Example examples/wireless/wifi-multirate --totalTime=0.3s --rateManager=ns3::OnoeWifiManager
[335/768] PASS: TestSuite wifi-mlo
[336/768] PASS: Example examples/wireless/wifi-multirate --totalTime=0.3s --rateManager=ns3::CaraWifiManager
[337/768] PASS: Example examples/wireless/wifi-multirate --totalTime=0.3s --rateManager=ns3::IdealWifiManager
[338/768] PASS: Example examples/wireless/wifi-multirate --totalTime=0.3s --rateManager=ns3::MinstrelWifiManager
[339/768] PASS: Example examples/wireless/wifi-simple-adhoc
[340/768] PASS: Example examples/wireless/wifi-multirate --totalTime=0.3s --rateManager=ns3::RraaWifiManager
[341/768] PASS: Example examples/wireless/wifi-simple-infra
[342/768] PASS: Example examples/wireless/wifi-simple-adhoc-grid
[343/768] PASS: Example examples/wireless/wifi-simple-interference
[344/768] PASS: Example examples/wireless/wifi-blockack
[345/768] PASS: Example examples/wireless/wifi-timing-attributes --simulationTime=1s
[346/768] PASS: Example examples/wireless/wifi-wired-bridging
[347/768] PASS: Example examples/wireless/wifi-ap --verbose=0
[348/768] PASS: Example examples/wireless/wifi-sleep
[349/768] PASS: Example examples/wireless/wifi-rate-adaptation-distance --standard=802.11a --staManager=ns3::MinstrelWifiManager --apManager=ns3::MinstrelWifiManager --outputFileName=minstrel --stepsSize=50 --stepsTime=0.1
[350/768] PASS: Example examples/wireless/wifi-rate-adaptation-distance --standard=802.11a --staManager=ns3::MinstrelWifiManager --apManager=ns3::MinstrelWifiManager --outputFileName=minstrel --stepsSize=50 --stepsTime=0.1 --STA1_x=-200
[351/768] PASS: Example examples/wireless/wifi-rate-adaptation-distance --staManager=ns3::MinstrelHtWifiManager --apManager=ns3::MinstrelHtWifiManager --outputFileName=minstrelHt --shortGuardInterval=true --channelWidth=40 --stepsSize=50 --stepsTime=0.1
[352/768] PASS: Example examples/wireless/wifi-dsss-validation
[353/768] PASS: Example examples/wireless/wifi-ofdm-validation
[354/768] PASS: Example examples/wireless/wifi-ofdm-ht-validation
[355/768] PASS: Example examples/wireless/wifi-ofdm-he-validation
[356/768] PASS: Example examples/wireless/wifi-error-models-comparison
[357/768] PASS: Example examples/wireless/wifi-power-adaptation-distance --manager=ns3::ParfWifiManager --outputFileName=parf --steps=5 --stepsSize=10
[358/768] PASS: Example examples/wireless/wifi-power-adaptation-distance --manager=ns3::AparfWifiManager --outputFileName=aparf --steps=5 --stepsSize=10
[359/768] PASS: Example examples/wireless/wifi-power-adaptation-distance --manager=ns3::RrpaaWifiManager --outputFileName=rrpaa --steps=5 --stepsSize=10
[360/768] PASS: Example examples/wireless/wifi-ofdm-vht-validation
[361/768] PASS: Example examples/wireless/wifi-ht-network --simulationTime=0.2s --frequency=5 --useRts=0 --minExpectedThroughput=5 --maxExpectedThroughput=135
[362/768] PASS: Example examples/wireless/wifi-ht-network --simulationTime=0.2s --frequency=2.4 --useRts=0 --minExpectedThroughput=5 --maxExpectedThroughput=132
[363/768] PASS: Example examples/wireless/wifi-ht-network --simulationTime=0.2s --frequency=5 --useRts=1 --minExpectedThroughput=5 --maxExpectedThroughput=132
[364/768] PASS: Example examples/wireless/wifi-ht-network --simulationTime=0.2s --frequency=2.4 --useRts=1 --minExpectedThroughput=5 --maxExpectedThroughput=129
[365/768] PASS: Example examples/wireless/wifi-power-adaptation-interference --simuTime=5
[366/768] PASS: Example examples/wireless/wifi-80211n-mimo --simulationTime=0.1s --step=10
[367/768] PASS: Example examples/wireless/wifi-vht-network --simulationTime=0.2s --useRts=0 --minExpectedThroughput=5 --maxExpectedThroughput=620
[368/768] PASS: Example examples/wireless/wifi-vht-network --simulationTime=0.2s --useRts=1 --minExpectedThroughput=5 --maxExpectedThroughput=557
[369/768] PASS: Example examples/wireless/wifi-vht-network --simulationTime=0.2s --useRts=0 --use80Plus80=1 --minExpectedThroughput=5 --maxExpectedThroughput=620
[370/768] PASS: Example examples/wireless/wifi-he-network --simulationTime=0.25s --frequency=2.4 --useRts=0 --minExpectedThroughput=6 --maxExpectedThroughput=238
[371/768] PASS: Example examples/wireless/wifi-he-network --simulationTime=0.3s --frequency=2.4 --useRts=1 --minExpectedThroughput=6 --maxExpectedThroughput=223
[372/768] PASS: Example examples/wireless/wifi-he-network --simulationTime=0.3s --frequency=2.4 --udp=0 --downlink=1 --useRts=1 --nStations=5 --dlAckType=MU-BAR --enableUlOfdma=1 --enableBsrp=1 --mcs=5 --minExpectedThroughput=21 --maxExpectedThroughput=56
[373/768] PASS: Example examples/wireless/wifi-he-network --simulationTime=0.3s --udp=0 --downlink=1 --useRts=0 --nStations=4 --dlAckType=ACK-SU-FORMAT --enableUlOfdma=1 --enableBsrp=0 --mcs=4 --minExpectedThroughput=20 --maxExpectedThroughput=212
[374/768] PASS: Example examples/wireless/wifi-he-network --simulationTime=0.3s --udp=1 --downlink=0 --useRts=1 --nStations=5 --dlAckType=AGGR-MU-BAR --enableUlOfdma=1 --enableBsrp=1 --mcs=5 --muSchedAccessReqInterval=50ms --minExpectedThroughput=46 --maxExpectedThroughput=327
[375/768] PASS: Example examples/wireless/wifi-he-network --simulationTime=0.3s --udp=0 --downlink=1 --useRts=0 --nStations=5 --dlAckType=AGGR-MU-BAR --enableUlOfdma=1 --enableBsrp=0 --mcs=6 --muSchedAccessReqInterval=50ms --minExpectedThroughput=31 --maxExpectedThroughput=290
[376/768] PASS: Example examples/wireless/wifi-he-network --simulationTime=0.25s --frequency=5 --useRts=0 --minExpectedThroughput=6 --maxExpectedThroughput=844
[377/768] PASS: TestSuite ns3-tcp-cubic
[378/768] PASS: Example examples/wireless/wifi-he-network --simulationTime=0.3s --frequency=5 --useRts=0 --useExtendedBlockAck=1 --minExpectedThroughput=6 --maxExpectedThroughput=1033
[379/768] PASS: Example examples/wireless/wifi-he-network --simulationTime=0.3s --frequency=5 --useRts=1 --minExpectedThroughput=6 --maxExpectedThroughput=745
[380/768] PASS: Example examples/wireless/wifi-eht-network --simulationTime=0.1s --frequency=5 --useRts=0 --minExpectedThroughput=6 --maxExpectedThroughput=760
[381/768] PASS: Example examples/wireless/wifi-eht-network --simulationTime=0.1s --frequency=2.4 --useRts=1 --minExpectedThroughput=5 --maxExpectedThroughput=240
[382/768] PASS: Example examples/wireless/wifi-eht-network --simulationTime=0.1s --frequency=2.4 --useRts=0 --mpduBufferSize=512 --frequency2=5 --minExpectedThroughput=7 --maxExpectedThroughput=512
[383/768] PASS: Example examples/wireless/wifi-eht-network --simulationTime=0.25s --frequency=2.4 --udp=0 --downlink=1 --useRts=0 --nStations=5 --dlAckType=MU-BAR --enableUlOfdma=1 --enableBsrp=1 --mcs=5 --frequency2=5 --mpduBufferSize=1024 --minExpectedThroughput=50 --maxExpectedThroughput=120
[384/768] PASS: Example examples/wireless/wifi-simple-ht-hidden-stations --simulationTime=1s --enableRts=0 --nMpdus=32 --minExpectedThroughput=59 --maxExpectedThroughput=60
[385/768] PASS: Example examples/wireless/wifi-he-network --simulationTime=0.25s --frequency=5 --useRts=0 --use80Plus80=1 --minExpectedThroughput=6 --maxExpectedThroughput=844
[386/768] PASS: Example examples/wireless/wifi-simple-ht-hidden-stations --simulationTime=1s --enableRts=1 --nMpdus=32 --minExpectedThroughput=57 --maxExpectedThroughput=58
[387/768] PASS: Example examples/wireless/wifi-aggregation --simulationTime=1s --verifyResults=1
[388/768] PASS: Example examples/wireless/wifi-eht-network --simulationTime=0.3s --udp=0 --downlink=1 --useRts=1 --nStations=5 --dlAckType=AGGR-MU-BAR --enableUlOfdma=1 --enableBsrp=0 --mcs=6 --muSchedAccessReqInterval=50ms --frequency2=2.4 --minExpectedThroughput=50 --maxExpectedThroughput=140
[389/768] PASS: Example examples/wireless/wifi-mixed-network --simulationTime=1s
[390/768] PASS: Example examples/wireless/wifi-txop-aggregation --simulationTime=1s --verifyResults=1
[391/768] PASS: Example examples/wireless/wifi-80211e-txop --simulationTime=1s --verifyResults=1
[392/768] PASS: Example examples/wireless/wifi-eht-network --simulationTime=0.1s --frequency=5 --useRts=0 --use80Plus80=1 --minExpectedThroughput=6 --maxExpectedThroughput=760
[393/768] PASS: Example examples/wireless/wifi-hidden-terminal --wifiManager=Arf
[394/768] PASS: Example examples/wireless/wifi-multi-tos --simulationTime=1s --nWifi=16 --useRts=1 --useShortGuardInterval=1
[395/768] PASS: Example examples/wireless/wifi-hidden-terminal --wifiManager=Onoe
[396/768] PASS: Example examples/wireless/wifi-hidden-terminal --wifiManager=Aarf
[397/768] PASS: Example examples/wireless/wifi-hidden-terminal --wifiManager=Aarfcd
[398/768] PASS: Example examples/wireless/wifi-tcp
[399/768] PASS: Example examples/wireless/wifi-hidden-terminal --wifiManager=Amrr
[400/768] PASS: Example examples/wireless/wifi-hidden-terminal --wifiManager=Minstrel
[401/768] PASS: Example examples/wireless/wifi-hidden-terminal --wifiManager=Cara
[402/768] PASS: Example examples/wireless/wifi-spectrum-per-example --distance=52 --index=3 --wifiType=ns3::SpectrumWifiPhy --simulationTime=1s
[403/768] PASS: Example examples/wireless/wifi-hidden-terminal --wifiManager=Rraa
[404/768] PASS: Example examples/wireless/wifi-spectrum-per-example --distance=24 --index=31 --wifiType=ns3::YansWifiPhy --simulationTime=1s
[405/768] PASS: Example examples/wireless/wifi-hidden-terminal --wifiManager=Rrpaa
[406/768] PASS: Example examples/wireless/wifi-spectrum-per-interference --distance=24 --index=31 --simulationTime=1s --waveformPower=0.1
[407/768] PASS: Example examples/wireless/wifi-spectrum-saturation-example --simulationTime=1s --index=63
[408/768] PASS: Example examples/wireless/wifi-backward-compatibility --apVersion=80211a --staVersion=80211n_5GHZ --simulationTime=1s
[409/768] PASS: Example examples/wireless/wifi-backward-compatibility --apVersion=80211a --staVersion=80211n_5GHZ --apRaa=Ideal --staRaa=Ideal --simulationTime=1s
[410/768] PASS: Example examples/wireless/wifi-backward-compatibility --apVersion=80211a --staVersion=80211ac --simulationTime=1s
[411/768] PASS: Example examples/udp/udp-echo
[412/768] PASS: Example examples/tutorial/first
[413/768] PASS: Example examples/tutorial/hello-simulator
[414/768] PASS: Example examples/tutorial/fourth
[415/768] PASS: Example examples/tutorial/second
[416/768] PASS: Example examples/tutorial/third
[417/768] PASS: Example examples/wireless/wifi-backward-compatibility --apVersion=80211a --staVersion=80211ac --apRaa=Ideal --staRaa=Ideal --simulationTime=1s
[418/768] PASS: Example examples/tutorial/sixth
[419/768] PASS: Example examples/tutorial/fifth
[420/768] PASS: Example examples/tutorial/seventh
[421/768] PASS: Example examples/traffic-control/red-vs-nlred
[422/768] PASS: Example examples/wireless/wifi-eht-network --simulationTime=0.1s --frequency=5 --useRts=1 --minExpectedThroughput=6 --maxExpectedThroughput=660
[423/768] PASS: Example examples/traffic-control/red-vs-fengadaptive
[424/768] PASS: Example examples/tcp/tcp-star-server
[425/768] PASS: Example examples/tcp/tcp-large-transfer
[426/768] PASS: Example examples/traffic-control/queue-discs-benchmark --simDuration=10
[427/768] PASS: Example examples/tcp/star
[428/768] PASS: Example examples/tcp/tcp-variants-comparison
[429/768] PASS: Example examples/stats/wifi-example-sim
[430/768] PASS: Example examples/tcp/tcp-validation --firstTcpType=dctcp --linkRate=50Mbps --baseRtt=10ms --queueUseEcn=1 --stopTime=15s --validate=dctcp-10ms
[431/768] PASS: Example examples/routing/dynamic-global-routing
[432/768] PASS: Example examples/routing/global-injection-slash32
[433/768] PASS: Example examples/routing/global-routing-slash32
[434/768] PASS: Example examples/routing/mixed-global-routing
[435/768] PASS: Example examples/routing/simple-alternate-routing
[436/768] PASS: Example examples/routing/simple-routing-ping6
[437/768] PASS: Example examples/routing/simple-global-routing
[438/768] PASS: Example examples/routing/static-routing-slash32
[439/768] PASS: Example examples/naming/object-names
[440/768] PASS: Example examples/tcp/tcp-validation --firstTcpType=cubic --linkRate=50Mbps --baseRtt=50ms --queueUseEcn=1 --stopTime=20s --validate=cubic-50ms-ecn
[441/768] PASS: Example examples/tcp/tcp-validation --firstTcpType=cubic --linkRate=50Mbps --baseRtt=50ms --queueUseEcn=0 --stopTime=20s --validate=cubic-50ms-no-ecn
[442/768] PASS: Example examples/ipv6/icmpv6-redirect
[443/768] PASS: Example examples/ipv6/radvd-two-prefix
[444/768] PASS: Example examples/ipv6/test-ipv6
[445/768] PASS: Example examples/error-model/simple-error-model
[446/768] PASS: Example examples/channel-models/three-gpp-v2v-channel-example
[447/768] PASS: Example src/wimax/examples/wimax-simple
[448/768] PASS: Example examples/energy/energy-model-example
[449/768] PASS: Example examples/tcp/tcp-validation --firstTcpType=dctcp --linkRate=50Mbps --baseRtt=80ms --queueUseEcn=1 --stopTime=40s --validate=dctcp-80ms
[450/768] PASS: Example examples/energy/energy-model-with-harvesting-example
[451/768] PASS: Example examples/wireless/wifi-eht-network --simulationTime=0.23s --udp=0 --downlink=1 --useRts=0 --nStations=4 --dlAckType=ACK-SU-FORMAT --enableUlOfdma=1 --enableBsrp=0 --mcs=6 --frequency2=6  --minExpectedThroughput=60 --maxExpectedThroughput=430
[452/768] PASS: Example src/wimax/examples/wimax-ipv4
[453/768] PASS: Example src/wimax/examples/wimax-multicast
[454/768] PASS: Example src/wifi/examples/wifi-phy-configuration --testCase=0
[455/768] PASS: Example src/wifi/examples/wifi-phy-configuration --testCase=1
[456/768] PASS: Example src/wifi/examples/wifi-phy-configuration --testCase=2
[457/768] PASS: Example src/wifi/examples/wifi-phy-configuration --testCase=3
[458/768] PASS: Example src/wifi/examples/wifi-phy-configuration --testCase=4
[459/768] PASS: Example src/wifi/examples/wifi-phy-configuration --testCase=5
[460/768] PASS: Example src/wifi/examples/wifi-phy-configuration --testCase=6
[461/768] PASS: Example src/wifi/examples/wifi-phy-configuration --testCase=7
[462/768] PASS: Example src/wifi/examples/wifi-phy-configuration --testCase=8
[463/768] PASS: Example src/wifi/examples/wifi-phy-configuration --testCase=9
[464/768] PASS: Example examples/realtime/realtime-udp-echo
[465/768] PASS: Example src/wifi/examples/wifi-phy-configuration --testCase=10
[466/768] PASS: Example src/wifi/examples/wifi-phy-configuration --testCase=11
[467/768] PASS: Example src/wifi/examples/wifi-phy-configuration --testCase=12
[468/768] PASS: Example src/wifi/examples/wifi-phy-configuration --testCase=13
[469/768] PASS: Example src/wifi/examples/wifi-phy-configuration --testCase=14
[470/768] PASS: Example src/wifi/examples/wifi-phy-configuration --testCase=15
[471/768] PASS: Example src/wifi/examples/wifi-phy-configuration --testCase=16
[472/768] PASS: Example src/wifi/examples/wifi-phy-configuration --testCase=17
[473/768] PASS: Example src/wifi/examples/wifi-phy-configuration --testCase=18
[474/768] PASS: Example src/wifi/examples/wifi-phy-configuration --testCase=19
[475/768] PASS: Example src/wifi/examples/wifi-phy-configuration --testCase=20
[476/768] PASS: Example src/wifi/examples/wifi-manager-example --wifiManager=Aarf --standard=802.11a --stepTime=0.1
[477/768] PASS: Example src/wifi/examples/wifi-manager-example --wifiManager=Aarf --standard=802.11b --serverChannelWidth=22 --clientChannelWidth=22 --stepTime=0.1
[478/768] PASS: Example src/wifi/examples/wifi-manager-example --wifiManager=Aarf --standard=802.11a --maxSlrc=1 --stepTime=0.1
[479/768] PASS: Example src/wifi/examples/wifi-manager-example --wifiManager=Aarf --standard=802.11a --rtsThreshold=0 --stepTime=0.1
[480/768] PASS: Example src/wifi/examples/wifi-manager-example --wifiManager=Aarf --standard=802.11p-10MHz --stepTime=0.1
[481/768] PASS: Example src/wifi/examples/wifi-manager-example --wifiManager=Aarf --standard=802.11p-5MHz --stepTime=0.1
[482/768] PASS: Example src/wifi/examples/wifi-manager-example --wifiManager=Aarf --standard=802.11g --stepTime=0.1
[483/768] PASS: Example src/wifi/examples/wifi-manager-example --wifiManager=Aarfcd --standard=802.11b --serverChannelWidth=22 --clientChannelWidth=22 --stepTime=0.1
[484/768] PASS: Example src/wifi/examples/wifi-manager-example --wifiManager=Aarfcd --standard=802.11a --stepTime=0.1
[485/768] PASS: Example src/wifi/examples/wifi-manager-example --wifiManager=Aarfcd --standard=802.11a --rtsThreshold=0 --stepTime=0.1
[486/768] PASS: Example src/wifi/examples/wifi-manager-example --wifiManager=Aarfcd --standard=802.11a --maxSlrc=1 --stepTime=0.1
[487/768] PASS: Example src/wifi/examples/wifi-manager-example --wifiManager=Aarfcd --standard=802.11p-10MHz --stepTime=0.1
[488/768] PASS: Example src/wifi/examples/wifi-manager-example --wifiManager=Aarfcd --standard=802.11g --stepTime=0.1
[489/768] PASS: Example src/wifi/examples/wifi-manager-example --wifiManager=Aarfcd --standard=802.11p-5MHz --stepTime=0.1
[490/768] PASS: Example src/wifi/examples/wifi-manager-example --wifiManager=Amrr --standard=802.11a --stepTime=0.1
[491/768] PASS: Example src/wifi/examples/wifi-manager-example --wifiManager=Amrr --standard=802.11a --rtsThreshold=0 --stepTime=0.1
[492/768] PASS: Example src/wifi/examples/wifi-manager-example --wifiManager=Amrr --standard=802.11b --serverChannelWidth=22 --clientChannelWidth=22 --stepTime=0.1
[493/768] PASS: Example src/wifi/examples/wifi-manager-example --wifiManager=Amrr --standard=802.11a --maxSlrc=1 --stepTime=0.1
[494/768] PASS: Example src/wifi/examples/wifi-manager-example --wifiManager=Amrr --standard=802.11g --stepTime=0.1
[495/768] PASS: Example src/wifi/examples/wifi-manager-example --wifiManager=Amrr --standard=802.11p-10MHz --stepTime=0.1
[496/768] PASS: Example src/wifi/examples/wifi-manager-example --wifiManager=Amrr --standard=802.11p-5MHz --stepTime=0.1
[497/768] PASS: Example src/wifi/examples/wifi-manager-example --wifiManager=Arf --standard=802.11b --serverChannelWidth=22 --clientChannelWidth=22 --stepTime=0.1
[498/768] PASS: Example src/wifi/examples/wifi-manager-example --wifiManager=Arf --standard=802.11a --stepTime=0.1
[499/768] PASS: Example src/wifi/examples/wifi-manager-example --wifiManager=Arf --standard=802.11a --maxSlrc=1 --stepTime=0.1
[500/768] PASS: Example src/wifi/examples/wifi-manager-example --wifiManager=Arf --standard=802.11p-10MHz --stepTime=0.1
[501/768] PASS: Example src/wifi/examples/wifi-manager-example --wifiManager=Arf --standard=802.11a --rtsThreshold=0 --stepTime=0.1
[502/768] PASS: Example src/wifi/examples/wifi-manager-example --wifiManager=Arf --standard=802.11g --stepTime=0.1
[503/768] PASS: Example src/wifi/examples/wifi-manager-example --wifiManager=Arf --standard=802.11p-5MHz --stepTime=0.1
[504/768] PASS: Example src/wifi/examples/wifi-manager-example --wifiManager=Cara --standard=802.11b --serverChannelWidth=22 --clientChannelWidth=22 --stepTime=0.1
[505/768] PASS: Example src/wifi/examples/wifi-manager-example --wifiManager=Cara --standard=802.11a --stepTime=0.1
[506/768] PASS: Example src/wifi/examples/wifi-manager-example --wifiManager=Cara --standard=802.11a --maxSlrc=1 --stepTime=0.1
[507/768] PASS: Example src/wifi/examples/wifi-manager-example --wifiManager=Cara --standard=802.11g --stepTime=0.1
[508/768] PASS: Example src/wifi/examples/wifi-manager-example --wifiManager=Cara --standard=802.11a --rtsThreshold=0 --stepTime=0.1
[509/768] PASS: Example src/wifi/examples/wifi-manager-example --wifiManager=Cara --standard=802.11p-10MHz --stepTime=0.1
[510/768] PASS: Example src/wifi/examples/wifi-manager-example --wifiManager=Cara --standard=802.11p-5MHz --stepTime=0.1
[511/768] PASS: Example src/wifi/examples/wifi-manager-example --wifiManager=Onoe --standard=802.11b --serverChannelWidth=22 --clientChannelWidth=22 --stepTime=0.1
[512/768] PASS: Example src/wifi/examples/wifi-manager-example --wifiManager=Onoe --standard=802.11a --stepTime=0.1
[513/768] PASS: Example src/wifi/examples/wifi-manager-example --wifiManager=Onoe --standard=802.11a --maxSlrc=1 --stepTime=0.1
[514/768] PASS: Example src/wifi/examples/wifi-manager-example --wifiManager=Onoe --standard=802.11a --rtsThreshold=0 --stepTime=0.1
[515/768] PASS: Example src/wifi/examples/wifi-manager-example --wifiManager=Onoe --standard=802.11g --stepTime=0.1
[516/768] PASS: Example src/wifi/examples/wifi-manager-example --wifiManager=Onoe --standard=802.11p-10MHz --stepTime=0.1
[517/768] PASS: Example src/wifi/examples/wifi-manager-example --wifiManager=Onoe --standard=802.11p-5MHz --stepTime=0.1
[518/768] PASS: Example src/wifi/examples/wifi-manager-example --wifiManager=Rraa --standard=802.11b --serverChannelWidth=22 --clientChannelWidth=22 --stepTime=0.1
[519/768] PASS: Example src/wifi/examples/wifi-manager-example --wifiManager=Rraa --standard=802.11a --stepTime=0.1
[520/768] PASS: Example examples/wireless/wifi-eht-network --simulationTime=0.25s --udp=0 --downlink=0 --useRts=0 --nStations=4 --dlAckType=AGGR-MU-BAR --enableUlOfdma=1 --enableBsrp=1 --mpduBufferSize=1024 --mcs=8 --muSchedAccessReqInterval=45ms --frequency2=6 --minExpectedThroughput=50 --maxExpectedThroughput=550
[521/768] PASS: Example src/wifi/examples/wifi-manager-example --wifiManager=Rraa --standard=802.11a --rtsThreshold=0 --stepTime=0.1
[522/768] PASS: Example src/wifi/examples/wifi-manager-example --wifiManager=Rraa --standard=802.11a --maxSlrc=1 --stepTime=0.1
[523/768] PASS: Example src/wifi/examples/wifi-manager-example --wifiManager=Rraa --standard=802.11g --stepTime=0.1
[524/768] PASS: Example src/wifi/examples/wifi-manager-example --wifiManager=Rraa --standard=802.11p-10MHz --stepTime=0.1
[525/768] PASS: Example src/wifi/examples/wifi-manager-example --wifiManager=Rraa --standard=802.11p-5MHz --stepTime=0.1
[526/768] PASS: Example src/wifi/examples/wifi-manager-example --wifiManager=Minstrel --standard=802.11b --serverChannelWidth=22 --clientChannelWidth=22 --stepTime=0.1
[527/768] PASS: Example src/wifi/examples/wifi-manager-example --wifiManager=Minstrel --standard=802.11p-5MHz --stepTime=0.1
[528/768] PASS: Example src/wifi/examples/wifi-manager-example --wifiManager=Minstrel --standard=802.11a --stepTime=0.1
[529/768] PASS: Example src/wifi/examples/wifi-manager-example --wifiManager=Minstrel --standard=802.11p-10MHz --stepTime=0.1
[530/768] PASS: Example src/wifi/examples/wifi-manager-example --wifiManager=Minstrel --standard=802.11a --maxSlrc=1 --stepTime=0.1
[531/768] PASS: Example src/wifi/examples/wifi-manager-example --wifiManager=Minstrel --standard=802.11a --rtsThreshold=0 --stepTime=0.1
[532/768] PASS: Example src/wifi/examples/wifi-manager-example --wifiManager=Minstrel --standard=802.11g --stepTime=0.1
[533/768] PASS: Example src/wifi/examples/wifi-manager-example --wifiManager=MinstrelHt --standard=802.11b --serverChannelWidth=22 --clientChannelWidth=22 --stepTime=0.1
[534/768] PASS: Example src/wifi/examples/wifi-manager-example --wifiManager=MinstrelHt --standard=802.11a --stepTime=0.1
[535/768] PASS: Example src/wifi/examples/wifi-manager-example --wifiManager=MinstrelHt --standard=802.11p-5MHz --stepTime=0.1
[536/768] PASS: Example src/wifi/examples/wifi-manager-example --wifiManager=MinstrelHt --standard=802.11p-10MHz --stepTime=0.1
[537/768] PASS: Example src/wifi/examples/wifi-manager-example --wifiManager=MinstrelHt --standard=802.11g --stepTime=0.1
[538/768] PASS: Example src/wifi/examples/wifi-manager-example --wifiManager=MinstrelHt --standard=802.11n-5GHz --serverChannelWidth=20 --clientChannelWidth=20 --serverShortGuardInterval=800 --clientShortGuardInterval=800 --serverNss=1 --clientNss=1 --stepTime=0.1
[539/768] PASS: Example src/wifi/examples/wifi-manager-example --wifiManager=MinstrelHt --standard=802.11n-5GHz --serverChannelWidth=20 --clientChannelWidth=20 --serverShortGuardInterval=400 --clientShortGuardInterval=400 --serverNss=1 --clientNss=1 --stepTime=0.1
[540/768] PASS: Example src/wifi/examples/wifi-manager-example --wifiManager=MinstrelHt --standard=802.11n-5GHz --serverChannelWidth=40 --clientChannelWidth=40 --serverShortGuardInterval=800 --clientShortGuardInterval=800 --serverNss=1 --clientNss=1 --stepTime=0.1
[541/768] PASS: Example src/wifi/examples/wifi-manager-example --wifiManager=MinstrelHt --standard=802.11n-5GHz --serverChannelWidth=40 --clientChannelWidth=40 --serverShortGuardInterval=400 --clientShortGuardInterval=400 --serverNss=1 --clientNss=1 --stepTime=0.1
[542/768] PASS: Example src/wifi/examples/wifi-manager-example --wifiManager=MinstrelHt --standard=802.11n-5GHz --serverChannelWidth=20 --clientChannelWidth=20 --serverShortGuardInterval=800 --clientShortGuardInterval=800 --serverNss=2 --clientNss=2 --stepTime=0.1
[543/768] PASS: Example src/wifi/examples/wifi-manager-example --wifiManager=MinstrelHt --standard=802.11ac --serverChannelWidth=20 --clientChannelWidth=20 --serverShortGuardInterval=800 --clientShortGuardInterval=800 --serverNss=1 --clientNss=1 --stepTime=0.1
[544/768] PASS: Example src/wifi/examples/wifi-manager-example --wifiManager=MinstrelHt --standard=802.11ac --serverChannelWidth=20 --clientChannelWidth=20 --serverShortGuardInterval=400 --clientShortGuardInterval=400 --serverNss=1 --clientNss=1 --stepTime=0.1
[545/768] PASS: Example src/wifi/examples/wifi-manager-example --wifiManager=MinstrelHt --standard=802.11n-5GHz --serverChannelWidth=40 --clientChannelWidth=40 --serverShortGuardInterval=400 --clientShortGuardInterval=400 --serverNss=4 --clientNss=4 --stepTime=0.1
[546/768] PASS: Example src/wifi/examples/wifi-manager-example --wifiManager=MinstrelHt --standard=802.11n-2.4GHz --serverChannelWidth=40 --clientChannelWidth=40 --serverShortGuardInterval=400 --clientShortGuardInterval=400 --serverNss=4 --clientNss=4 --stepTime=0.1
[547/768] PASS: Example src/wifi/examples/wifi-manager-example --wifiManager=MinstrelHt --standard=802.11ac --serverChannelWidth=40 --clientChannelWidth=40 --serverShortGuardInterval=800 --clientShortGuardInterval=800 --serverNss=1 --clientNss=1 --stepTime=0.1
[548/768] PASS: Example src/wifi/examples/wifi-manager-example --wifiManager=MinstrelHt --standard=802.11ac --serverChannelWidth=40 --clientChannelWidth=40 --serverShortGuardInterval=400 --clientShortGuardInterval=400 --serverNss=1 --clientNss=1 --stepTime=0.1
[549/768] PASS: Example src/wifi/examples/wifi-manager-example --wifiManager=Ideal --standard=802.11b --serverChannelWidth=22 --clientChannelWidth=22 --stepTime=0.1
[550/768] PASS: Example src/wifi/examples/wifi-manager-example --wifiManager=Ideal --standard=802.11a --stepTime=0.1
[551/768] PASS: Example src/wifi/examples/wifi-manager-example --wifiManager=Ideal --standard=802.11g --stepTime=0.1
[552/768] PASS: Example src/wifi/examples/wifi-manager-example --wifiManager=MinstrelHt --standard=802.11ac --serverChannelWidth=20 --clientChannelWidth=20 --serverShortGuardInterval=800 --clientShortGuardInterval=800 --serverNss=2 --clientNss=2 --stepTime=0.1
[553/768] PASS: Example src/wifi/examples/wifi-manager-example --wifiManager=Ideal --standard=802.11p-10MHz --stepTime=0.1
[554/768] PASS: Example src/wifi/examples/wifi-manager-example --wifiManager=MinstrelHt --standard=802.11ac --serverChannelWidth=80 --clientChannelWidth=80 --serverShortGuardInterval=800 --clientShortGuardInterval=800 --serverNss=1 --clientNss=1 --stepTime=0.1
[555/768] PASS: Example src/wifi/examples/wifi-manager-example --wifiManager=Ideal --standard=802.11p-5MHz --stepTime=0.1
[556/768] PASS: Example src/wifi/examples/wifi-manager-example --wifiManager=Ideal --standard=802.11n-5GHz --serverChannelWidth=20 --clientChannelWidth=20 --serverShortGuardInterval=800 --clientShortGuardInterval=800 --serverNss=1 --clientNss=1 --stepTime=0.1
[557/768] PASS: Example src/wifi/examples/wifi-manager-example --wifiManager=Ideal --standard=802.11n-5GHz --serverChannelWidth=20 --clientChannelWidth=20 --serverShortGuardInterval=400 --clientShortGuardInterval=400 --serverNss=1 --clientNss=1 --stepTime=0.1
[558/768] PASS: Example src/wifi/examples/wifi-manager-example --wifiManager=MinstrelHt --standard=802.11ac --serverChannelWidth=80 --clientChannelWidth=80 --serverShortGuardInterval=400 --clientShortGuardInterval=400 --serverNss=1 --clientNss=1 --stepTime=0.1
[559/768] PASS: Example src/wifi/examples/wifi-manager-example --wifiManager=Ideal --standard=802.11n-5GHz --serverChannelWidth=40 --clientChannelWidth=40 --serverShortGuardInterval=800 --clientShortGuardInterval=800 --serverNss=1 --clientNss=1 --stepTime=0.1
[560/768] PASS: Example src/wifi/examples/wifi-manager-example --wifiManager=Ideal --standard=802.11n-5GHz --serverChannelWidth=40 --clientChannelWidth=40 --serverShortGuardInterval=400 --clientShortGuardInterval=400 --serverNss=1 --clientNss=1 --stepTime=0.1
[561/768] PASS: Example src/wifi/examples/wifi-manager-example --wifiManager=Ideal --standard=802.11n-5GHz --serverChannelWidth=20 --clientChannelWidth=20 --serverShortGuardInterval=800 --clientShortGuardInterval=800 --serverNss=2 --clientNss=2 --stepTime=0.1
[562/768] PASS: Example src/wifi/examples/wifi-manager-example --wifiManager=Ideal --standard=802.11ac --serverChannelWidth=20 --clientChannelWidth=20 --serverShortGuardInterval=800 --clientShortGuardInterval=800 --serverNss=1 --clientNss=1 --stepTime=0.1
[563/768] PASS: Example src/wifi/examples/wifi-manager-example --wifiManager=Ideal --standard=802.11ac --serverChannelWidth=20 --clientChannelWidth=20 --serverShortGuardInterval=400 --clientShortGuardInterval=400 --serverNss=1 --clientNss=1 --stepTime=0.1
[564/768] PASS: Example src/wifi/examples/wifi-manager-example --wifiManager=MinstrelHt --standard=802.11ac --serverChannelWidth=160 --clientChannelWidth=160 --serverShortGuardInterval=800 --clientShortGuardInterval=800 --serverNss=1 --clientNss=1 --stepTime=0.1
[565/768] PASS: Example src/wifi/examples/wifi-manager-example --wifiManager=Ideal --standard=802.11n-5GHz --serverChannelWidth=40 --clientChannelWidth=40 --serverShortGuardInterval=400 --clientShortGuardInterval=400 --serverNss=4 --clientNss=4 --stepTime=0.1
[566/768] PASS: Example src/wifi/examples/wifi-manager-example --wifiManager=Ideal --standard=802.11n-2.4GHz --serverChannelWidth=40 --clientChannelWidth=40 --serverShortGuardInterval=400 --clientShortGuardInterval=400 --serverNss=4 --clientNss=4 --stepTime=0.1
[567/768] PASS: Example src/wifi/examples/wifi-manager-example --wifiManager=Ideal --standard=802.11ac --serverChannelWidth=40 --clientChannelWidth=40 --serverShortGuardInterval=800 --clientShortGuardInterval=800 --serverNss=1 --clientNss=1 --stepTime=0.1
[568/768] PASS: Example src/wifi/examples/wifi-manager-example --wifiManager=MinstrelHt --standard=802.11ac --serverChannelWidth=160 --clientChannelWidth=160 --serverShortGuardInterval=400 --clientShortGuardInterval=400 --serverNss=1 --clientNss=1 --stepTime=0.1
[569/768] PASS: Example src/wifi/examples/wifi-manager-example --wifiManager=Ideal --standard=802.11ac --serverChannelWidth=40 --clientChannelWidth=40 --serverShortGuardInterval=400 --clientShortGuardInterval=400 --serverNss=1 --clientNss=1 --stepTime=0.1
[570/768] PASS: Example src/wifi/examples/wifi-manager-example --wifiManager=Ideal --standard=802.11ac --serverChannelWidth=20 --clientChannelWidth=20 --serverShortGuardInterval=800 --clientShortGuardInterval=800 --serverNss=2 --clientNss=2 --stepTime=0.1
[571/768] PASS: Example src/wifi/examples/wifi-manager-example --wifiManager=Ideal --standard=802.11ax-5GHz --serverChannelWidth=20 --clientChannelWidth=20 --serverShortGuardInterval=800 --clientShortGuardInterval=800 --serverNss=1 --clientNss=1 --stepTime=0.1
[572/768] PASS: Example src/wifi/examples/wifi-manager-example --wifiManager=Ideal --standard=802.11ax-5GHz --serverChannelWidth=20 --clientChannelWidth=20 --serverShortGuardInterval=1600 --clientShortGuardInterval=1600 --serverNss=1 --clientNss=1 --stepTime=0.1
[573/768] PASS: Example src/wifi/examples/wifi-manager-example --wifiManager=Ideal --standard=802.11ac --serverChannelWidth=80 --clientChannelWidth=80 --serverShortGuardInterval=800 --clientShortGuardInterval=800 --serverNss=1 --clientNss=1 --stepTime=0.1
[574/768] PASS: Example src/wifi/examples/wifi-manager-example --wifiManager=Ideal --standard=802.11ac --serverChannelWidth=80 --clientChannelWidth=80 --serverShortGuardInterval=400 --clientShortGuardInterval=400 --serverNss=1 --clientNss=1 --stepTime=0.1
[575/768] PASS: Example src/wifi/examples/wifi-manager-example --wifiManager=Ideal --standard=802.11ax-5GHz --serverChannelWidth=20 --clientChannelWidth=20 --serverShortGuardInterval=3200 --clientShortGuardInterval=3200 --serverNss=1 --clientNss=1 --stepTime=0.1
[576/768] PASS: Example src/wifi/examples/wifi-manager-example --wifiManager=Ideal --standard=802.11ax-5GHz --serverChannelWidth=40 --clientChannelWidth=40 --serverShortGuardInterval=800 --clientShortGuardInterval=800 --serverNss=1 --clientNss=1 --stepTime=0.1
[577/768] PASS: Example src/wifi/examples/wifi-manager-example --wifiManager=Ideal --standard=802.11ax-5GHz --serverChannelWidth=40 --clientChannelWidth=40 --serverShortGuardInterval=1600 --clientShortGuardInterval=1600 --serverNss=1 --clientNss=1 --stepTime=0.1
[578/768] PASS: Example src/wifi/examples/wifi-manager-example --wifiManager=Ideal --standard=802.11ax-5GHz --serverChannelWidth=40 --clientChannelWidth=40 --serverShortGuardInterval=3200 --clientShortGuardInterval=3200 --serverNss=1 --clientNss=1 --stepTime=0.1
[579/768] PASS: Example src/wifi/examples/wifi-manager-example --wifiManager=Ideal --standard=802.11ac --serverChannelWidth=160 --clientChannelWidth=160 --serverShortGuardInterval=800 --clientShortGuardInterval=800 --serverNss=1 --clientNss=1 --stepTime=0.1
[580/768] PASS: Example src/wifi/examples/wifi-manager-example --wifiManager=Ideal --standard=802.11ac --serverChannelWidth=160 --clientChannelWidth=160 --serverShortGuardInterval=400 --clientShortGuardInterval=400 --serverNss=1 --clientNss=1 --stepTime=0.1
[581/768] PASS: Example examples/wireless/wifi-eht-network --simulationTime=0.1s --frequency=5 --useRts=0 --mpduBufferSize=1024 --frequency2=6 --minExpectedThroughput=7 --maxExpectedThroughput=1444
[582/768] PASS: Example src/wifi/examples/wifi-manager-example --wifiManager=Ideal --standard=802.11ax-5GHz --serverChannelWidth=80 --clientChannelWidth=80 --serverShortGuardInterval=800 --clientShortGuardInterval=800 --serverNss=1 --clientNss=1 --stepTime=0.1
[583/768] PASS: Example src/wifi/examples/wifi-manager-example --wifiManager=Ideal --standard=802.11ax-5GHz --serverChannelWidth=80 --clientChannelWidth=80 --serverShortGuardInterval=1600 --clientShortGuardInterval=1600 --serverNss=1 --clientNss=1 --stepTime=0.1
[584/768] PASS: Example src/wifi/examples/wifi-manager-example --wifiManager=Ideal --standard=802.11ax-5GHz --serverChannelWidth=20 --clientChannelWidth=20 --serverShortGuardInterval=800 --clientShortGuardInterval=800 --serverNss=2 --clientNss=2 --stepTime=0.1
[585/768] PASS: Example src/wifi/examples/wifi-manager-example --wifiManager=Ideal --standard=802.11ax-5GHz --serverChannelWidth=80 --clientChannelWidth=80 --serverShortGuardInterval=3200 --clientShortGuardInterval=3200 --serverNss=1 --clientNss=1 --stepTime=0.1
[586/768] PASS: Example src/wifi/examples/wifi-manager-example --wifiManager=Ideal --standard=802.11ax-2.4GHz --serverChannelWidth=20 --clientChannelWidth=20 --serverShortGuardInterval=800 --clientShortGuardInterval=800 --serverNss=1 --clientNss=1 --stepTime=0.1
[587/768] PASS: Example src/wifi/examples/wifi-manager-example --wifiManager=Ideal --standard=802.11ax-2.4GHz --serverChannelWidth=20 --clientChannelWidth=20 --serverShortGuardInterval=1600 --clientShortGuardInterval=1600 --serverNss=1 --clientNss=1 --stepTime=0.1
[588/768] PASS: Example src/wifi/examples/wifi-manager-example --wifiManager=Ideal --standard=802.11ax-2.4GHz --serverChannelWidth=20 --clientChannelWidth=20 --serverShortGuardInterval=3200 --clientShortGuardInterval=3200 --serverNss=1 --clientNss=1 --stepTime=0.1
[589/768] PASS: Example src/wifi/examples/wifi-manager-example --wifiManager=Ideal --standard=802.11ax-2.4GHz --serverChannelWidth=40 --clientChannelWidth=40 --serverShortGuardInterval=800 --clientShortGuardInterval=800 --serverNss=1 --clientNss=1 --stepTime=0.1
[590/768] PASS: Example src/wifi/examples/wifi-manager-example --wifiManager=Ideal --standard=802.11ax-2.4GHz --serverChannelWidth=40 --clientChannelWidth=40 --serverShortGuardInterval=1600 --clientShortGuardInterval=1600 --serverNss=1 --clientNss=1 --stepTime=0.1
[591/768] PASS: Example src/wifi/examples/wifi-manager-example --wifiManager=Ideal --standard=802.11ax-5GHz --serverChannelWidth=160 --clientChannelWidth=160 --serverShortGuardInterval=1600 --clientShortGuardInterval=1600 --serverNss=1 --clientNss=1 --stepTime=0.1
[592/768] PASS: Example src/wifi/examples/wifi-manager-example --wifiManager=Ideal --standard=802.11ax-2.4GHz --serverChannelWidth=40 --clientChannelWidth=40 --serverShortGuardInterval=3200 --clientShortGuardInterval=3200 --serverNss=1 --clientNss=1 --stepTime=0.1
[593/768] PASS: Example src/wifi/examples/wifi-manager-example --wifiManager=Ideal --standard=802.11ax-5GHz --serverChannelWidth=160 --clientChannelWidth=160 --serverShortGuardInterval=3200 --clientShortGuardInterval=3200 --serverNss=1 --clientNss=1 --stepTime=0.1
[594/768] PASS: Example src/wifi/examples/wifi-manager-example --wifiManager=Ideal --standard=802.11ax-5GHz --serverChannelWidth=160 --clientChannelWidth=160 --serverShortGuardInterval=800 --clientShortGuardInterval=800 --serverNss=1 --clientNss=1 --stepTime=0.1
[595/768] PASS: Example src/wifi/examples/wifi-manager-example --wifiManager=Ideal --standard=802.11ax-6GHz --serverChannelWidth=20 --clientChannelWidth=20 --serverShortGuardInterval=800 --clientShortGuardInterval=800 --serverNss=1 --clientNss=1 --stepTime=0.1
[596/768] PASS: Example src/wifi/examples/wifi-manager-example --wifiManager=Ideal --standard=802.11ax-6GHz --serverChannelWidth=20 --clientChannelWidth=20 --serverShortGuardInterval=1600 --clientShortGuardInterval=1600 --serverNss=1 --clientNss=1 --stepTime=0.1
[597/768] PASS: Example src/wifi/examples/wifi-manager-example --wifiManager=Ideal --standard=802.11ax-2.4GHz --serverChannelWidth=20 --clientChannelWidth=20 --serverShortGuardInterval=800 --clientShortGuardInterval=800 --serverNss=2 --clientNss=2 --stepTime=0.1
[598/768] PASS: Example src/wifi/examples/wifi-manager-example --wifiManager=Ideal --standard=802.11ax-6GHz --serverChannelWidth=20 --clientChannelWidth=20 --serverShortGuardInterval=3200 --clientShortGuardInterval=3200 --serverNss=1 --clientNss=1 --stepTime=0.1
[599/768] PASS: Example src/wifi/examples/wifi-manager-example --wifiManager=Ideal --standard=802.11ax-6GHz --serverChannelWidth=40 --clientChannelWidth=40 --serverShortGuardInterval=1600 --clientShortGuardInterval=1600 --serverNss=1 --clientNss=1 --stepTime=0.1
[600/768] PASS: Example src/wifi/examples/wifi-manager-example --wifiManager=Ideal --standard=802.11ax-6GHz --serverChannelWidth=40 --clientChannelWidth=40 --serverShortGuardInterval=800 --clientShortGuardInterval=800 --serverNss=1 --clientNss=1 --stepTime=0.1
[601/768] PASS: Example src/wifi/examples/wifi-manager-example --wifiManager=Ideal --standard=802.11ax-6GHz --serverChannelWidth=40 --clientChannelWidth=40 --serverShortGuardInterval=3200 --clientShortGuardInterval=3200 --serverNss=1 --clientNss=1 --stepTime=0.1
[602/768] PASS: Example src/wifi/examples/wifi-manager-example --wifiManager=Ideal --standard=802.11ax-6GHz --serverChannelWidth=80 --clientChannelWidth=80 --serverShortGuardInterval=1600 --clientShortGuardInterval=1600 --serverNss=1 --clientNss=1 --stepTime=0.1
[603/768] PASS: Example src/wifi/examples/wifi-manager-example --wifiManager=Ideal --standard=802.11ax-6GHz --serverChannelWidth=80 --clientChannelWidth=80 --serverShortGuardInterval=3200 --clientShortGuardInterval=3200 --serverNss=1 --clientNss=1 --stepTime=0.1
[604/768] PASS: Example src/wifi/examples/wifi-manager-example --wifiManager=Ideal --standard=802.11ax-6GHz --serverChannelWidth=80 --clientChannelWidth=80 --serverShortGuardInterval=800 --clientShortGuardInterval=800 --serverNss=1 --clientNss=1 --stepTime=0.1
[605/768] PASS: Example src/wifi/examples/wifi-manager-example --wifiManager=Ideal --standard=802.11ax-6GHz --serverChannelWidth=20 --clientChannelWidth=20 --serverShortGuardInterval=800 --clientShortGuardInterval=800 --serverNss=2 --clientNss=2 --stepTime=0.1
[606/768] PASS: Example src/wifi/examples/wifi-manager-example --wifiManager=MinstrelHt --standard=802.11ax-5GHz --serverChannelWidth=20 --clientChannelWidth=20 --serverShortGuardInterval=800 --clientShortGuardInterval=800 --serverNss=1 --clientNss=1 --stepTime=0.1
[607/768] PASS: Example src/wifi/examples/wifi-manager-example --wifiManager=Ideal --standard=802.11ax-6GHz --serverChannelWidth=160 --clientChannelWidth=160 --serverShortGuardInterval=1600 --clientShortGuardInterval=1600 --serverNss=1 --clientNss=1 --stepTime=0.1
[608/768] PASS: Example src/wifi/examples/wifi-manager-example --wifiManager=Ideal --standard=802.11ax-6GHz --serverChannelWidth=160 --clientChannelWidth=160 --serverShortGuardInterval=800 --clientShortGuardInterval=800 --serverNss=1 --clientNss=1 --stepTime=0.1
[609/768] PASS: Example src/wifi/examples/wifi-manager-example --wifiManager=Ideal --standard=802.11ax-6GHz --serverChannelWidth=160 --clientChannelWidth=160 --serverShortGuardInterval=3200 --clientShortGuardInterval=3200 --serverNss=1 --clientNss=1 --stepTime=0.1
[610/768] PASS: Example src/wifi/examples/wifi-manager-example --wifiManager=MinstrelHt --standard=802.11ax-5GHz --serverChannelWidth=20 --clientChannelWidth=20 --serverShortGuardInterval=1600 --clientShortGuardInterval=1600 --serverNss=1 --clientNss=1 --stepTime=0.1
[611/768] PASS: Example src/wifi/examples/wifi-manager-example --wifiManager=MinstrelHt --standard=802.11ax-5GHz --serverChannelWidth=20 --clientChannelWidth=20 --serverShortGuardInterval=3200 --clientShortGuardInterval=3200 --serverNss=1 --clientNss=1 --stepTime=0.1
[612/768] PASS: Example src/wifi/examples/wifi-manager-example --wifiManager=MinstrelHt --standard=802.11ax-5GHz --serverChannelWidth=40 --clientChannelWidth=40 --serverShortGuardInterval=800 --clientShortGuardInterval=800 --serverNss=1 --clientNss=1 --stepTime=0.1
[613/768] PASS: Example src/wifi/examples/wifi-manager-example --wifiManager=MinstrelHt --standard=802.11ax-5GHz --serverChannelWidth=40 --clientChannelWidth=40 --serverShortGuardInterval=1600 --clientShortGuardInterval=1600 --serverNss=1 --clientNss=1 --stepTime=0.1
[614/768] PASS: Example src/wifi/examples/wifi-manager-example --wifiManager=MinstrelHt --standard=802.11ax-5GHz --serverChannelWidth=40 --clientChannelWidth=40 --serverShortGuardInterval=3200 --clientShortGuardInterval=3200 --serverNss=1 --clientNss=1 --stepTime=0.1
[615/768] PASS: Example src/wifi/examples/wifi-manager-example --wifiManager=Ideal --standard=802.11ax-5GHz --serverChannelWidth=160 --clientChannelWidth=160 --serverShortGuardInterval=1600 --clientShortGuardInterval=1600 --serverNss=4 --clientNss=4 --stepTime=0.1
[616/768] PASS: Example src/wifi/examples/wifi-manager-example --wifiManager=Ideal --standard=802.11ax-5GHz --serverChannelWidth=160 --clientChannelWidth=160 --serverShortGuardInterval=3200 --clientShortGuardInterval=3200 --serverNss=4 --clientNss=4 --stepTime=0.1
[617/768] PASS: Example src/wifi/examples/wifi-manager-example --wifiManager=MinstrelHt --standard=802.11ax-5GHz --serverChannelWidth=80 --clientChannelWidth=80 --serverShortGuardInterval=800 --clientShortGuardInterval=800 --serverNss=1 --clientNss=1 --stepTime=0.1
[618/768] PASS: Example src/wifi/examples/wifi-manager-example --wifiManager=MinstrelHt --standard=802.11ax-5GHz --serverChannelWidth=80 --clientChannelWidth=80 --serverShortGuardInterval=1600 --clientShortGuardInterval=1600 --serverNss=1 --clientNss=1 --stepTime=0.1
[619/768] PASS: Example src/wifi/examples/wifi-manager-example --wifiManager=MinstrelHt --standard=802.11ax-5GHz --serverChannelWidth=80 --clientChannelWidth=80 --serverShortGuardInterval=3200 --clientShortGuardInterval=3200 --serverNss=1 --clientNss=1 --stepTime=0.1
[620/768] PASS: Example src/wifi/examples/wifi-manager-example --wifiManager=MinstrelHt --standard=802.11ax-5GHz --serverChannelWidth=20 --clientChannelWidth=20 --serverShortGuardInterval=800 --clientShortGuardInterval=800 --serverNss=2 --clientNss=2 --stepTime=0.1
[621/768] PASS: Example src/wifi/examples/wifi-manager-example --wifiManager=MinstrelHt --standard=802.11ax-2.4GHz --serverChannelWidth=20 --clientChannelWidth=20 --serverShortGuardInterval=800 --clientShortGuardInterval=800 --serverNss=1 --clientNss=1 --stepTime=0.1
[622/768] PASS: Example src/wifi/examples/wifi-manager-example --wifiManager=MinstrelHt --standard=802.11ax-5GHz --serverChannelWidth=160 --clientChannelWidth=160 --serverShortGuardInterval=800 --clientShortGuardInterval=800 --serverNss=1 --clientNss=1 --stepTime=0.1
[623/768] PASS: Example src/wifi/examples/wifi-manager-example --wifiManager=MinstrelHt --standard=802.11ax-2.4GHz --serverChannelWidth=20 --clientChannelWidth=20 --serverShortGuardInterval=1600 --clientShortGuardInterval=1600 --serverNss=1 --clientNss=1 --stepTime=0.1
[624/768] PASS: Example src/wifi/examples/wifi-manager-example --wifiManager=MinstrelHt --standard=802.11ax-5GHz --serverChannelWidth=160 --clientChannelWidth=160 --serverShortGuardInterval=1600 --clientShortGuardInterval=1600 --serverNss=1 --clientNss=1 --stepTime=0.1
[625/768] PASS: Example src/wifi/examples/wifi-manager-example --wifiManager=MinstrelHt --standard=802.11ax-2.4GHz --serverChannelWidth=20 --clientChannelWidth=20 --serverShortGuardInterval=3200 --clientShortGuardInterval=3200 --serverNss=1 --clientNss=1 --stepTime=0.1
[626/768] PASS: Example src/wifi/examples/wifi-manager-example --wifiManager=MinstrelHt --standard=802.11ax-5GHz --serverChannelWidth=160 --clientChannelWidth=160 --serverShortGuardInterval=3200 --clientShortGuardInterval=3200 --serverNss=1 --clientNss=1 --stepTime=0.1
[627/768] PASS: Example src/wifi/examples/wifi-manager-example --wifiManager=MinstrelHt --standard=802.11ax-2.4GHz --serverChannelWidth=40 --clientChannelWidth=40 --serverShortGuardInterval=800 --clientShortGuardInterval=800 --serverNss=1 --clientNss=1 --stepTime=0.1
[628/768] PASS: Example src/wifi/examples/wifi-manager-example --wifiManager=MinstrelHt --standard=802.11ax-2.4GHz --serverChannelWidth=40 --clientChannelWidth=40 --serverShortGuardInterval=1600 --clientShortGuardInterval=1600 --serverNss=1 --clientNss=1 --stepTime=0.1
[629/768] PASS: Example src/wifi/examples/wifi-manager-example --wifiManager=MinstrelHt --standard=802.11ax-2.4GHz --serverChannelWidth=40 --clientChannelWidth=40 --serverShortGuardInterval=3200 --clientShortGuardInterval=3200 --serverNss=1 --clientNss=1 --stepTime=0.1
[630/768] PASS: Example src/wifi/examples/wifi-manager-example --wifiManager=MinstrelHt --standard=802.11ax-6GHz --serverChannelWidth=20 --clientChannelWidth=20 --serverShortGuardInterval=800 --clientShortGuardInterval=800 --serverNss=1 --clientNss=1 --stepTime=0.1
[631/768] PASS: Example src/wifi/examples/wifi-manager-example --wifiManager=MinstrelHt --standard=802.11ax-2.4GHz --serverChannelWidth=20 --clientChannelWidth=20 --serverShortGuardInterval=800 --clientShortGuardInterval=800 --serverNss=2 --clientNss=2 --stepTime=0.1
[632/768] PASS: Example src/wifi/examples/wifi-manager-example --wifiManager=MinstrelHt --standard=802.11ax-6GHz --serverChannelWidth=20 --clientChannelWidth=20 --serverShortGuardInterval=1600 --clientShortGuardInterval=1600 --serverNss=1 --clientNss=1 --stepTime=0.1
[633/768] PASS: Example src/wifi/examples/wifi-manager-example --wifiManager=MinstrelHt --standard=802.11ax-6GHz --serverChannelWidth=20 --clientChannelWidth=20 --serverShortGuardInterval=3200 --clientShortGuardInterval=3200 --serverNss=1 --clientNss=1 --stepTime=0.1
[634/768] PASS: Example src/wifi/examples/wifi-manager-example --wifiManager=Ideal --standard=802.11ax-6GHz --serverChannelWidth=160 --clientChannelWidth=160 --serverShortGuardInterval=1600 --clientShortGuardInterval=1600 --serverNss=4 --clientNss=4 --stepTime=0.1
[635/768] PASS: Example src/wifi/examples/wifi-manager-example --wifiManager=Ideal --standard=802.11ax-6GHz --serverChannelWidth=160 --clientChannelWidth=160 --serverShortGuardInterval=3200 --clientShortGuardInterval=3200 --serverNss=4 --clientNss=4 --stepTime=0.1
[636/768] PASS: Example src/wifi/examples/wifi-manager-example --wifiManager=MinstrelHt --standard=802.11ax-6GHz --serverChannelWidth=40 --clientChannelWidth=40 --serverShortGuardInterval=800 --clientShortGuardInterval=800 --serverNss=1 --clientNss=1 --stepTime=0.1
[637/768] PASS: Example src/wifi/examples/wifi-manager-example --wifiManager=MinstrelHt --standard=802.11ax-6GHz --serverChannelWidth=40 --clientChannelWidth=40 --serverShortGuardInterval=1600 --clientShortGuardInterval=1600 --serverNss=1 --clientNss=1 --stepTime=0.1
[638/768] PASS: Example src/wifi/examples/wifi-manager-example --wifiManager=MinstrelHt --standard=802.11ax-6GHz --serverChannelWidth=40 --clientChannelWidth=40 --serverShortGuardInterval=3200 --clientShortGuardInterval=3200 --serverNss=1 --clientNss=1 --stepTime=0.1
[639/768] PASS: Example src/wifi/examples/wifi-manager-example --wifiManager=MinstrelHt --standard=802.11ax-6GHz --serverChannelWidth=80 --clientChannelWidth=80 --serverShortGuardInterval=800 --clientShortGuardInterval=800 --serverNss=1 --clientNss=1 --stepTime=0.1
[640/768] PASS: Example src/wifi/examples/wifi-manager-example --wifiManager=MinstrelHt --standard=802.11ax-6GHz --serverChannelWidth=80 --clientChannelWidth=80 --serverShortGuardInterval=1600 --clientShortGuardInterval=1600 --serverNss=1 --clientNss=1 --stepTime=0.1
[641/768] PASS: Example src/wifi/examples/wifi-manager-example --wifiManager=MinstrelHt --standard=802.11ax-6GHz --serverChannelWidth=80 --clientChannelWidth=80 --serverShortGuardInterval=3200 --clientShortGuardInterval=3200 --serverNss=1 --clientNss=1 --stepTime=0.1
[642/768] PASS: Example src/wifi/examples/wifi-manager-example --wifiManager=MinstrelHt --standard=802.11ax-6GHz --serverChannelWidth=20 --clientChannelWidth=20 --serverShortGuardInterval=800 --clientShortGuardInterval=800 --serverNss=2 --clientNss=2 --stepTime=0.1
[643/768] PASS: Example src/wifi/examples/wifi-test-interference-helper --enableCapture=0 --txPowerA=5 --txPowerB=15 --delay=10us --txModeA=OfdmRate6Mbps --txModeB=OfdmRate6Mbps --checkResults=1 --expectRxASuccessful=0 --expectRxBSuccessful=0
[644/768] PASS: Example src/wifi/examples/wifi-manager-example --wifiManager=MinstrelHt --standard=802.11ax-5GHz --serverChannelWidth=160 --clientChannelWidth=160 --serverShortGuardInterval=1600 --clientShortGuardInterval=1600 --serverNss=4 --clientNss=4 --stepTime=0.1
[645/768] PASS: Example src/wifi/examples/wifi-manager-example --wifiManager=MinstrelHt --standard=802.11ax-5GHz --serverChannelWidth=160 --clientChannelWidth=160 --serverShortGuardInterval=3200 --clientShortGuardInterval=3200 --serverNss=4 --clientNss=4 --stepTime=0.1
[646/768] PASS: Example src/wifi/examples/wifi-test-interference-helper --enableCapture=0 --txPowerA=5 --txPowerB=15  --delay=17us --standard=WIFI_PHY_STANDARD_80211ac --preamble=WIFI_PREAMBLE_VHT_SU --txModeA=VhtMcs0 --txModeB=VhtMcs0 --checkResults=1 --expectRxASuccessful=0 --expectRxBSuccessful=0
[647/768] PASS: Example src/wifi/examples/wifi-test-interference-helper --enableCapture=0 --txPowerA=5 --txPowerB=15  --delay=20us --standard=WIFI_PHY_STANDARD_80211ac --preamble=WIFI_PREAMBLE_VHT_SU --txModeA=VhtMcs0 --txModeB=VhtMcs0 --checkResults=1 --expectRxASuccessful=0 --expectRxBSuccessful=0
[648/768] PASS: Example src/wifi/examples/wifi-test-interference-helper --enableCapture=0 --txPowerA=5 --txPowerB=15  --delay=27us --standard=WIFI_PHY_STANDARD_80211ac --preamble=WIFI_PREAMBLE_VHT_SU --txModeA=VhtMcs0 --txModeB=VhtMcs0 --checkResults=1 --expectRxASuccessful=0 --expectRxBSuccessful=0
[649/768] PASS: Example src/wifi/examples/wifi-test-interference-helper --enableCapture=1 --txPowerA=5 --txPowerB=15 --delay=10us --txModeA=OfdmRate6Mbps --txModeB=OfdmRate6Mbps --checkResults=1 --expectRxASuccessful=0 --expectRxBSuccessful=1
[650/768] PASS: Example src/uan/examples/uan-rc-example
[651/768] PASS: Example src/wifi/examples/wifi-manager-example --wifiManager=MinstrelHt --standard=802.11ax-6GHz --serverChannelWidth=160 --clientChannelWidth=160 --serverShortGuardInterval=800 --clientShortGuardInterval=800 --serverNss=1 --clientNss=1 --stepTime=0.1
[652/768] PASS: Example src/traffic-control/examples/adaptive-red-tests --testNumber=1
[653/768] PASS: Example src/traffic-control/examples/adaptive-red-tests --testNumber=2
[654/768] PASS: Example src/traffic-control/examples/adaptive-red-tests --testNumber=3
[655/768] PASS: Example src/traffic-control/examples/adaptive-red-tests --testNumber=4
[656/768] PASS: Example src/wifi/examples/wifi-manager-example --wifiManager=MinstrelHt --standard=802.11ax-6GHz --serverChannelWidth=160 --clientChannelWidth=160 --serverShortGuardInterval=1600 --clientShortGuardInterval=1600 --serverNss=1 --clientNss=1 --stepTime=0.1
[657/768] PASS: Example src/wifi/examples/wifi-manager-example --wifiManager=MinstrelHt --standard=802.11ax-6GHz --serverChannelWidth=160 --clientChannelWidth=160 --serverShortGuardInterval=3200 --clientShortGuardInterval=3200 --serverNss=1 --clientNss=1 --stepTime=0.1
[658/768] PASS: Example src/traffic-control/examples/adaptive-red-tests --testNumber=6
[659/768] PASS: Example src/traffic-control/examples/adaptive-red-tests --testNumber=7
[660/768] PASS: Example src/traffic-control/examples/adaptive-red-tests --testNumber=8
[661/768] PASS: Example src/traffic-control/examples/adaptive-red-tests --testNumber=9
[662/768] PASS: Example src/traffic-control/examples/adaptive-red-tests --testNumber=13
[663/768] PASS: Example src/traffic-control/examples/adaptive-red-tests --testNumber=11
[664/768] PASS: Example src/traffic-control/examples/adaptive-red-tests --testNumber=10
[665/768] PASS: Example src/traffic-control/examples/adaptive-red-tests --testNumber=12
[666/768] PASS: Example src/traffic-control/examples/adaptive-red-tests --testNumber=14
[667/768] PASS: Example src/traffic-control/examples/adaptive-red-tests --testNumber=15
[668/768] PASS: Example src/traffic-control/examples/codel-vs-pfifo-basic-test --queueDiscType=CoDel --simDuration=10
[669/768] PASS: Example src/traffic-control/examples/codel-vs-pfifo-basic-test --queueDiscType=PfifoFast --simDuration=10
[670/768] PASS: Example src/uan/examples/uan-cw-example
[671/768] PASS: Example src/traffic-control/examples/pfifo-vs-red --queueDiscType=PfifoFast
[672/768] PASS: Example src/traffic-control/examples/pfifo-vs-red --queueDiscType=PfifoFast --modeBytes=1
[673/768] PASS: Example src/traffic-control/examples/codel-vs-pfifo-asymmetric --routerWanQueueDiscType=PfifoFast --simDuration=10
[674/768] PASS: Example src/traffic-control/examples/pfifo-vs-red --queueDiscType=RED
[675/768] PASS: Example src/traffic-control/examples/red-tests --testNumber=1
[676/768] PASS: Example src/traffic-control/examples/pfifo-vs-red --queueDiscType=RED --modeBytes=1
[677/768] PASS: Example src/traffic-control/examples/red-tests --testNumber=3
[678/768] PASS: Example src/traffic-control/examples/codel-vs-pfifo-asymmetric --routerWanQueueDiscType=CoDel --simDuration=10
[679/768] PASS: Example src/traffic-control/examples/red-tests --testNumber=4
[680/768] PASS: Example src/traffic-control/examples/red-tests --testNumber=5
[681/768] PASS: Example src/stats/examples/double-probe-example
[682/768] PASS: Example src/traffic-control/examples/red-vs-ared --queueDiscType=RED
[683/768] PASS: Example src/traffic-control/examples/red-vs-ared --queueDiscType=RED --modeBytes=true
[684/768] PASS: Example src/stats/examples/file-aggregator-example
[685/768] PASS: Example src/traffic-control/examples/red-vs-ared --queueDiscType=ARED
[686/768] PASS: Example src/stats/examples/file-helper-example
[687/768] PASS: Example src/traffic-control/examples/red-vs-ared --queueDiscType=ARED --modeBytes=true
[688/768] PASS: Example src/stats/examples/gnuplot-aggregator-example
[689/768] PASS: Example src/stats/examples/gnuplot-helper-example
[690/768] PASS: Example src/spectrum/examples/adhoc-aloha-ideal-phy
[691/768] PASS: Example src/spectrum/examples/adhoc-aloha-ideal-phy-with-microwave-oven
[692/768] PASS: Example src/spectrum/examples/adhoc-aloha-ideal-phy-matrix-propagation-loss-model
[693/768] PASS: Example src/point-to-point/examples/main-attribute-value
[694/768] PASS: Example src/nix-vector-routing/examples/nix-simple
[695/768] PASS: Example src/network/examples/main-packet-header
[696/768] PASS: Example src/olsr/examples/simple-point-to-point-olsr
[697/768] PASS: Example src/network/examples/main-packet-tag
[698/768] PASS: Example src/propagation/examples/main-propagation-loss --test
[699/768] PASS: Example src/spectrum/examples/three-gpp-channel-example
[700/768] PASS: Example src/mobility/examples/main-grid-topology
[701/768] PASS: Example src/mobility/examples/main-random-topology
[702/768] PASS: Example src/wifi/examples/wifi-bianchi --validate --phyMode=OfdmRate6Mbps --nMinStas=5 --nMaxStas=10 --duration=15
[703/768] PASS: Example src/mobility/examples/main-random-walk
[704/768] PASS: Example src/netanim/examples/star-animation
[705/768] PASS: Example src/netanim/examples/dumbbell-animation
[706/768] PASS: Example src/netanim/examples/grid-animation
[707/768] PASS: Example src/mobility/examples/reference-point-group-mobility-example --useHelper=0
[708/768] PASS: Example src/mobility/examples/reference-point-group-mobility-example --useHelper=1
[709/768] PASS: Example src/netanim/examples/wireless-animation
[710/768] PASS: Example src/lte/examples/lena-cqi-threshold
[711/768] PASS: Example src/lte/examples/lena-dual-stripe --simTime=0.0 --nApartmentsX=1 --homeEnbDeploymentRatio=0.5 --nMacroEnbSites=0 --macroUeDensity=0 --nBlocks=1
[712/768] PASS: Example src/lte/examples/lena-dual-stripe --epc=1 --simTime=0.0 --nApartmentsX=1 --homeEnbDeploymentRatio=0.5 --nMacroEnbSites=0 --macroUeDensity=0 --nBlocks=1
[713/768] PASS: Example src/lte/examples/lena-dual-stripe --simTime=0.01
[714/768] PASS: Example src/lte/examples/lena-dual-stripe
[715/768] PASS: Example src/lte/examples/lena-dual-stripe --epc=1 --simTime=0.01
[716/768] PASS: Example src/lte/examples/lena-dual-stripe --epc=1 --useUdp=0 --simTime=0.01
[717/768] PASS: Example src/lte/examples/lena-dual-stripe --nBlocks=1  --nMacroEnbSites=0 --macroUeDensity=0 --homeEnbDeploymentRatio=1 --homeEnbActivationRatio=1 --homeUesHomeEnbRatio=2 --macroEnbTxPowerDbm=0 --simTime=0.01
[718/768] PASS: Example src/lte/examples/lena-dual-stripe --epc=1 --fadingTrace=../../src/lte/model/fading-traces/fading_trace_EPA_3kmph.fad --simTime=0.01
[719/768] PASS: Example src/lte/examples/lena-dual-stripe --nMacroEnbSites=0 --macroUeDensity=0 --nBlocks=1 --nApartmentsX=4 --nMacroEnbSitesX=0 --homeEnbDeploymentRatio=1 --homeEnbActivationRatio=1 --macroEnbTxPowerDbm=0 --epcDl=1 --epcUl=0 --epc=1 --numBearersPerUe=4 --homeUesHomeEnbRatio=15 --simTime=0.01
[720/768] PASS: Example src/lte/examples/lena-fading
[721/768] PASS: Example src/lte/examples/lena-intercell-interference --simTime=0.1
[722/768] PASS: Example src/lte/examples/lena-pathloss-traces
[723/768] PASS: Example src/wifi/examples/wifi-manager-example --wifiManager=MinstrelHt --standard=802.11ax-6GHz --serverChannelWidth=160 --clientChannelWidth=160 --serverShortGuardInterval=1600 --clientShortGuardInterval=1600 --serverNss=4 --clientNss=4 --stepTime=0.1
[724/768] PASS: Example src/lte/examples/lena-profiling
[725/768] PASS: Example src/lte/examples/lena-profiling --simTime=0.1 --nUe=2 --nEnb=5 --nFloors=0
[726/768] PASS: Example src/lte/examples/lena-profiling --simTime=0.1 --nUe=3 --nEnb=6 --nFloors=1
[727/768] PASS: Example src/wifi/examples/wifi-manager-example --wifiManager=MinstrelHt --standard=802.11ax-6GHz --serverChannelWidth=160 --clientChannelWidth=160 --serverShortGuardInterval=3200 --clientShortGuardInterval=3200 --serverNss=4 --clientNss=4 --stepTime=0.1
[728/768] PASS: Example src/lte/examples/lena-rlc-traces
[729/768] PASS: Example src/lte/examples/lena-rem
[730/768] PASS: Example src/lte/examples/lena-rem-sector-antenna
[731/768] PASS: Example src/lte/examples/lena-simple-epc
[732/768] PASS: Example src/lte/examples/lena-simple
[733/768] PASS: Example src/lte/examples/lena-x2-handover
[734/768] PASS: Example src/lr-wpan/examples/lr-wpan-data
[735/768] PASS: Example src/lte/examples/lena-ipv6-addr-conf
[736/768] PASS: Example src/lte/examples/lena-ipv6-ue-rh
[737/768] PASS: Example src/lte/examples/lena-ipv6-ue-ue
[738/768] PASS: Example src/lr-wpan/examples/lr-wpan-error-model-plot
[739/768] PASS: Example src/lr-wpan/examples/lr-wpan-packet-print
[740/768] PASS: Example src/lr-wpan/examples/lr-wpan-phy-test
[741/768] PASS: Example src/internet/examples/main-simple
[742/768] PASS: Example src/lr-wpan/examples/lr-wpan-error-distance-plot
[743/768] PASS: Example src/fd-net-device/examples/dummy-network
[744/768] PASS: Example src/energy/examples/basic-energy-model-test
[745/768] PASS: Example src/csma/examples/csma-broadcast
[746/768] PASS: Example src/csma/examples/csma-multicast
[747/768] PASS: Example src/fd-net-device/examples/fd2fd-onoff
[748/768] PASS: Example src/energy/examples/rv-battery-model-test
[749/768] PASS: Example src/csma/examples/csma-one-subnet
[750/768] PASS: Example src/csma/examples/csma-packet-socket
[751/768] PASS: Example src/core/examples/main-callback
[752/768] PASS: Example src/csma/examples/csma-ping
[753/768] PASS: Example src/csma/examples/csma-raw-ip-socket
[754/768] PASS: Example src/core/examples/sample-simulator
[755/768] PASS: Example src/core/examples/main-ptr
[756/768] PASS: Example src/core/examples/sample-random-variable
[757/768] PASS: Example src/core/examples/test-string-value-formatting
[758/768] PASS: Example src/buildings/examples/outdoor-group-mobility-example --useHelper=0
[759/768] PASS: Example src/buildings/examples/outdoor-group-mobility-example --useHelper=1
[760/768] PASS: Example src/bridge/examples/csma-bridge
[761/768] PASS: Example src/bridge/examples/csma-bridge-one-hop
[762/768] PASS: Example src/config-store/examples/config-store-save
[763/768] PASS: Example src/buildings/examples/buildings-pathloss-profiler
[764/768] PASS: Example src/lte/examples/lena-radio-link-failure --numberOfEnbs=1 --simTime=17
[765/768] PASS: Example src/lte/examples/lena-radio-link-failure --numberOfEnbs=1 --useIdealRrc=0 --simTime=17
[766/768] PASS: Example src/lte/examples/lena-radio-link-failure --numberOfEnbs=2 --interSiteDistance=700 --simTime=17
[767/768] PASS: Example src/lte/examples/lena-radio-link-failure --numberOfEnbs=2 --useIdealRrc=0 --interSiteDistance=700 --simTime=17
768 of 768 tests passed (768 passed, 0 skipped, 0 failed, 0 crashed, 0 valgrind errors)

Writing results to text file "/mnt/c/research-project-backup/daily/PreDay18_ns3语义正确基线重建/logs/ns3_official_tests.txt"...done.
Writing results to xml file /mnt/c/research-project-backup/daily/PreDay18_ns3语义正确基线重建/results/audit/ns3_official_tests.xml...done.
