protocol,hop_count,packet_count,seed,measurement_end_time,created_packets,delivered_packets,dropped_packets,delivery_ratio,average_end_to_end_delay,p50_end_to_end_delay,p95_end_to_end_delay,p99_end_to_end_delay,maximum_end_to_end_delay,throughput_bps,retransmissions,collision_or_conflict_events,contention_attempts,control_frames_sent,control_bytes_sent,data_frames_sent,data_bytes_sent,total_frames_sent,total_bytes_sent,queue_overflow_drops,maximum_queue_length,average_queue_delay,maximum_queue_delay,active_reservations_after_run,terminal_sessions,simulation_end_time,wall_clock_runtime,platform,sensitivity_type,scenario_id,load_level,interarrival_time,successful_hops,difs_starts,segment_queue_entries,maximum_segment_queue_length,average_segment_queue_delay,maximum_segment_queue_delay,ack_frames_sent,ack_bytes_sent,frames_per_created_packet,bytes_per_created_packet,control_bytes_per_delivered_packet,total_segments,completed_segments,per_flow_metrics,flow_count,jain_fairness,multiflow_scenario,traffic_type
DCF,4,200,7,4.012953000000038,200,200,0,1.0,0.0724090550000016,0.07826700000000109,0.09984140000000737,0.11647894000000553,0.12520299999997175,408277.8941093964,117,58,917,800,11200,917,970186,1717,981386,0,0,0.0077976575000000626,0.0,0,200,4.012953000000038,0.33791259999998147,python,burst,python-burst-4hop-medium-seed-7-DCF,medium,,,,,,,,,,,,,,,,,,,
Fixed-PRMAC,4,200,7,3.961416000000001,200,200,0,1.0,0.0387425000000003,,0.05745800000000347,0.05763599999999958,0.05765599999999926,413589.4841642482,0,0,400,2400,64000,800,846400,4000,921600,0,,,,0,200,,0.10647850000168546,python,burst,python-burst-4hop-medium-seed-7-Fixed-PRMAC,medium,0.019618090452261316,800,400,400,5,0.00928905000000006,0.037332000000000226,800,11200,20.0,4608.0,320.0,400,400,,,,,
DCF,4,200,17,3.994803000000016,200,200,0,1.0,0.07362620000000812,0.08159799999999462,0.0994210000000035,0.11320866999997839,0.12278200000002171,410132.865125012,114,57,914,800,11200,914,967012,1714,978212,0,0,0.007592513750001331,0.0,0,200,3.994803000000016,0.3939159000001382,python,burst,python-burst-4hop-medium-seed-17-DCF,medium,,,,,,,,,,,,,,,,,,,
Fixed-PRMAC,4,200,17,3.961596000000002,200,200,0,1.0,0.038715400000000344,,0.05739699999999887,0.0575959999999998,0.057675999999999394,413570.6922159653,0,0,400,2400,64000,800,846400,4000,921600,0,,,,0,200,,0.11353919999965001,python,burst,python-burst-4hop-medium-seed-17-Fixed-PRMAC,medium,0.019618090452261316,800,400,400,5,0.00927835000000008,0.03737199999999952,800,11200,20.0,4608.0,320.0,400,400,,,,,
DCF,4,200,27,4.003875000000018,200,200,0,1.0,0.07279962000000173,0.07749400000000595,0.09802655000003985,0.10001433000001575,0.1086440000000003,409203.5840279711,126,63,926,800,11200,926,979708,1726,990908,0,0,0.0076404512500000835,0.0,0,200,4.003875000000018,0.36405999999988126,python,burst,python-burst-4hop-medium-seed-27-DCF,medium,,,,,,,,,,,,,,,,,,,
Fixed-PRMAC,4,200,27,3.961136000000002,200,200,0,1.0,0.03871370000000036,,0.05737599999999878,0.057676399999998955,0.05779599999999929,413618.71947845246,0,0,400,2400,64000,800,846400,4000,921600,0,,,,0,200,,0.09715159999905154,python,burst,python-burst-4hop-medium-seed-27-Fixed-PRMAC,medium,0.019618090452261316,800,400,400,5,0.009277900000000084,0.03745200000000293,800,11200,20.0,4608.0,320.0,400,400,,,,,
DCF,4,200,37,3.994606000000014,200,200,0,1.0,0.0723042550000046,0.07809650000000157,0.09564914999999996,0.09959760000001354,0.10099500000002282,410153.09144381055,119,59,919,800,11200,919,972302,1719,983502,0,0,0.007567163750000634,0.0,0,200,3.994606000000014,0.31912349999765866,python,burst,python-burst-4hop-medium-seed-37-DCF,medium,,,,,,,,,,,,,,,,,,,
Fixed-PRMAC,4,200,37,3.961356000000001,200,200,0,1.0,0.0387595000000003,,0.05749599999999894,0.05765639999999931,0.05771599999999877,413595.7485265145,0,0,400,2400,64000,800,846400,4000,921600,0,,,,0,200,,0.12231249999967986,python,burst,python-burst-4hop-medium-seed-37-Fixed-PRMAC,medium,0.019618090452261316,800,400,400,5,0.009292800000000061,0.03739200000000298,800,11200,20.0,4608.0,320.0,400,400,,,,,
DCF,4,200,47,3.9897000000000107,200,200,0,1.0,0.06871685500000226,0.0740420000000041,0.09519400000001377,0.1005223099999823,0.10858199999998108,410657.4429155063,101,49,901,800,11200,901,953258,1701,964458,0,0,0.006924392500000189,0.0,0,200,3.9897000000000107,0.3386242000015045,python,burst,python-burst-4hop-medium-seed-47-DCF,medium,,,,,,,,,,,,,,,,,,,
Fixed-PRMAC,4,200,47,3.9608960000000017,200,200,0,1.0,0.03871800000000034,,0.05743600000000019,0.05757619999999846,0.057635999999999576,413643.7816090095,0,0,400,2400,64000,800,846400,4000,921600,0,,,,0,200,,0.10066739999820129,python,burst,python-burst-4hop-medium-seed-47-Fixed-PRMAC,medium,0.019618090452261316,800,400,400,5,0.00928460000000008,0.03737200000000285,800,11200,20.0,4608.0,320.0,400,400,,,,,
DCF,4,200,57,4.061464000000155,200,200,0,1.0,0.1280705500000257,0.12967899999998822,0.19949549999995633,0.21940747000008648,0.23672500000014862,403401.3350850672,204,100,1004,800,11200,1004,1062232,1804,1073432,0,0,0.017807537500005476,0.0,0,200,4.061464000000155,0.39463529999920866,python,burst,python-burst-4hop-medium-seed-57-DCF,medium,,,,,,,,,,,,,,,,,,,
Fixed-PRMAC,4,200,57,3.9613760000000013,200,200,0,1.0,0.03873030000000035,,0.0574169999999997,0.05763619999999913,0.05767599999999895,413593.66038467427,0,0,400,2400,64000,800,846400,4000,921600,0,,,,0,200,,0.09809890000178711,python,burst,python-burst-4hop-medium-seed-57-Fixed-PRMAC,medium,0.019618090452261316,800,400,400,5,0.009284400000000081,0.03739199999999876,800,11200,20.0,4608.0,320.0,400,400,,,,,
DCF,4,200,67,3.994203000000012,200,200,0,1.0,0.06904843500000522,0.07512750000000135,0.09543000000001498,0.10007343000001771,0.10035500000001862,410194.4743419388,100,49,900,800,11200,900,952200,1700,963400,0,0,0.007107212500000728,0.0,0,200,3.994203000000012,0.34611900000163587,python,burst,python-burst-4hop-medium-seed-67-DCF,medium,,,,,,,,,,,,,,,,,,,
Fixed-PRMAC,4,200,67,3.961656000000002,200,200,0,1.0,0.038727500000000324,,0.05737599999999966,0.057576800000004244,0.05775599999999903,413564.428612681,0,0,400,2400,64000,800,846400,4000,921600,0,,,,0,200,,0.11966269999902579,python,burst,python-burst-4hop-medium-seed-67-Fixed-PRMAC,medium,0.019618090452261316,800,400,400,5,0.00928620000000007,0.03733200000000303,800,11200,20.0,4608.0,320.0,400,400,,,,,
DCF,4,200,77,3.998772000000012,200,200,0,1.0,0.07113487000000375,0.07816800000000124,0.09477585000000924,0.09936102999999978,0.10481200000000031,409725.7858162443,85,42,885,800,11200,885,936330,1685,947530,0,0,0.007474328750000528,0.0,0,200,3.998772000000012,0.3313938999999664,python,burst,python-burst-4hop-medium-seed-77-DCF,medium,,,,,,,,,,,,,,,,,,,
Fixed-PRMAC,4,200,77,3.961296000000001,200,200,0,1.0,0.038746500000000315,,0.057397999999999824,0.05759659999999843,0.05769600000000419,413602.01307854796,0,0,400,2400,64000,800,846400,4000,921600,0,,,,0,200,,0.10042450000037206,python,burst,python-burst-4hop-medium-seed-77-Fixed-PRMAC,medium,0.019618090452261316,800,400,400,5,0.009290550000000074,0.037471999999999284,800,11200,20.0,4608.0,320.0,400,400,,,,,
DCF,4,200,87,3.9995520000000173,200,200,0,1.0,0.06850585000000334,0.07440050000000309,0.0948781499999938,0.09593414000000355,0.09963200000001482,409645.8803385961,86,43,886,800,11200,886,937388,1686,948588,0,0,0.007126920000000427,0.0,0,200,3.9995520000000173,0.33810649999941234,python,burst,python-burst-4hop-medium-seed-87-DCF,medium,,,,,,,,,,,,,,,,,,,
Fixed-PRMAC,4,200,87,3.961056000000001,200,200,0,1.0,0.03873320000000032,,0.05741600000000045,0.0575565999999985,0.057615999999999445,413627.07318452443,0,0,400,2400,64000,800,846400,4000,921600,0,,,,0,200,,0.1034717999973509,python,burst,python-burst-4hop-medium-seed-87-Fixed-PRMAC,medium,0.019618090452261316,800,400,400,5,0.009286900000000075,0.03735199999999894,800,11200,20.0,4608.0,320.0,400,400,,,,,
DCF,4,200,97,3.9893800000000086,200,200,0,1.0,0.07189726000000206,0.07869650000000816,0.09948980000000712,0.11545403000000837,0.13158800000000048,410690.3829667759,109,53,909,800,11200,909,961722,1709,972922,0,0,0.007570708750000166,0.0,0,200,3.9893800000000086,0.3439332999987528,python,burst,python-burst-4hop-medium-seed-97-DCF,medium,,,,,,,,,,,,,,,,,,,
Fixed-PRMAC,4,200,97,3.9613960000000015,200,200,0,1.0,0.03874060000000039,,0.057416000000000494,0.05753659999999936,0.05779599999999929,413591.57226391893,0,0,400,2400,64000,800,846400,4000,921600,0,,,,0,200,,0.10610580000138725,python,burst,python-burst-4hop-medium-seed-97-Fixed-PRMAC,medium,0.019618090452261316,800,400,400,5,0.009286150000000095,0.03743200000000302,800,11200,20.0,4608.0,320.0,400,400,,,,,
DCF,4,200,107,3.9942630000000126,200,200,0,1.0,0.07245812000002423,0.07764500000000457,0.10001625000004699,0.11536803000005812,0.14465800000004014,410188.3125873271,123,61,923,800,11200,923,976534,1723,987734,0,0,0.007488333750004526,0.0,0,200,3.9942630000000126,0.3689253999982611,python,burst,python-burst-4hop-medium-seed-107-DCF,medium,,,,,,,,,,,,,,,,,,,
Fixed-PRMAC,4,200,107,3.9615160000000014,200,200,0,1.0,0.03873250000000034,,0.05739599999999891,0.057516799999999285,0.05777599999999916,413579.0439821521,0,0,400,2400,64000,800,846400,4000,921600,0,,,,0,200,,0.1168022000019846,python,burst,python-burst-4hop-medium-seed-107-Fixed-PRMAC,medium,0.019618090452261316,800,400,400,5,0.009288100000000079,0.03737199999999952,800,11200,20.0,4608.0,320.0,400,400,,,,,
DCF,4,200,117,3.9939320000000293,200,200,0,1.0,0.07159955500000854,0.07729400000002595,0.0991147500000108,0.10481801000002045,0.13611100000000076,410222.3072400802,128,63,928,800,11200,928,981824,1728,993024,0,0,0.007232548750001426,0.0,0,200,3.9939320000000293,0.36032350000095903,python,burst,python-burst-4hop-medium-seed-117-DCF,medium,,,,,,,,,,,,,,,,,,,
Fixed-PRMAC,4,200,117,3.961436000000001,200,200,0,1.0,0.03872750000000034,,0.057435999999998794,0.057637199999998466,0.057776000000004046,413587.3960856618,0,0,400,2400,64000,800,846400,4000,921600,0,,,,0,200,,0.11654399999679299,python,burst,python-burst-4hop-medium-seed-117-Fixed-PRMAC,medium,0.019618090452261316,800,400,400,5,0.009286450000000075,0.03741199999999889,800,11200,20.0,4608.0,320.0,400,400,,,,,
DCF,4,200,127,4.009421000000024,200,200,0,1.0,0.08334790500000037,0.08547000000000432,0.13491199999998268,0.17693260999995536,0.18309400000000775,408637.5563952976,150,75,950,800,11200,950,1005100,1750,1016300,0,0,0.009506341249999791,0.0,0,200,4.009421000000024,0.3984168999995745,python,burst,python-burst-4hop-medium-seed-127-DCF,medium,,,,,,,,,,,,,,,,,,,
Fixed-PRMAC,4,200,127,3.9612960000000013,200,200,0,1.0,0.03892092000000033,,0.057497000000000034,0.05787573999999883,0.07510800000000484,413602.0130785479,6,6,406,2412,64360,800,846400,4012,921960,0,,,,0,200,,0.12786570000025677,python,burst,python-burst-4hop-medium-seed-127-Fixed-PRMAC,medium,0.019618090452261316,800,406,400,5,0.009333130000000078,0.03741200000000289,800,11200,20.06,4609.8,321.8,400,400,,,,,
DCF,4,200,137,3.9938030000000095,200,200,0,1.0,0.07050894500000474,0.07754800000000345,0.09503500000001219,0.09849114000002702,0.10019200000001849,410235.55743735883,90,45,890,800,11200,890,941620,1690,952820,0,0,0.007353281250000672,0.0,0,200,3.9938030000000095,0.33045209999909275,python,burst,python-burst-4hop-medium-seed-137-DCF,medium,,,,,,,,,,,,,,,,,,,
Fixed-PRMAC,4,200,137,3.9611760000000014,200,200,0,1.0,0.03886620000000034,,0.057496999999999354,0.057688519999999945,0.0702459999999987,413614.54275195027,5,5,405,2410,64300,800,846400,4010,921900,0,,,,0,200,,0.10239369999908376,python,burst,python-burst-4hop-medium-seed-137-Fixed-PRMAC,medium,0.019618090452261316,800,405,400,5,0.00932167500000008,0.03731199999999957,800,11200,20.05,4609.5,321.5,400,400,,,,,
DCF,4,200,147,3.992201000000037,200,200,0,1.0,0.07180585000000683,0.07641250000003086,0.0956208500000286,0.10018929000001742,0.1677160000000284,410400.1777465576,108,53,908,800,11200,908,960664,1708,971864,0,0,0.007130153750001063,0.0,0,200,3.992201000000037,0.32964369999899645,python,burst,python-burst-4hop-medium-seed-147-DCF,medium,,,,,,,,,,,,,,,,,,,
Fixed-PRMAC,4,200,147,3.961536000000001,200,200,0,1.0,0.03873750000000032,,0.05743699999999853,0.05753659999999892,0.0575960000000042,413576.95600898226,0,0,400,2400,64000,800,846400,4000,921600,0,,,,0,200,,0.09898870000324678,python,burst,python-burst-4hop-medium-seed-147-Fixed-PRMAC,medium,0.019618090452261316,800,400,400,5,0.00928840000000007,0.03729199999999944,800,11200,20.0,4608.0,320.0,400,400,,,,,
DCF,4,200,157,4.0118180000000985,200,200,0,1.0,0.07613355500001362,0.08205949999999851,0.10435945000009104,0.11361352000002069,0.14471400000008927,408393.401694683,147,72,947,800,11200,947,1001926,1747,1013126,0,0,0.008011398750002367,0.0,0,200,4.0118180000000985,0.4151622000026691,python,burst,python-burst-4hop-medium-seed-157-DCF,medium,,,,,,,,,,,,,,,,,,,
Fixed-PRMAC,4,200,157,3.9610360000000013,200,200,0,1.0,0.038747500000000296,,0.057475999999998445,0.05761619999999999,0.05763599999999991,413629.1616637666,0,0,400,2400,64000,800,846400,4000,921600,0,,,,0,200,,0.11014820000127656,python,burst,python-burst-4hop-medium-seed-157-Fixed-PRMAC,medium,0.019618090452261316,800,400,400,5,0.009287900000000057,0.037431999999999965,800,11200,20.0,4608.0,320.0,400,400,,,,,
DCF,4,200,167,4.002767000000028,200,200,0,1.0,0.07156791000000157,0.07874800000000498,0.09650504999999225,0.10022630000001632,0.13359799999997457,409316.8550655056,108,54,908,800,11200,908,960664,1708,971864,0,0,0.007512896250000091,0.0,0,200,4.002767000000028,0.34518459999890183,python,burst,python-burst-4hop-medium-seed-167-DCF,medium,,,,,,,,,,,,,,,,,,,
Fixed-PRMAC,4,200,167,3.961296000000001,200,200,0,1.0,0.03873550000000032,,0.057397000000000004,0.05759640000000392,0.05769599999999908,413602.01307854796,0,0,400,2400,64000,800,846400,4000,921600,0,,,,0,200,,0.10516660000212141,python,burst,python-burst-4hop-medium-seed-167-Fixed-PRMAC,medium,0.019618090452261316,800,400,400,5,0.009291050000000065,0.037391999999999204,800,11200,20.0,4608.0,320.0,400,400,,,,,
DCF,4,200,177,3.993435000000025,200,200,0,1.0,0.07326146500002158,0.07936099999999709,0.10021699999999982,0.10949148000013041,0.12307900000008765,410273.3611539914,126,62,926,800,11200,926,979708,1726,990908,0,0,0.007822688750004008,0.0,0,200,3.993435000000025,0.35986570000022766,python,burst,python-burst-4hop-medium-seed-177-DCF,medium,,,,,,,,,,,,,,,,,,,
Fixed-PRMAC,4,200,177,3.9612760000000007,200,200,0,1.0,0.03875380000000031,,0.05743799999999914,0.05765700000000388,0.05779600000000418,413604.10130473104,0,0,400,2400,64000,800,846400,4000,921600,0,,,,0,200,,0.10181830000146874,python,burst,python-burst-4hop-medium-seed-177-Fixed-PRMAC,medium,0.019618090452261316,800,400,400,5,0.009293250000000067,0.037351999999999386,800,11200,20.0,4608.0,320.0,400,400,,,,,
DCF,4,200,187,4.006370000000045,200,200,0,1.0,0.07104525500000554,0.07695000000002,0.09899340000002724,0.10238728000004241,0.14393500000003634,408948.7491170266,115,57,915,800,11200,915,968070,1715,979270,0,0,0.007096535000000805,0.0,0,200,4.006370000000045,0.3549934000002395,python,burst,python-burst-4hop-medium-seed-187-DCF,medium,,,,,,,,,,,,,,,,,,,
Fixed-PRMAC,4,200,187,3.9616160000000016,200,200,0,1.0,0.03877770000000031,,0.057495999999999575,0.05765659999999931,0.05779599999999929,413568.6043271229,0,0,400,2400,64000,800,846400,4000,921600,0,,,,0,200,,0.12601329999961308,python,burst,python-burst-4hop-medium-seed-187-Fixed-PRMAC,medium,0.019618090452261316,800,400,400,5,0.009299850000000064,0.037391999999999204,800,11200,20.0,4608.0,320.0,400,400,,,,,
DCF,4,200,197,3.9942430000000124,200,200,0,1.0,0.07083868500000462,0.0775880000000033,0.09513300000001243,0.09934483000001199,0.11133900000002361,410190.36648496223,102,51,902,800,11200,902,954316,1702,965516,0,0,0.007247613750000637,0.0,0,200,3.9942430000000124,0.35504149999906076,python,burst,python-burst-4hop-medium-seed-197-DCF,medium,,,,,,,,,,,,,,,,,,,
Fixed-PRMAC,4,200,197,3.9611960000000015,200,200,0,1.0,0.03873870000000031,,0.05745699999999885,0.05755639999999905,0.057616000000003886,413612.45442033146,0,0,400,2400,64000,800,846400,4000,921600,0,,,,0,200,,0.09550470000249334,python,burst,python-burst-4hop-medium-seed-197-Fixed-PRMAC,medium,0.019618090452261316,800,400,400,5,0.009283650000000065,0.037332000000000226,800,11200,20.0,4608.0,320.0,400,400,,,,,
DCF,4,200,7,4.01275300000014,200,200,0,1.0,1.4578515950000321,1.5177194999999988,2.462508300000134,2.484423380000124,2.500303000000126,408298.2431263381,200,99,1000,800,11200,1000,1058000,1800,1069200,0,0,0.34681298875000754,0.0,0,200,4.01275300000014,0.426746600001934,python,burst,python-burst-4hop-high-seed-7-DCF,high,,,,,,,,,,,,,,,,,,,
Fixed-PRMAC,4,200,7,2.2291080000000507,200,194,6,0.97,0.32674872164949764,,0.6294697000000512,0.6540732400000505,0.6651080000000495,712952.4455521957,79,85,477,2578,69500,784,829472,4146,909948,0,,,,0,200,,0.11342979999972158,python,burst,python-burst-4hop-high-seed-7-Fixed-PRMAC,high,0.007859296482412067,784,477,398,57,0.15337947738694108,0.6042580000000541,784,10976,20.73,4549.74,358.2474226804124,398,392,,,,,
DCF,4,200,17,4.0644490000001525,200,200,0,1.0,1.5876330700000394,1.8276350000000114,2.5106453000001476,2.530949920000144,2.534569000000145,403105.0703305512,230,110,1030,800,11200,1030,1089740,1830,1100940,0,0,0.3780282162500092,0.0,0,200,4.0644490000001525,0.5014836000009382,python,burst,python-burst-4hop-high-seed-17-DCF,high,,,,,,,,,,,,,,,,,,,
Fixed-PRMAC,4,200,17,2.2121980000000496,200,191,9,0.955,0.31343762303666056,,0.616364000000051,0.6369312000000491,0.6481980000000485,707292.927667399,84,93,482,2578,69560,778,823124,4134,903576,0,,,,0,200,,0.12497210000219638,python,burst,python-burst-4hop-high-seed-17-Fixed-PRMAC,high,0.007859296482412067,778,482,398,51,0.14987949246231744,0.5664220000000573,778,10892,20.67,4517.88,364.18848167539267,398,389,,,,,
DCF,4,200,27,4.019136000000156,200,200,0,1.0,1.4830229200000415,1.5494979999999923,2.487964000000139,2.5065506600001424,2.5149240000001374,407649.80334080174,205,100,1005,800,11200,1005,1063290,1805,1074490,0,0,0.35355742250000977,0.0,0,200,4.019136000000156,0.3992653999994218,python,burst,python-burst-4hop-high-seed-27-DCF,high,,,,,,,,,,,,,,,,,,,
Fixed-PRMAC,4,200,27,2.198596000000055,200,195,5,0.975,0.33014646153847477,,0.5962316000000548,0.6234571200000545,0.6345960000000537,726572.7764445856,75,80,474,2580,69520,788,833704,4156,914256,0,,,,0,200,,0.14186870000048657,python,burst,python-burst-4hop-high-seed-27-Fixed-PRMAC,high,0.007859296482412067,788,474,399,53,0.15337962907268807,0.5834160000000541,788,11032,20.78,4571.28,356.5128205128205,399,394,,,,,
DCF,4,200,37,4.013914000000137,200,200,0,1.0,1.7087107900000411,1.847038500000022,2.4716164000001166,2.485723380000123,2.501484000000124,408180.14536433615,207,99,1007,800,11200,1007,1065406,1807,1076606,0,0,0.40916391875000974,0.0,0,200,4.013914000000137,0.464928699999291,python,burst,python-burst-4hop-high-seed-37-DCF,high,,,,,,,,,,,,,,,,,,,
Fixed-PRMAC,4,200,37,2.2986660000000483,200,193,7,0.965,0.3780305284974241,,0.6990028000000486,0.7237177600000477,0.7346660000000471,687814.5846329858,123,130,521,2702,73240,782,827356,4266,911544,0,,,,0,200,,0.11099760000070091,python,burst,python-burst-4hop-high-seed-37-Fixed-PRMAC,high,0.007859296482412067,782,521,398,59,0.17901726633166537,0.6319980000000582,782,10948,21.33,4557.72,379.4818652849741,398,391,,,,,
DCF,4,200,47,3.9763890000001583,200,200,0,1.0,1.476046815000047,1.4678715000000095,2.4493340500001306,2.462507970000119,2.470384000000119,412032.12261173007,187,91,987,800,11200,987,1044246,1787,1055446,0,0,0.3512030062500111,0.0,0,200,3.9763890000001583,0.42269409999789787,python,burst,python-burst-4hop-high-seed-47-DCF,high,,,,,,,,,,,,,,,,,,,
Fixed-PRMAC,4,200,47,2.211480000000049,200,196,4,0.98,0.3106232959183792,,0.611508500000049,0.6364246000000486,0.647480000000048,726044.0971656828,49,53,449,2482,66540,792,837936,4066,915564,0,,,,0,200,,0.1039664999989327,python,burst,python-burst-4hop-high-seed-47-Fixed-PRMAC,high,0.007859296482412067,792,449,400,48,0.1455267800000057,0.4735220000000562,792,11088,20.33,4577.82,339.48979591836735,400,396,,,,,
DCF,4,200,57,4.022137000000155,200,200,0,1.0,1.478481270000041,1.5632300000000035,2.4476952000001537,2.463039920000151,2.475607000000153,407345.6473511312,209,100,1009,800,11200,1009,1067522,1809,1078722,0,0,0.35243273625000965,0.0,0,200,4.022137000000155,0.4352227000017592,python,burst,python-burst-4hop-high-seed-57-DCF,high,,,,,,,,,,,,,,,,,,,
Fixed-PRMAC,4,200,57,2.216128000000058,200,192,8,0.96,0.3645680937500146,,0.616354900000058,0.6408188800000574,0.6521280000000569,709735.1777514471,78,86,475,2584,69740,778,823124,4140,903756,0,,,,0,200,,0.10739920000196435,python,burst,python-burst-4hop-high-seed-57-Fixed-PRMAC,high,0.007859296482412067,778,475,397,60,0.17190724433250068,0.6312440000000559,778,10892,20.7,4518.78,363.2291666666667,397,389,,,,,
DCF,4,200,67,3.9826320000001822,200,200,0,1.0,1.6818381300000658,2.1382005000000444,2.5952603000001204,2.6061664800001174,2.6245120000001227,411386.23904993606,187,91,987,800,11200,987,1044246,1787,1055446,0,0,0.40345287500001586,0.0,0,200,3.9826320000001822,0.408884799999214,python,burst,python-burst-4hop-high-seed-67-DCF,high,,,,,,,,,,,,,,,,,,,
Fixed-PRMAC,4,200,67,2.2886820000000507,200,190,10,0.95,0.35257263157896135,,0.6890511000000514,0.7133841200000506,0.7246820000000496,680077.0050185939,122,132,519,2678,72600,774,818892,4226,902328,0,,,,0,200,,0.12292669999806094,python,burst,python-burst-4hop-high-seed-67-Fixed-PRMAC,high,0.007859296482412067,774,519,397,54,0.16767028715365928,0.6425920000000562,774,10836,21.13,4511.64,382.10526315789474,397,387,,,,,
DCF,4,200,77,4.004887000000162,200,200,0,1.0,1.5590645150000477,1.8378155000000231,2.4641478000001333,2.4853412600001454,2.492577000000148,409100.1818528048,204,97,1004,800,11200,1004,1062232,1804,1073432,0,0,0.3715803700000113,0.0,0,200,4.004887000000162,0.4287633999992977,python,burst,python-burst-4hop-high-seed-77-DCF,high,,,,,,,,,,,,,,,,,,,
Fixed-PRMAC,4,200,77,2.2374380000000533,200,193,7,0.965,0.3691553264248868,,0.6372988000000542,0.6619945600000532,0.6734380000000522,706636.7872539763,80,87,480,2558,68880,786,831588,4130,911472,0,,,,0,200,,0.11613209999995888,python,burst,python-burst-4hop-high-seed-77-Fixed-PRMAC,high,0.007859296482412067,786,480,400,53,0.17282322500000766,0.5292940000000568,786,11004,20.65,4557.36,356.8911917098446,400,393,,,,,
DCF,4,200,87,3.9750700000001764,200,200,0,1.0,1.4085674800000447,1.6810895000000214,2.3953257000001664,2.4139469400001623,2.419228000000169,412168.84230967687,183,89,983,800,11200,983,1040014,1783,1051214,0,0,0.33541930250001056,0.0,0,200,3.9750700000001764,0.43611109999983455,python,burst,python-burst-4hop-high-seed-87-DCF,high,,,,,,,,,,,,,,,,,,,
Fixed-PRMAC,4,200,87,2.159954000000057,200,195,5,0.975,0.331954369230784,,0.5598906000000573,0.584843520000057,0.595954000000056,739571.3056851941,54,59,452,2538,68280,786,831588,4110,910872,0,,,,0,200,,0.10615419999885489,python,burst,python-burst-4hop-high-seed-87-Fixed-PRMAC,high,0.007859296482412067,786,452,398,58,0.15484992964824815,0.5754100000000555,786,11004,20.55,4554.36,350.15384615384613,398,393,,,,,
DCF,4,200,97,4.033291000000171,200,200,0,1.0,1.7006987400000586,1.754828500000026,2.5963353000001335,2.615729060000127,2.6196750000001323,406219.13965541555,211,104,1011,800,11200,1011,1069638,1811,1080838,0,0,0.407086113750014,0.0,0,200,4.033291000000171,0.4173468999979377,python,burst,python-burst-4hop-high-seed-97-DCF,high,,,,,,,,,,,,,,,,,,,
Fixed-PRMAC,4,200,97,2.1532200000000556,200,196,4,0.98,0.3118623979591971,,0.5528785000000561,0.5778786000000559,0.5892200000000545,745688.782381716,66,70,465,2576,69380,790,835820,4156,916260,0,,,,0,200,,0.10198870000021998,python,burst,python-burst-4hop-high-seed-97-Fixed-PRMAC,high,0.007859296482412067,790,465,399,54,0.14545334837093368,0.5689560000000544,790,11060,20.78,4581.3,353.9795918367347,399,395,,,,,
DCF,4,200,107,3.9632910000001513,200,200,0,1.0,1.6634107500000481,1.9120025000000278,2.5251167000001025,2.5368914600001053,2.548641000000101,413393.81842008006,181,87,981,800,11200,981,1037898,1781,1049098,0,0,0.39842238250001155,0.0,0,200,3.9632910000001513,0.4461532999994233,python,burst,python-burst-4hop-high-seed-107-DCF,high,,,,,,,,,,,,,,,,,,,
Fixed-PRMAC,4,200,107,2.221608000000052,200,197,3,0.985,0.32199575634519007,,0.6186024000000524,0.646270480000052,0.657608000000051,726421.5829255035,62,65,461,2550,68580,792,837936,4134,917604,0,,,,0,200,,0.11914450000040233,python,burst,python-burst-4hop-high-seed-107-Fixed-PRMAC,high,0.007859296482412067,792,461,399,56,0.15163837092732443,0.5853520000000525,792,11088,20.67,4588.02,348.1218274111675,399,396,,,,,
DCF,4,200,117,4.033326000000141,200,200,0,1.0,1.3847846900000327,1.3712979999999804,2.4465077000001294,2.459521600000135,2.46932600000014,406215.6146068884,211,103,1011,800,11200,1011,1069638,1811,1080838,0,0,0.32927889875000765,0.0,0,200,4.033326000000141,0.49041120000038063,python,burst,python-burst-4hop-high-seed-117-DCF,high,,,,,,,,,,,,,,,,,,,
Fixed-PRMAC,4,200,117,2.2727740000000485,200,194,6,0.97,0.38378172164949925,,0.6768982000000505,0.6977592400000487,0.7087740000000473,699254.7433224624,81,87,480,2590,69840,786,831588,4162,912432,0,,,,0,200,,0.1162015000008978,python,burst,python-burst-4hop-high-seed-117-Fixed-PRMAC,high,0.007859296482412067,786,480,399,51,0.18173095739349074,0.5452200000000593,786,11004,20.81,4562.16,360.0,399,393,,,,,
DCF,4,200,127,3.9511970000001324,200,200,0,1.0,1.5537379550000403,1.7015380000000062,2.386313500000106,2.393905000000102,2.401777000000102,414659.15265676327,177,86,977,800,11200,977,1033666,1777,1044866,0,0,0.37079541875000954,0.0,0,200,3.9511970000001324,0.43240810000133933,python,burst,python-burst-4hop-high-seed-127-DCF,high,,,,,,,,,,,,,,,,,,,
Fixed-PRMAC,4,200,127,2.162118000000059,200,192,8,0.96,0.2959778125000117,,0.5677736000000554,0.5867980800000587,0.5981180000000579,727464.4584615442,69,77,465,2554,68860,776,821008,4106,900732,0,,,,0,200,,0.11753430000317167,python,burst,python-burst-4hop-high-seed-127-Fixed-PRMAC,high,0.007859296482412067,776,465,396,50,0.14150681818182434,0.5777340000000579,776,10864,20.53,4503.66,358.6458333333333,396,388,,,,,
DCF,4,200,137,4.000175000000146,200,200,0,1.0,1.5642149900000373,1.664170500000009,2.425144900000139,2.449433460000137,2.4613830000001338,409582.08078395075,200,96,1000,800,11200,1000,1058000,1800,1069200,0,0,0.37305415250000873,0.0,0,200,4.000175000000146,0.49327960000300664,python,burst,python-burst-4hop-high-seed-137-DCF,high,,,,,,,,,,,,,,,,,,,
Fixed-PRMAC,4,200,137,2.3122280000000437,200,192,8,0.96,0.3945724583333465,,0.7127039000000439,0.7369808800000431,0.7482280000000425,680237.4160333541,97,105,496,2600,70180,782,827356,4164,908484,0,,,,0,200,,0.1429070000012871,python,burst,python-burst-4hop-high-seed-137-Fixed-PRMAC,high,0.007859296482412067,782,496,399,55,0.18673786466166026,0.5432720000000566,782,10948,20.82,4542.42,365.5208333333333,399,391,,,,,
DCF,4,200,147,4.013617000000161,200,200,0,1.0,1.5044517150000387,1.6502699999999968,2.480554300000151,2.493075460000144,2.496941000000148,408210.3499162811,201,97,1001,800,11200,1001,1059058,1801,1070258,0,0,0.35966766875000916,0.0,0,200,4.013617000000161,0.4343281000001298,python,burst,python-burst-4hop-high-seed-147-DCF,high,,,,,,,,,,,,,,,,,,,
Fixed-PRMAC,4,200,147,2.3551480000000504,200,191,9,0.955,0.45375833507855284,,0.7555970000000511,0.7799852000000502,0.7911480000000493,664362.4944164725,83,92,483,2530,68080,782,827356,4094,906384,0,,,,0,200,,0.10413170000174432,python,burst,python-burst-4hop-high-seed-147-Fixed-PRMAC,high,0.007859296482412067,782,483,400,48,0.2144063350000089,0.4735220000000562,782,10948,20.47,4531.92,356.4397905759162,400,391,,,,,
DCF,4,200,157,3.928519000000149,200,200,0,1.0,1.4250531050000397,1.3804859999999852,2.418179700000106,2.430814880000111,2.441557000000124,417052.838486956,160,79,960,800,11200,960,1015680,1760,1026880,0,0,0.33995816875000934,0.0,0,200,3.928519000000149,0.4099510999985796,python,burst,python-burst-4hop-high-seed-157-DCF,high,,,,,,,,,,,,,,,,,,,
Fixed-PRMAC,4,200,157,2.2259920000000517,200,196,4,0.98,0.34523984693878923,,0.6258305000000515,0.6509246000000511,0.6619920000000505,721310.7684124483,69,73,469,2574,69300,792,837936,4158,918324,0,,,,0,200,,0.1297975999987102,python,burst,python-burst-4hop-high-seed-157-Fixed-PRMAC,high,0.007859296482412067,792,469,400,52,0.16279515500000655,0.5700860000000569,792,11088,20.79,4591.62,353.57142857142856,400,396,,,,,
DCF,4,200,167,3.99000000000018,200,200,0,1.0,1.6297578450000616,1.648001000000007,2.44054740000015,2.456928260000169,2.468538000000164,410626.56641602155,192,92,992,800,11200,992,1049536,1792,1060736,0,0,0.3913538637500148,0.0,0,200,3.99000000000018,0.4705561000009766,python,burst,python-burst-4hop-high-seed-167-DCF,high,,,,,,,,,,,,,,,,,,,
Fixed-PRMAC,4,200,167,2.199980000000058,200,193,7,0.965,0.31330389637306966,,0.6013688000000552,0.625047760000058,0.6359800000000566,718668.3515304496,85,92,482,2618,70740,780,825240,4178,906900,0,,,,0,200,,0.11623279999912484,python,burst,python-burst-4hop-high-seed-167-Fixed-PRMAC,high,0.007859296482412067,780,482,397,55,0.14975302267003177,0.6156360000000569,780,10920,20.89,4534.5,366.5284974093264,397,390,,,,,
DCF,4,200,177,4.003273000000157,200,200,0,1.0,1.4037702450000384,1.3969169999999869,2.4101887000001474,2.4355979200001543,2.4392730000001563,409265.1188165123,200,96,1000,800,11200,1000,1058000,1800,1069200,0,0,0.33363537875000904,0.0,0,200,4.003273000000157,0.4267177999972773,python,burst,python-burst-4hop-high-seed-177-DCF,high,,,,,,,,,,,,,,,,,,,
Fixed-PRMAC,4,200,177,2.2123900000000525,200,196,4,0.98,0.34384033673470765,,0.6123735000000526,0.6375276000000524,0.6483900000000513,725745.4607912537,61,65,460,2546,68480,790,835820,4126,915360,0,,,,0,200,,0.12329490000047372,python,burst,python-burst-4hop-high-seed-177-Fixed-PRMAC,high,0.007859296482412067,790,460,399,58,0.16172239598998162,0.6178560000000528,790,11060,20.63,4576.8,349.38775510204084,399,395,,,,,
DCF,4,200,187,4.049826000000143,200,200,0,1.0,1.50257410500004,1.5425114999999925,2.5186618000001157,2.531886740000123,2.537296000000132,404560.59099821624,221,107,1021,800,11200,1021,1080218,1821,1091418,0,0,0.3576660912500094,0.0,0,200,4.049826000000143,0.4951717000003555,python,burst,python-burst-4hop-high-seed-187-DCF,high,,,,,,,,,,,,,,,,,,,
Fixed-PRMAC,4,200,187,2.215878000000055,200,195,5,0.975,0.35231932307693625,,0.6157726000000546,0.6406579200000543,0.6518780000000539,720906.1148673168,75,80,473,2592,69900,786,831588,4164,912492,0,,,,0,200,,0.10967240000172751,python,burst,python-burst-4hop-high-seed-187-Fixed-PRMAC,high,0.007859296482412067,786,473,398,57,0.16730449246231816,0.631494000000054,786,11004,20.82,4562.46,358.46153846153845,398,393,,,,,
DCF,4,200,197,3.962883000000145,200,200,0,1.0,1.4362957700000414,1.6209905000000113,2.3887526000001365,2.4047304600001387,2.411667000000139,413436.3795246895,180,87,980,800,11200,980,1036840,1780,1048040,0,0,0.3428243362500098,0.0,0,200,3.962883000000145,0.41364160000011907,python,burst,python-burst-4hop-high-seed-197-DCF,high,,,,,,,,,,,,,,,,,,,
Fixed-PRMAC,4,200,197,2.2568560000000484,200,196,4,0.98,0.3260767857142975,,0.6567795000000485,0.6819016000000481,0.6928560000000472,711446.3660951188,66,70,465,2548,68540,790,835820,4128,915420,0,,,,0,200,,0.10836299999937182,python,burst,python-burst-4hop-high-seed-197-Fixed-PRMAC,high,0.007859296482412067,790,465,399,51,0.15310941353384036,0.5600400000000529,790,11060,20.64,4577.1,349.6938775510204,399,395,,,,,
DCF,6,200,7,6.271684000000086,200,200,0,1.0,2.3353924850000545,2.7177480000000784,3.244324850000064,3.2984138800000617,3.3115700000000707,261237.651641884,437,209,1637,1200,16800,1637,1731946,2837,1748746,0,0,0.36261300333334207,0.0,0,200,6.271684000000086,0.942051400001219,python,burst,python-burst-6hop-medium-seed-7-DCF,medium,,,,,,,,,,,,,,,,,,,
Fixed-PRMAC,6,200,7,3.9714140000000016,200,200,0,1.0,0.049078600000000354,,0.06783599999999859,0.06795419999999852,0.06813400000000502,412548.27625626524,0,0,600,3600,96000,1200,1269600,6000,1382400,0,,,,0,200,,0.178109399999812,python,burst,python-burst-6hop-medium-seed-7-Fixed-PRMAC,medium,0.019618090452261316,1200,600,600,5,0.006218600000000043,0.03739200000000001,1200,16800,30.0,6912.0,480.0,600,600,,,,,
DCF,6,200,17,6.248262000000076,200,200,0,1.0,1.8394661300000568,2.0971050000000973,2.5507515500000753,2.6066554600000766,2.6179760000000774,262216.91728035413,420,202,1620,1200,16800,1620,1713960,2820,1730760,0,0,0.2816126083333424,0.0,0,200,6.248262000000076,1.049905799998669,python,burst,python-burst-6hop-medium-seed-17-DCF,medium,,,,,,,,,,,,,,,,,,,
Fixed-PRMAC,6,200,17,3.972094000000001,200,200,0,1.0,0.049056000000000405,,0.06777399999999867,0.0679544000000049,0.06809399999999899,412477.65032750973,0,0,600,3600,96000,1200,1269600,6000,1382400,0,,,,0,200,,0.18794640000123763,python,burst,python-burst-6hop-medium-seed-17-Fixed-PRMAC,medium,0.019618090452261316,1200,600,600,5,0.006216066666666722,0.03729200000000299,1200,16800,30.0,6912.0,480.0,600,600,,,,,
DCF,6,200,27,6.189440000000101,200,200,0,1.0,1.5983015600000612,1.5923725000000923,2.5034048500001047,2.542801720000089,2.5595000000000887,264708.9235859744,400,190,1600,1200,16800,1600,1692800,2800,1709600,0,0,0.24181665083334308,0.0,0,200,6.189440000000101,1.5836321999995562,python,burst,python-burst-6hop-medium-seed-27-DCF,medium,,,,,,,,,,,,,,,,,,,
Fixed-PRMAC,6,200,27,3.9716540000000013,200,200,0,1.0,0.0490719000000004,,0.06777499999999949,0.06789420000000472,0.0680339999999986,412523.34669636365,0,0,600,3600,96000,1200,1269600,6000,1382400,0,,,,0,200,,0.23479910000241944,python,burst,python-burst-6hop-medium-seed-27-Fixed-PRMAC,medium,0.019618090452261316,1200,600,600,5,0.006221466666666718,0.03739200000000298,1200,16800,30.0,6912.0,480.0,600,600,,,,,
DCF,6,200,37,6.154782000000034,200,200,0,1.0,1.8315943600000208,2.245573000000032,2.700694800000023,2.775923010000025,2.813289000000027,266199.51770834305,383,183,1583,1200,16800,1583,1674814,2783,1691614,0,0,0.28056895250000324,0.0,0,200,6.154782000000034,1.0196620999995503,python,burst,python-burst-6hop-medium-seed-37-DCF,medium,,,,,,,,,,,,,,,,,,,
Fixed-PRMAC,6,200,37,3.9716940000000007,200,200,0,1.0,0.04917852000000038,,0.06785799999999828,0.06821913999999919,0.08006600000000028,412519.19206263113,5,5,605,3612,96360,1200,1269600,6012,1382760,0,,,,0,200,,0.20158600000286242,python,burst,python-burst-6hop-medium-seed-37-Fixed-PRMAC,medium,0.019618090452261316,1200,605,600,5,0.006236220000000044,0.03747199999999998,1200,16800,30.06,6913.8,481.8,600,600,,,,,
DCF,6,200,47,6.225513000000099,200,200,0,1.0,1.740611235000065,2.0792440000001164,2.495194000000094,2.5500328600000923,2.5995140000000903,263175.0989838065,411,199,1611,1200,16800,1611,1704438,2811,1721238,0,0,0.26507601916667717,0.0,0,200,6.225513000000099,1.0825709999990067,python,burst,python-burst-6hop-medium-seed-47-DCF,medium,,,,,,,,,,,,,,,,,,,
Fixed-PRMAC,6,200,47,3.971434000000001,200,200,0,1.0,0.04913670000000041,,0.06783399999999865,0.06806051999999917,0.07784399999999936,412546.1986778578,4,4,604,3610,96300,1200,1269600,6010,1382700,0,,,,0,200,,0.16560430000026827,python,burst,python-burst-6hop-medium-seed-47-Fixed-PRMAC,medium,0.019618090452261316,1200,604,600,5,0.006231550000000058,0.03737199999999952,1200,16800,30.05,6913.5,481.5,600,600,,,,,
DCF,6,200,57,6.118821000000076,200,200,0,1.0,2.1018945700000655,2.3984670000000943,2.830946650000091,2.893128680000085,2.905396000000084,267764.0022481422,363,175,1563,1200,16800,1563,1653654,2763,1670454,0,0,0.3258975816666771,0.0,0,200,6.118821000000076,0.8757747999989078,python,burst,python-burst-6hop-medium-seed-57-DCF,medium,,,,,,,,,,,,,,,,,,,
Fixed-PRMAC,6,200,57,3.9718740000000006,200,200,0,1.0,0.04972538000000042,,0.06783399999999817,0.08264677999999831,0.10130799999999818,412500.49724638794,6,6,606,3614,96420,1200,1269600,6014,1382820,0,,,,0,200,,0.16662929999802145,python,burst,python-burst-6hop-medium-seed-57-Fixed-PRMAC,medium,0.019618090452261316,1200,606,600,5,0.006377936666666724,0.03737199999999907,1200,16800,30.07,6914.1,482.1,600,600,,,,,
DCF,6,200,67,6.216116000000091,200,200,0,1.0,1.8124792450000542,2.195474000000105,2.677592650000093,2.718511520000093,2.737849000000105,263572.9449064297,415,197,1615,1200,16800,1615,1708670,2815,1725470,0,0,0.277538290833342,0.0,0,200,6.216116000000091,0.8938110999988567,python,burst,python-burst-6hop-medium-seed-67-DCF,medium,,,,,,,,,,,,,,,,,,,
Fixed-PRMAC,6,200,67,3.971714000000001,200,200,0,1.0,0.04906470000000039,,0.06785399999999875,0.06799419999999928,0.06805399999999828,412517.1147771465,0,0,600,3600,96000,1200,1269600,6000,1382400,0,,,,0,200,,0.16624940000110655,python,burst,python-burst-6hop-medium-seed-67-Fixed-PRMAC,medium,0.019618090452261316,1200,600,600,5,0.006219700000000047,0.0373120000000029,1200,16800,30.0,6912.0,480.0,600,600,,,,,
DCF,6,200,77,6.1931770000000785,200,200,0,1.0,1.6557987200000517,2.063448500000093,2.4311373000000773,2.4815542600000775,2.4883920000000765,264549.19664010557,398,191,1598,1200,16800,1598,1690684,2798,1707484,0,0,0.2514413641666749,0.0,0,200,6.1931770000000785,0.8876620999981242,python,burst,python-burst-6hop-medium-seed-77-DCF,medium,,,,,,,,,,,,,,,,,,,
Fixed-PRMAC,6,200,77,3.9714540000000014,200,200,0,1.0,0.04904500000000041,,0.06775400000000015,0.06791439999999827,0.06805399999999961,412544.1211203754,0,0,600,3600,96000,1200,1269600,6000,1382400,0,,,,0,200,,0.16924160000053234,python,burst,python-burst-6hop-medium-seed-77-Fixed-PRMAC,medium,0.019618090452261316,1200,600,600,5,0.00621120000000005,0.03737199999999952,1200,16800,30.0,6912.0,480.0,600,600,,,,,
DCF,6,200,87,6.161660000000135,200,200,0,1.0,1.954249440000076,2.329141000000128,3.094232300000099,3.177664320000099,3.2542140000000996,265902.3704650961,378,181,1578,1200,16800,1578,1669524,2778,1686324,0,0,0.3028916883333456,0.0,0,200,6.161660000000135,0.7955280999995011,python,burst,python-burst-6hop-medium-seed-87-DCF,medium,,,,,,,,,,,,,,,,,,,
Fixed-PRMAC,6,200,87,3.971494000000001,200,200,0,1.0,0.04946561000000038,,0.06779599999999998,0.07734338000000013,0.09548800000000018,412539.9660681848,6,6,606,3614,96420,1200,1269600,6014,1382820,0,,,,0,200,,0.18747090000033495,python,burst,python-burst-6hop-medium-seed-87-Fixed-PRMAC,medium,0.019618090452261316,1200,606,600,5,0.006304346666666716,0.037431999999999466,1200,16800,30.07,6914.1,482.1,600,600,,,,,
DCF,6,200,97,6.1896830000000955,200,200,0,1.0,1.6434569300000619,1.7790525000000976,2.4922662500001,2.5456252400000974,2.5830890000000997,264698.53141105524,397,191,1597,1200,16800,1597,1689626,2797,1706426,0,0,0.25048304166667656,0.0,0,200,6.1896830000000955,0.8296657999999297,python,burst,python-burst-6hop-medium-seed-97-DCF,medium,,,,,,,,,,,,,,,,,,,
Fixed-PRMAC,6,200,97,3.9716340000000008,200,200,0,1.0,0.04948177000000033,,0.06785399999999947,0.07375817999999988,0.09229999999999987,412525.4240446123,12,12,612,3626,96780,1200,1269600,6026,1383180,0,,,,0,200,,0.16784259999985807,python,burst,python-burst-6hop-medium-seed-97-Fixed-PRMAC,medium,0.019618090452261316,1200,612,600,5,0.0063131133333333665,0.03747199999999884,1200,16800,30.13,6915.9,483.9,600,600,,,,,
DCF,6,200,107,6.18747100000008,200,200,0,1.0,1.690695360000051,2.0152450000000934,2.518596100000079,2.557921060000075,2.6044930000000757,264793.160242687,397,190,1597,1200,16800,1597,1689626,2797,1706426,0,0,0.25640328583334143,0.0,0,200,6.18747100000008,0.9087784000003012,python,burst,python-burst-6hop-medium-seed-107-DCF,medium,,,,,,,,,,,,,,,,,,,
Fixed-PRMAC,6,200,107,3.9715740000000004,200,200,0,1.0,0.049057300000000366,,0.06779399999999951,0.06805459999999916,0.06811399999999912,412531.65621489106,0,0,600,3600,96000,1200,1269600,6000,1382400,0,,,,0,200,,0.14857400000255438,python,burst,python-burst-6hop-medium-seed-107-Fixed-PRMAC,medium,0.019618090452261316,1200,600,600,5,0.006217133333333376,0.03733200000000325,1200,16800,30.0,6912.0,480.0,600,600,,,,,
DCF,6,200,117,6.148490000000079,200,200,0,1.0,1.8753967600000734,2.1488880000000874,2.479826600000092,2.5296711200000934,2.5575300000000927,266471.9305065112,374,181,1574,1200,16800,1574,1665292,2774,1682092,0,0,0.28798954583334513,0.0,0,200,6.148490000000079,0.9355319999995118,python,burst,python-burst-6hop-medium-seed-117-DCF,medium,,,,,,,,,,,,,,,,,,,
Fixed-PRMAC,6,200,117,3.971394000000001,200,200,0,1.0,0.049029900000000355,,0.06777399999999917,0.0679942000000045,0.06821399999999833,412550.3538555982,0,0,600,3600,96000,1200,1269600,6000,1382400,0,,,,0,200,,0.17737320000014734,python,burst,python-burst-6hop-medium-seed-117-Fixed-PRMAC,medium,0.019618090452261316,1200,600,600,5,0.006207833333333372,0.037331999999999255,1200,16800,30.0,6912.0,480.0,600,600,,,,,
DCF,6,200,127,6.195250000000108,200,200,0,1.0,1.649538530000066,1.792423000000116,2.626594600000101,2.754700260000102,2.774793000000101,264460.67551752896,394,191,1594,1200,16800,1594,1686452,2794,1703252,0,0,0.2503899641666772,0.0,0,200,6.195250000000108,0.8466285999966203,python,burst,python-burst-6hop-medium-seed-127-DCF,medium,,,,,,,,,,,,,,,,,,,
Fixed-PRMAC,6,200,127,3.9715140000000013,200,200,0,1.0,0.04991110000000045,,0.0680150000000048,0.08483018000000489,0.10371000000000641,412537.8885734759,12,12,612,3628,96840,1200,1269600,6028,1383240,0,,,,0,200,,0.19027220000134548,python,burst,python-burst-6hop-medium-seed-127-Fixed-PRMAC,medium,0.019618090452261316,1200,612,600,5,0.006423253333333397,0.0373119999999989,1200,16800,30.14,6916.2,484.2,600,600,,,,,
DCF,6,200,137,6.233476000000108,200,200,0,1.0,1.8242257750000548,1.5534365000000354,2.9178569000000794,2.9712097200000795,3.029859000000079,262838.9040079679,412,199,1612,1200,16800,1612,1705496,2812,1722296,0,0,0.27887445250000875,0.0,0,200,6.233476000000108,0.9847188000021561,python,burst,python-burst-6hop-medium-seed-137-DCF,medium,,,,,,,,,,,,,,,,,,,
Fixed-PRMAC,6,200,137,3.971794000000002,200,200,0,1.0,0.049051600000000396,,0.06779399999999822,0.06791520000000487,0.06805399999999828,412508.80584441166,0,0,600,3600,96000,1200,1269600,6000,1382400,0,,,,0,200,,0.17974410000169883,python,burst,python-burst-6hop-medium-seed-137-Fixed-PRMAC,medium,0.019618090452261316,1200,600,600,5,0.006214266666666723,0.0373119999999989,1200,16800,30.0,6912.0,480.0,600,600,,,,,
DCF,6,200,147,6.194172000000154,200,200,0,1.0,1.9393516750000641,2.4214690000001102,2.892004300000083,2.9462692600000837,2.962238000000084,264506.70081488846,401,189,1601,1200,16800,1601,1693858,2801,1710658,0,0,0.2983819700000102,0.0,0,200,6.194172000000154,0.8998246000010113,python,burst,python-burst-6hop-medium-seed-147-DCF,medium,,,,,,,,,,,,,,,,,,,
Fixed-PRMAC,6,200,147,3.971554000000001,200,200,0,1.0,0.04903210000000041,,0.0677340000000004,0.06795420000000489,0.06797399999999953,412533.7336468293,0,0,600,3600,96000,1200,1269600,6000,1382400,0,,,,0,200,,0.2151138000008359,python,burst,python-burst-6hop-medium-seed-147-Fixed-PRMAC,medium,0.019618090452261316,1200,600,600,5,0.00620733333333339,0.03729199999999899,1200,16800,30.0,6912.0,480.0,600,600,,,,,
DCF,6,200,157,6.137327000000057,200,200,0,1.0,1.9085652450000326,2.372553000000045,2.7686933000000797,2.8180995700000646,2.846812000000067,266956.60830846796,372,177,1572,1200,16800,1572,1663176,2772,1679976,0,0,0.29426845333333845,0.0,0,200,6.137327000000057,0.8277581000002101,python,burst,python-burst-6hop-medium-seed-157-DCF,medium,,,,,,,,,,,,,,,,,,,
Fixed-PRMAC,6,200,157,3.971654000000001,200,200,0,1.0,0.049526430000000427,,0.06787599999999894,0.0795585600000054,0.08860800000000624,412523.3466963637,12,12,612,3626,96780,1200,1269600,6026,1383180,0,,,,0,200,,0.16454679999878863,python,burst,python-burst-6hop-medium-seed-157-Fixed-PRMAC,medium,0.019618090452261316,1200,612,600,5,0.006307333333333388,0.037351999999999386,1200,16800,30.13,6915.9,483.9,600,600,,,,,
DCF,6,200,167,6.15154500000009,200,200,0,1.0,1.3843579050000496,1.2244410000000538,2.3929988500000907,2.4248265100000856,2.4417380000000883,266339.59436206287,379,182,1579,1200,16800,1579,1670582,2779,1687382,0,0,0.20686622083334127,0.0,0,200,6.15154500000009,0.8560794000004535,python,burst,python-burst-6hop-medium-seed-167-DCF,medium,,,,,,,,,,,,,,,,,,,
Fixed-PRMAC,6,200,167,3.9717740000000012,200,200,0,1.0,0.04942988000000036,,0.06783399999999935,0.06932338000000432,0.08772800000000602,412510.8830462155,6,6,606,3614,96420,1200,1269600,6014,1382820,0,,,,0,200,,0.17573260000062874,python,burst,python-burst-6hop-medium-seed-167-Fixed-PRMAC,medium,0.019618090452261316,1200,606,600,5,0.0063080366666667135,0.03739199999999876,1200,16800,30.07,6914.1,482.1,600,600,,,,,
DCF,6,200,177,6.1714740000001065,200,200,0,1.0,1.3913348950000661,1.3841675000001032,2.423154850000094,2.476146030000094,2.500058000000093,265479.527257179,389,186,1589,1200,16800,1589,1681162,2789,1697962,0,0,0.20740318666667742,0.0,0,200,6.1714740000001065,0.8052849000014248,python,burst,python-burst-6hop-medium-seed-177-DCF,medium,,,,,,,,,,,,,,,,,,,
Fixed-PRMAC,6,200,177,3.971514000000001,200,200,0,1.0,0.049899760000000334,,0.06791599999999827,0.08476045999999851,0.09968799999999867,412537.88857347594,15,15,615,3640,97200,1200,1269600,6040,1383600,0,,,,0,200,,0.1823562999998103,python,burst,python-burst-6hop-medium-seed-177-Fixed-PRMAC,medium,0.019618090452261316,1200,615,600,5,0.006400920000000034,0.03731199999999957,1200,16800,30.2,6918.0,486.0,600,600,,,,,
DCF,6,200,187,6.146354000000154,200,200,0,1.0,1.665026340000077,2.1453680000001247,2.642968900000126,2.6799315400001236,2.7000330000001376,266564.5356580436,366,178,1566,1200,16800,1566,1656828,2766,1673628,0,0,0.2564889650000122,0.0,0,200,6.146354000000154,0.7352740999995149,python,burst,python-burst-6hop-medium-seed-187-DCF,medium,,,,,,,,,,,,,,,,,,,
Fixed-PRMAC,6,200,187,3.9717940000000014,200,200,0,1.0,0.04953978000000038,,0.06781499999999852,0.08044238000000428,0.09880600000000572,412508.8058444117,6,6,606,3612,96360,1200,1269600,6012,1382760,0,,,,0,200,,0.20173509999949601,python,burst,python-burst-6hop-medium-seed-187-Fixed-PRMAC,medium,0.019618090452261316,1200,606,600,5,0.006324206666666714,0.03755200000000314,1200,16800,30.06,6913.8,481.8,600,600,,,,,
DCF,6,200,197,6.138704000000117,200,200,0,1.0,1.626042890000064,1.915666500000101,2.5767759000001056,2.6952805800001043,2.7110600000001037,266896.7260841977,368,178,1568,1200,16800,1568,1658944,2768,1675744,0,0,0.24725102083334363,0.0,0,200,6.138704000000117,0.8207994999975199,python,burst,python-burst-6hop-medium-seed-197-DCF,medium,,,,,,,,,,,,,,,,,,,
Fixed-PRMAC,6,200,197,3.9716140000000006,200,200,0,1.0,0.04905330000000039,,0.06777599999999834,0.06793440000000477,0.06815399999999894,412527.5014137828,0,0,600,3600,96000,1200,1269600,6000,1382400,0,,,,0,200,,0.171686800000316,python,burst,python-burst-6hop-medium-seed-197-Fixed-PRMAC,medium,0.019618090452261316,1200,600,600,5,0.006211566666666713,0.03737199999999896,1200,16800,30.0,6912.0,480.0,600,600,,,,,
DCF,6,200,7,6.143536000000096,200,200,0,1.0,3.6170852950000523,4.567165000000093,4.771620400000061,4.78648332000007,4.799060000000067,266686.8070765719,383,179,1583,1200,16800,1583,1674814,2783,1691614,0,0,0.5788129116666749,0.0,0,200,6.143536000000096,0.9070523999980651,python,burst,python-burst-6hop-high-seed-7-DCF,high,,,,,,,,,,,,,,,,,,,
Fixed-PRMAC,6,200,7,2.300406000000047,200,186,14,0.93,0.3861209247311977,,0.6987910000000466,0.725252800000046,0.7364060000000456,662366.5561644201,126,140,719,3788,102060,1158,1225164,6104,1343436,0,,,,0,200,,0.17001840000011725,python,burst,python-burst-6hop-high-seed-7-Fixed-PRMAC,high,0.007859296482412067,1158,719,593,49,0.12048841483980224,0.49058600000005614,1158,16212,30.52,6717.18,548.7096774193549,593,579,,,,,
DCF,6,200,17,6.17746600000008,200,200,0,1.0,3.349482220000047,4.07662600000007,4.6793792000000725,4.6999986600000705,4.703848000000069,265222.0182191175,389,187,1589,1200,16800,1589,1681162,2789,1697962,0,0,0.5328241350000075,0.0,0,200,6.17746600000008,0.8598609000000579,python,burst,python-burst-6hop-high-seed-17-DCF,high,,,,,,,,,,,,,,,,,,,
Fixed-PRMAC,6,200,17,2.2652500000000493,200,189,11,0.945,0.3348676084656212,,0.6906592000000502,0.7099630400000495,0.7208540000000487,683495.41993156,127,138,712,3816,103000,1148,1214584,6112,1333656,0,,,,0,200,,0.1744756000007328,python,burst,python-burst-6hop-high-seed-17-Fixed-PRMAC,high,0.007859296482412067,1148,712,585,53,0.10530604786325222,0.5923140000000553,1148,16072,30.56,6668.28,544.973544973545,585,574,,,,,
DCF,6,200,27,6.1594770000001,200,200,0,1.0,3.0633444550000672,3.317441000000101,4.572437600000099,4.5958034600001,4.5996490000001,265996.609777092,383,183,1583,1200,16800,1583,1674814,2783,1691614,0,0,0.4868698500000108,0.0,0,200,6.1594770000001,0.8125904000007722,python,burst,python-burst-6hop-high-seed-27-DCF,high,,,,,,,,,,,,,,,,,,,
Fixed-PRMAC,6,200,27,2.3558500000000473,200,182,18,0.91,0.39538964835166246,,0.7167464000000499,0.7842567400000464,0.7918500000000461,632868.8159262984,166,184,751,3840,103860,1134,1199772,6108,1319508,0,,,,0,200,,0.20220619999963674,python,burst,python-burst-6hop-high-seed-27-Fixed-PRMAC,high,0.007859296482412067,1134,751,585,48,0.12557458803419286,0.5653420000000577,1134,15876,30.54,6597.54,570.6593406593406,585,567,,,,,
DCF,6,200,37,6.193455000000117,200,200,0,1.0,3.52542847000008,4.310048000000119,4.671574550000111,4.678981860000108,4.691191000000108,264537.3220601375,397,191,1597,1200,16800,1597,1689626,2797,1706426,0,0,0.5624313266666795,0.0,0,200,6.193455000000117,0.7980831999993825,python,burst,python-burst-6hop-high-seed-37-DCF,high,,,,,,,,,,,,,,,,,,,
Fixed-PRMAC,6,200,37,2.305458000000053,200,187,13,0.935,0.35180684491980124,,0.6833984000000553,0.730458480000053,0.7414580000000519,664468.4049763494,139,152,728,3834,103500,1152,1218816,6138,1338444,0,,,,0,200,,0.24520200000188197,python,burst,python-burst-6hop-high-seed-37-Fixed-PRMAC,high,0.007859296482412067,1152,728,589,63,0.11075501188455512,0.6434760000000546,1152,16128,30.69,6692.22,553.475935828877,589,576,,,,,
DCF,6,200,47,6.2044610000001335,200,200,0,1.0,2.5556009350000717,2.697574000000087,4.554759100000124,4.62444278000013,4.6404610000001325,264068.06328542717,406,193,1606,1200,16800,1606,1699148,2806,1715948,0,0,0.4017358733333448,0.0,0,200,6.2044610000001335,0.8195200000009208,python,burst,python-burst-6hop-high-seed-47-DCF,high,,,,,,,,,,,,,,,,,,,
Fixed-PRMAC,6,200,47,2.4655740000000397,200,186,14,0.93,0.5076634193548553,,0.8672035000000412,0.8905928000000397,0.9015740000000385,617994.8360908963,167,181,751,3888,105240,1140,1206120,6168,1327320,0,,,,0,200,,0.2059895000020333,python,burst,python-burst-6hop-high-seed-47-Fixed-PRMAC,high,0.007859296482412067,1140,751,584,57,0.1614187465753477,0.624634000000057,1140,15960,30.84,6636.6,565.8064516129032,584,570,,,,,
DCF,6,200,57,6.176321000000052,200,200,0,1.0,3.159684795000043,3.7175340000000876,4.636826300000049,4.664648380000049,4.677715000000049,265271.18652025796,400,188,1600,1200,16800,1600,1692800,2800,1709600,0,0,0.5017046883333404,0.0,0,200,6.176321000000052,0.84572720000142,python,burst,python-burst-6hop-high-seed-57-DCF,high,,,,,,,,,,,,,,,,,,,
Fixed-PRMAC,6,200,57,2.3566380000000486,200,190,10,0.95,0.3879205052631737,,0.6979786000000512,0.7816203200000482,0.7926380000000475,660466.3083596071,87,97,677,3698,99340,1160,1227280,6018,1342860,0,,,,0,200,,0.1885270999991917,python,burst,python-burst-6hop-high-seed-57-Fixed-PRMAC,high,0.007859296482412067,1160,677,590,48,0.12186375932203901,0.5064880000000562,1160,16240,30.09,6714.3,522.8421052631579,590,580,,,,,
DCF,6,200,67,6.1782940000000695,200,200,0,1.0,3.1875613450000673,3.648931000000114,4.592536300000072,4.614344920000069,4.6228720000000685,265186.4738065203,395,188,1595,1200,16800,1595,1687510,2795,1704310,0,0,0.5055351625000108,0.0,0,200,6.1782940000000695,0.8402887000011106,python,burst,python-burst-6hop-high-seed-67-DCF,high,,,,,,,,,,,,,,,,,,,
Fixed-PRMAC,6,200,67,2.272866000000045,200,187,13,0.935,0.3637913048128468,,0.6739814000000472,0.6978204800000448,0.7088660000000437,673996.6192463479,140,153,730,3826,103240,1154,1220932,6134,1340328,0,,,,0,200,,0.18067359999986365,python,burst,python-burst-6hop-high-seed-67-Fixed-PRMAC,high,0.007859296482412067,1154,730,590,50,0.11352697627119053,0.5554280000000589,1154,16156,30.67,6701.64,552.0855614973262,590,577,,,,,
DCF,6,200,77,6.183506000000114,200,200,0,1.0,2.831138965000069,2.97834400000012,4.634535600000111,4.649555500000112,4.655902000000105,264962.9514388714,392,188,1592,1200,16800,1592,1684336,2792,1701136,0,0,0.4497305933333444,0.0,0,200,6.183506000000114,0.6835098000010476,python,burst,python-burst-6hop-high-seed-77-DCF,high,,,,,,,,,,,,,,,,,,,
Fixed-PRMAC,6,200,77,2.2958180000000534,200,188,12,0.94,0.33874612765958817,,0.6980648000000559,0.7205929600000528,0.7318180000000523,670826.6944505026,144,156,732,3874,104700,1152,1218816,6178,1339644,0,,,,0,200,,0.17464079999990645,python,burst,python-burst-6hop-high-seed-77-Fixed-PRMAC,high,0.007859296482412067,1152,732,588,53,0.10681160884354209,0.6493340000000598,1152,16128,30.89,6698.22,556.9148936170212,588,576,,,,,
DCF,6,200,87,6.1847110000001075,200,200,0,1.0,3.2285898350000655,3.474038000000099,4.674867900000092,4.689662640000098,4.706161000000091,264911.3273037287,397,190,1597,1200,16800,1597,1689626,2797,1706426,0,0,0.5127316100000106,0.0,0,200,6.1847110000001075,0.8606166999998095,python,burst,python-burst-6hop-high-seed-87-DCF,high,,,,,,,,,,,,,,,,,,,
Fixed-PRMAC,6,200,87,2.314924000000056,200,186,14,0.93,0.3900965053763602,,0.7166135000000572,0.7402178000000555,0.7509240000000548,658212.5374310185,155,169,738,3882,105080,1138,1204004,6158,1325016,0,,,,0,200,,0.1965636999993876,python,burst,python-burst-6hop-high-seed-87-Fixed-PRMAC,high,0.007859296482412067,1138,738,583,57,0.12385464493997103,0.7202820000000532,1138,15932,30.79,6625.08,564.9462365591398,583,569,,,,,
DCF,6,200,97,6.125910000000159,200,200,0,1.0,3.0409732050000935,3.640985000000166,4.590159700000149,4.60882632000015,4.61747200000015,267454.1415071324,360,174,1560,1200,16800,1560,1650480,2760,1667280,0,0,0.48560470083334856,0.0,0,200,6.125910000000159,0.7461910000019998,python,burst,python-burst-6hop-high-seed-97-DCF,high,,,,,,,,,,,,,,,,,,,
Fixed-PRMAC,6,200,97,2.2459980000000535,200,190,10,0.95,0.38906420000001596,,0.6464961000000546,0.6707959200000536,0.6819980000000523,693001.5075703375,112,122,703,3790,102080,1162,1229396,6114,1347744,0,,,,0,200,,0.16440180000063265,python,burst,python-burst-6hop-high-seed-97-Fixed-PRMAC,high,0.007859296482412067,1162,703,591,53,0.12077211167513205,0.5588940000000553,1162,16268,30.57,6738.72,537.2631578947369,591,581,,,,,
DCF,6,200,107,6.225080000000114,200,200,0,1.0,2.830389555000067,3.1433450000001106,4.712101100000103,4.730315980000106,4.7477300000001055,263193.40474338806,407,197,1607,1200,16800,1607,1700206,2807,1717006,0,0,0.44849349333334404,0.0,0,200,6.225080000000114,0.863503500000661,python,burst,python-burst-6hop-high-seed-107-DCF,high,,,,,,,,,,,,,,,,,,,
Fixed-PRMAC,6,200,107,2.456364000000035,200,190,10,0.95,0.4197887263158004,,0.8571121000000359,0.881035120000035,0.8923640000000337,633652.015743586,133,143,723,3818,102940,1160,1227280,6138,1346460,0,,,,0,200,,0.19888240000000224,python,burst,python-burst-6hop-high-seed-107-Fixed-PRMAC,high,0.007859296482412067,1160,723,590,55,0.13281167118644435,0.5448500000000551,1160,16240,30.69,6732.3,541.7894736842105,590,580,,,,,
DCF,6,200,117,6.209219000000095,200,200,0,1.0,2.9739790950000624,3.4652440000001015,4.634609200000093,4.646425460000093,4.653283000000093,263865.7132241551,408,194,1608,1200,16800,1608,1701264,2808,1718064,0,0,0.47217203833334337,0.0,0,200,6.209219000000095,0.7781686000016634,python,burst,python-burst-6hop-high-seed-117-DCF,high,,,,,,,,,,,,,,,,,,,
Fixed-PRMAC,6,200,117,2.4769320000000405,200,186,14,0.93,0.4373290107527029,,0.8785115000000421,0.9020308000000403,0.9129320000000394,615161.0137056549,138,152,727,3794,102320,1150,1216700,6094,1335120,0,,,,0,200,,0.2002732000000833,python,burst,python-burst-6hop-high-seed-117-Fixed-PRMAC,high,0.007859296482412067,1150,727,589,51,0.13854276400679588,0.5035400000000567,1150,16100,30.47,6675.6,550.1075268817204,589,575,,,,,
DCF,6,200,127,6.139524000000116,200,200,0,1.0,3.114990565000078,3.3674935000001245,4.636524250000104,4.662156860000108,4.6704120000001055,266861.079132514,378,179,1578,1200,16800,1578,1669524,2778,1686324,0,0,0.4947918008333458,0.0,0,200,6.139524000000116,0.7619551999996474,python,burst,python-burst-6hop-high-seed-127-DCF,high,,,,,,,,,,,,,,,,,,,
Fixed-PRMAC,6,200,127,2.3931620000000478,200,185,15,0.925,0.41549461621622996,,0.7948056000000491,0.8182515200000472,0.8291620000000466,633270.9611802167,185,200,773,3916,106020,1146,1212468,6208,1334532,0,,,,0,200,,0.18968540000059875,python,burst,python-burst-6hop-high-seed-127-Fixed-PRMAC,high,0.007859296482412067,1146,773,588,56,0.13199688095238563,0.5830280000000594,1146,16044,31.04,6672.66,573.081081081081,588,573,,,,,
DCF,6,200,137,6.18779200000011,200,200,0,1.0,3.125524390000059,3.643162500000103,4.681935900000098,4.700896260000098,4.709508000000098,264779.42374274554,391,187,1591,1200,16800,1591,1683278,2791,1700078,0,0,0.4989484025000093,0.0,0,200,6.18779200000011,0.7861835999974573,python,burst,python-burst-6hop-high-seed-137-DCF,high,,,,,,,,,,,,,,,,,,,
Fixed-PRMAC,6,200,137,2.2988160000000533,200,191,9,0.955,0.37909460732985784,,0.6630110000000538,0.717111800000052,0.7348160000000521,680642.5568640395,117,126,707,3824,103100,1162,1229396,6148,1348764,0,,,,0,200,,0.18951609999930952,python,burst,python-burst-6hop-high-seed-137-Fixed-PRMAC,high,0.007859296482412067,1162,707,590,59,0.11763643389830988,0.5865300000000564,1162,16268,30.74,6743.82,539.7905759162304,590,581,,,,,
DCF,6,200,147,6.228767000000095,200,200,0,1.0,2.71314421500006,2.7412060000000897,4.5342127500000915,4.657830660000094,4.6647670000000945,263037.61241991795,417,199,1617,1200,16800,1617,1710786,2817,1727586,0,0,0.42709388833334294,0.0,0,200,6.228767000000095,0.8247062000009464,python,burst,python-burst-6hop-high-seed-147-DCF,high,,,,,,,,,,,,,,,,,,,
Fixed-PRMAC,6,200,147,2.2626780000000553,200,192,8,0.96,0.36402256250001486,,0.6607974000000556,0.6878456800000553,0.6986780000000541,695133.8193061326,113,121,706,3830,103200,1170,1237860,6170,1357440,0,,,,0,200,,0.17883010000150534,python,burst,python-burst-6hop-high-seed-147-Fixed-PRMAC,high,0.007859296482412067,1170,706,593,60,0.11160007757167428,0.5957500000000577,1170,16380,30.85,6787.2,537.5,593,585,,,,,
DCF,6,200,157,6.175012000000117,200,200,0,1.0,3.071507765000068,3.7256030000001257,4.634144300000106,4.652614940000107,4.661868000000107,265327.41960662894,390,186,1590,1200,16800,1590,1682220,2790,1699020,0,0,0.48764008500001094,0.0,0,200,6.175012000000117,0.8042425000021467,python,burst,python-burst-6hop-high-seed-157-DCF,high,,,,,,,,,,,,,,,,,,,
Fixed-PRMAC,6,200,157,2.2401080000000544,200,192,8,0.96,0.3497568437500137,,0.6035319000000547,0.6584506200000536,0.6761080000000532,702137.5755097352,99,107,691,3768,101360,1168,1235744,6104,1353456,0,,,,0,200,,0.1919134000017948,python,burst,python-burst-6hop-high-seed-157-Fixed-PRMAC,high,0.007859296482412067,1168,691,592,53,0.10684574324324753,0.5670820000000549,1168,16352,30.52,6767.28,527.9166666666666,592,584,,,,,
DCF,6,200,167,6.081603000000132,200,200,0,1.0,3.4711310050000908,4.167742000000128,4.537522200000129,4.55258806000013,4.556555000000129,269402.6558458295,344,164,1544,1200,16800,1544,1633552,2744,1650352,0,0,0.5559007983333479,0.0,0,200,6.081603000000132,0.7205183000005491,python,burst,python-burst-6hop-high-seed-167-DCF,high,,,,,,,,,,,,,,,,,,,
Fixed-PRMAC,6,200,167,2.5076600000000377,200,187,13,0.935,0.5191462780748838,,0.9088574000000392,0.9327748800000375,0.9436600000000366,610889.8335499936,147,160,733,3808,102780,1146,1212468,6100,1331292,0,,,,0,200,,0.1638950999986264,python,burst,python-burst-6hop-high-seed-167-Fixed-PRMAC,high,0.007859296482412067,1146,733,586,50,0.16331496245734325,0.553996000000055,1146,16044,30.5,6656.46,549.6256684491979,586,573,,,,,
DCF,6,200,177,6.216195000000101,200,200,0,1.0,2.9715482350000637,3.471774500000116,4.656788700000096,4.668164140000095,4.669205000000097,263569.5952266577,404,196,1604,1200,16800,1604,1697032,2804,1713832,0,0,0.47091849750001025,0.0,0,200,6.216195000000101,0.8219933999971545,python,burst,python-burst-6hop-high-seed-177-DCF,high,,,,,,,,,,,,,,,,,,,
Fixed-PRMAC,6,200,177,2.3617860000000457,200,190,10,0.95,0.42483010526317316,,0.7627821000000462,0.7869309200000453,0.7977860000000445,659026.6857369676,122,132,711,3786,102000,1158,1225164,6102,1343376,0,,,,0,200,,0.18326559999695746,python,burst,python-burst-6hop-high-seed-177-Fixed-PRMAC,high,0.007859296482412067,1158,711,589,49,0.1323579592529759,0.5326280000000587,1158,16212,30.51,6716.88,536.8421052631579,589,579,,,,,
DCF,6,200,187,6.1425100000001125,200,200,0,1.0,2.9157120400000647,3.5274820000001244,4.602750000000103,4.6222633800001045,4.630280000000106,266731.35249270574,377,179,1577,1200,16800,1577,1668466,2777,1685266,0,0,0.46264977750001035,0.0,0,200,6.1425100000001125,0.7596401000009791,python,burst,python-burst-6hop-high-seed-187-DCF,high,,,,,,,,,,,,,,,,,,,
Fixed-PRMAC,6,200,187,2.3244500000000543,200,190,10,0.95,0.4289372842105451,,0.7094171000000546,0.7494481200000538,0.7604500000000531,669612.1663188986,111,121,704,3784,101860,1166,1233628,6116,1351812,0,,,,0,200,,0.19677230000161217,python,burst,python-burst-6hop-high-seed-187-Fixed-PRMAC,high,0.007859296482412067,1166,704,593,53,0.13414363575042765,0.5354600000000549,1166,16324,30.58,6759.06,536.1052631578947,593,583,,,,,
DCF,6,200,197,6.2314160000000856,200,200,0,1.0,2.926070655000059,3.3176870000001126,4.626126250000081,4.664038920000085,4.667416000000085,262925.7940731252,426,201,1626,1200,16800,1626,1720308,2826,1737108,0,0,0.461432781666676,0.0,0,200,6.2314160000000856,0.7837276999998721,python,burst,python-burst-6hop-high-seed-197-DCF,high,,,,,,,,,,,,,,,,,,,
Fixed-PRMAC,6,200,197,2.2425080000000506,200,195,5,0.975,0.34895734358975666,,0.6424366000000503,0.6671507200000496,0.6785080000000494,712345.2848328586,83,88,679,3788,101820,1182,1250556,6152,1368924,0,,,,0,200,,0.19315070000084233,python,burst,python-burst-6hop-high-seed-197-Fixed-PRMAC,high,0.007859296482412067,1182,679,596,58,0.10740335234899762,0.6168680000000559,1182,16548,30.76,6844.62,522.1538461538462,596,591,,,,,
DCF,6,200,7,5.696122000000098,200,200,0,1.0,2.3358542400000526,2.490449000000065,3.860513100000091,3.8952694500000895,3.9173820000000887,287634.2887318726,373,180,1473,1100,15400,1473,1558434,2573,1573834,0,0,0.4007747281818273,0.0,0,200,5.696122000000098,0.7067548999984865,python,multiflow,python-M1-medium-seed-7-DCF,medium,,,,,,,,,,,,,,,"[{'flow_id': 0, 'created': 100, 'delivered': 100, 'delivery_ratio': 1.0, 'average_delay': 2.593627800000055, 'p95_delay': 3.8802434500000893}, {'flow_id': 1, 'created': 100, 'delivered': 100, 'delivery_ratio': 1.0, 'average_delay': 2.07808068000005, 'p95_delay': 3.444065500000089}]",2,1.0,M1,
Fixed-PRMAC,6,200,7,2.156490000000031,200,130,70,0.65,0.093709646153851,,0.19577540000000757,0.21363532000000876,0.22549199999999953,493839.5262672142,954,1024,1457,4879,138260,811,858038,6501,1007652,0,,,,0,200,,0.27994500000204425,python,multiflow,python-M1-medium-seed-7-Fixed-PRMAC,medium,0.0,811,1457,503,10,0.019329165009941647,0.19493200000000005,811,11354,32.505,5038.26,1063.5384615384614,503,433,"[{'flow_id': 0, 'created': 100, 'delivered': 75, 'delivery_ratio': 0.75, 'average_delay': 0.06415248000000291, 'p95_delay': 0.10427480000000483}, {'flow_id': 1, 'created': 100, 'delivered': 55, 'delivery_ratio': 0.55, 'average_delay': 0.13401487272728022, 'p95_delay': 0.20665900000000895}]",2,0.9768786127167631,M1,
DCF,6,200,17,5.755072000000117,200,200,0,1.0,2.566408940000074,2.7750355000001257,4.084589700000115,4.180997510000115,4.194193000000115,284688.0108537246,401,193,1501,1100,15400,1501,1588058,2601,1603458,0,0,0.441477840000013,0.0,0,200,5.755072000000117,0.8559979999990901,python,multiflow,python-M1-medium-seed-17-DCF,medium,,,,,,,,,,,,,,,"[{'flow_id': 0, 'created': 100, 'delivered': 100, 'delivery_ratio': 1.0, 'average_delay': 2.9846418000000803, 'p95_delay': 4.148361100000115}, {'flow_id': 1, 'created': 100, 'delivered': 100, 'delivery_ratio': 1.0, 'average_delay': 2.148176080000068, 'p95_delay': 3.031095800000118}]",2,1.0,M1,
Fixed-PRMAC,6,200,17,2.171728000000047,200,127,73,0.635,0.14738973228347363,,0.3856360000000138,0.39956220000002335,0.40496800000001887,479058.15092865104,875,948,1368,4679,132440,793,838994,6265,982536,0,,,,0,200,,0.267789300000004,python,multiflow,python-M1-medium-seed-17-Fixed-PRMAC,medium,0.0,793,1368,493,17,0.046971026369171366,0.35574400000002915,793,11102,31.325,4912.68,1042.8346456692914,493,420,"[{'flow_id': 0, 'created': 100, 'delivered': 80, 'delivery_ratio': 0.8, 'average_delay': 0.056229375000003856, 'p95_delay': 0.10624400000000842}, {'flow_id': 1, 'created': 100, 'delivered': 47, 'delivery_ratio': 0.47, 'average_delay': 0.3025562978723584, 'p95_delay': 0.39419740000002834}]",2,0.9367522360320594,M1,
DCF,6,200,27,5.731041000000142,200,200,0,1.0,2.7150459950000694,2.9242255000001096,4.01983940000011,4.033044140000117,4.03530500000011,285881.7446952411,382,186,1482,1100,15400,1482,1567956,2582,1583356,0,0,0.46896486727273934,0.0,0,200,5.731041000000142,0.7886094999994384,python,multiflow,python-M1-medium-seed-27-DCF,medium,,,,,,,,,,,,,,,"[{'flow_id': 0, 'created': 100, 'delivered': 100, 'delivery_ratio': 1.0, 'average_delay': 2.9584811700000753, 'p95_delay': 4.027428900000114}, {'flow_id': 1, 'created': 100, 'delivered': 100, 'delivery_ratio': 1.0, 'average_delay': 2.4716108200000635, 'p95_delay': 3.5065972000001167}]",2,1.0,M1,
Fixed-PRMAC,6,200,27,2.091942000000003,200,127,73,0.635,0.07069822047244403,,0.11610659999999635,0.12801948000000155,0.13118600000000313,497329.27585946384,986,1059,1489,4921,139580,805,851690,6531,1002540,0,,,,0,200,,0.29089269999894896,python,multiflow,python-M1-medium-seed-27-Fixed-PRMAC,medium,0.0,805,1489,503,6,0.010926353876740286,0.07368799999999764,805,11270,32.655,5012.7,1099.0551181102362,503,430,"[{'flow_id': 0, 'created': 100, 'delivered': 72, 'delivery_ratio': 0.72, 'average_delay': 0.06742419444444625, 'p95_delay': 0.1184936999999992}, {'flow_id': 1, 'created': 100, 'delivered': 55, 'delivery_ratio': 0.55, 'average_delay': 0.07498421818182295, 'p95_delay': 0.11243890000001977}]",2,0.9823973687416251,M1,
DCF,6,200,37,5.686541000000204,200,200,0,1.0,2.4212532300000884,2.7069920000001035,4.124937700000196,4.247764740000192,4.278559000000191,288118.91095130437,367,174,1467,1100,15400,1467,1552086,2567,1567486,0,0,0.4170739318181973,0.0,0,200,5.686541000000204,0.7034458000016457,python,multiflow,python-M1-medium-seed-37-DCF,medium,,,,,,,,,,,,,,,"[{'flow_id': 0, 'created': 100, 'delivered': 100, 'delivery_ratio': 1.0, 'average_delay': 3.050739960000117, 'p95_delay': 4.201986700000194}, {'flow_id': 1, 'created': 100, 'delivered': 100, 'delivery_ratio': 1.0, 'average_delay': 1.7917665000000602, 'p95_delay': 2.960682050000118}]",2,1.0,M1,
Fixed-PRMAC,6,200,37,2.0826480000000034,200,144,56,0.72,0.08329126388889363,,0.14182309999999965,0.21445034000002494,0.22867600000002408,566417.3686575927,826,882,1338,4733,133480,851,900358,6435,1045752,0,,,,0,200,,0.2784859999992477,python,multiflow,python-M1-medium-seed-37-Fixed-PRMAC,medium,0.0,851,1338,512,8,0.016845597656251297,0.18153000000002062,851,11914,32.175,5228.76,926.9444444444445,512,456,"[{'flow_id': 0, 'created': 100, 'delivered': 83, 'delivery_ratio': 0.83, 'average_delay': 0.06352561445783558, 'p95_delay': 0.12480420000000944}, {'flow_id': 1, 'created': 100, 'delivered': 61, 'delivery_ratio': 0.61, 'average_delay': 0.11018550819672669, 'p95_delay': 0.19738200000002215}]",2,0.977191328934967,M1,
DCF,6,200,47,5.714614000000129,200,200,0,1.0,2.349349760000079,2.491431000000098,3.8273840000001265,3.8585591400001267,3.889054000000124,286703.52888225927,380,183,1480,1100,15400,1480,1565840,2580,1581240,0,0,0.4036787200000138,0.0,0,200,5.714614000000129,0.6815993999989587,python,multiflow,python-M1-medium-seed-47-DCF,medium,,,,,,,,,,,,,,,"[{'flow_id': 0, 'created': 100, 'delivered': 100, 'delivery_ratio': 1.0, 'average_delay': 2.7852118200000904, 'p95_delay': 3.8497707000001213}, {'flow_id': 1, 'created': 100, 'delivered': 100, 'delivery_ratio': 1.0, 'average_delay': 1.9134877000000667, 'p95_delay': 3.0603138000001295}]",2,1.0,M1,
Fixed-PRMAC,6,200,47,2.082046000000003,200,132,68,0.66,0.07066416666667011,,0.1390641999999954,0.17858111999999574,0.18917399999999707,519366.04666755605,952,1020,1453,4878,138220,812,859096,6502,1008684,0,,,,0,200,,0.29892630000176723,python,multiflow,python-M1-medium-seed-47-Fixed-PRMAC,medium,0.0,812,1453,501,8,0.012259309381238299,0.14400599999999752,812,11368,32.51,5043.42,1047.121212121212,501,433,"[{'flow_id': 0, 'created': 100, 'delivered': 78, 'delivery_ratio': 0.78, 'average_delay': 0.05380256410256671, 'p95_delay': 0.07446959999999815}, {'flow_id': 1, 'created': 100, 'delivered': 54, 'delivery_ratio': 0.54, 'average_delay': 0.09501981481481947, 'p95_delay': 0.16809669999999483}]",2,0.968,M1,
DCF,6,200,57,5.64342000000011,200,200,0,1.0,2.4351884750000634,2.5081480000000598,3.71382550000011,3.8004060800001076,3.8267580000001074,290320.4085465849,352,168,1452,1100,15400,1452,1536216,2552,1551616,0,0,0.41947255727273836,0.0,0,200,5.64342000000011,0.6542856000014581,python,multiflow,python-M1-medium-seed-57-DCF,medium,,,,,,,,,,,,,,,"[{'flow_id': 0, 'created': 100, 'delivered': 100, 'delivery_ratio': 1.0, 'average_delay': 2.7444581800000742, 'p95_delay': 3.7698877000001065}, {'flow_id': 1, 'created': 100, 'delivered': 100, 'delivery_ratio': 1.0, 'average_delay': 2.125918770000053, 'p95_delay': 3.57768040000011}]",2,1.0,M1,
Fixed-PRMAC,6,200,57,2.056288000000007,200,136,64,0.68,0.07892632352941566,,0.1352974999999984,0.1434840000000064,0.1496060000000009,541807.3732862305,892,956,1398,4768,134880,816,863328,6400,1009632,0,,,,0,200,,0.26787940000212984,python,multiflow,python-M1-medium-seed-57-Fixed-PRMAC,medium,0.0,816,1398,506,7,0.013910371541502861,0.10708200000000123,816,11424,32.0,5048.16,991.7647058823529,506,442,"[{'flow_id': 0, 'created': 100, 'delivered': 68, 'delivery_ratio': 0.68, 'average_delay': 0.06649070588235602, 'p95_delay': 0.13009700000001348}, {'flow_id': 1, 'created': 100, 'delivered': 68, 'delivery_ratio': 0.68, 'average_delay': 0.09136194117647531, 'p95_delay': 0.13713660000000477}]",2,1.0,M1,
DCF,6,200,67,5.653369000000114,200,200,0,1.0,2.3807662400000664,2.4360055000000638,3.7655597500001146,3.7913201400001144,3.7923500000001136,289809.49235756,356,170,1456,1100,15400,1456,1540448,2556,1555848,0,0,0.40974921181819335,0.0,0,200,5.653369000000114,0.6800664000002143,python,multiflow,python-M1-medium-seed-67-DCF,medium,,,,,,,,,,,,,,,"[{'flow_id': 0, 'created': 100, 'delivered': 100, 'delivery_ratio': 1.0, 'average_delay': 2.525740730000069, 'p95_delay': 3.781298550000113}, {'flow_id': 1, 'created': 100, 'delivered': 100, 'delivery_ratio': 1.0, 'average_delay': 2.2357917500000637, 'p95_delay': 3.5039935500001165}]",2,1.0,M1,
Fixed-PRMAC,6,200,67,2.205694000000048,200,131,69,0.655,0.13881589312978115,,0.31921200000000755,0.3463176000000294,0.35627200000002857,486537.11711596296,996,1065,1503,5063,143720,817,864386,6697,1019544,0,,,,0,200,,0.28705819999959203,python,multiflow,python-M1-medium-seed-67-Fixed-PRMAC,medium,0.0,817,1503,507,15,0.03509648915187648,0.3206760000000275,817,11438,33.485,5097.72,1097.0992366412213,507,438,"[{'flow_id': 0, 'created': 100, 'delivered': 72, 'delivery_ratio': 0.72, 'average_delay': 0.06262911111111323, 'p95_delay': 0.12523060000000047}, {'flow_id': 1, 'created': 100, 'delivered': 59, 'delivery_ratio': 0.59, 'average_delay': 0.23178959322035897, 'p95_delay': 0.33914320000003323}]",2,0.9902481246393539,M1,
DCF,6,200,77,5.688455000000077,200,200,0,1.0,2.419243340000052,2.4672510000000836,3.8924621500000827,3.9011938100000845,3.907793000000085,288021.9673004318,372,179,1472,1100,15400,1472,1557376,2572,1572776,0,0,0.4148997136363727,0.0,0,200,5.688455000000077,0.6845157999996445,python,multiflow,python-M1-medium-seed-77-DCF,medium,,,,,,,,,,,,,,,"[{'flow_id': 0, 'created': 100, 'delivered': 100, 'delivery_ratio': 1.0, 'average_delay': 2.843856660000051, 'p95_delay': 3.898857350000086}, {'flow_id': 1, 'created': 100, 'delivered': 100, 'delivery_ratio': 1.0, 'average_delay': 1.9946300200000529, 'p95_delay': 2.8146653500000935}]",2,1.0,M1,
Fixed-PRMAC,6,200,77,2.044612000000003,200,130,70,0.65,0.07722790769231112,,0.12858739999999796,0.14629809999999444,0.15638799999999187,520861.65981614037,918,988,1418,4802,136040,802,848516,6406,995784,0,,,,0,200,,0.3256823000010627,python,multiflow,python-M1-medium-seed-77-Fixed-PRMAC,medium,0.0,802,1418,500,6,0.014431944000000613,0.10818399999999762,802,11228,32.03,4978.92,1046.4615384615386,500,430,"[{'flow_id': 0, 'created': 100, 'delivered': 72, 'delivery_ratio': 0.72, 'average_delay': 0.06665858333333673, 'p95_delay': 0.11434410000000785}, {'flow_id': 1, 'created': 100, 'delivered': 58, 'delivery_ratio': 0.58, 'average_delay': 0.09034844827586556, 'p95_delay': 0.13771039999999238}]",2,0.9885353299017311,M1,
DCF,6,200,87,5.710299000000082,200,200,0,1.0,2.443188610000044,2.591605500000061,4.024795700000074,4.14695014000007,4.163091000000072,286920.17703450844,388,184,1488,1100,15400,1488,1574304,2588,1589704,0,0,0.41866949000000764,0.0,0,200,5.710299000000082,0.6997126999995089,python,multiflow,python-M1-medium-seed-87-DCF,medium,,,,,,,,,,,,,,,"[{'flow_id': 0, 'created': 100, 'delivered': 100, 'delivery_ratio': 1.0, 'average_delay': 2.6543541400000463, 'p95_delay': 4.102152700000073}, {'flow_id': 1, 'created': 100, 'delivered': 100, 'delivery_ratio': 1.0, 'average_delay': 2.2320230800000416, 'p95_delay': 3.661487700000072}]",2,1.0,M1,
Fixed-PRMAC,6,200,87,2.085040000000006,200,128,72,0.64,0.07361106250000404,,0.13082610000000988,0.14929670000001918,0.17380400000001406,502904.5006330799,950,1022,1446,4801,136120,791,836878,6383,984072,0,,,,0,200,,0.28540289999727975,python,multiflow,python-M1-medium-seed-87-Fixed-PRMAC,medium,0.0,791,1446,496,6,0.013212899193549565,0.14345000000001362,791,11074,31.915,4920.36,1063.4375,496,424,"[{'flow_id': 0, 'created': 100, 'delivered': 71, 'delivery_ratio': 0.71, 'average_delay': 0.06667304225352405, 'p95_delay': 0.12226100000000584}, {'flow_id': 1, 'created': 100, 'delivered': 57, 'delivery_ratio': 0.57, 'average_delay': 0.0822531578947423, 'p95_delay': 0.14582680000001685}]",2,0.9881785283474062,M1,
DCF,6,200,97,5.6117650000001245,200,200,0,1.0,3.1615928700000944,3.5009140000001167,3.9856276000001163,4.004413340000116,4.017633000000116,291958.0559770346,337,160,1437,1100,15400,1437,1520346,2537,1535746,0,0,0.5523599290909258,0.0,0,200,5.6117650000001245,0.6854950999986613,python,multiflow,python-M1-medium-seed-97-DCF,medium,,,,,,,,,,,,,,,"[{'flow_id': 0, 'created': 100, 'delivered': 100, 'delivery_ratio': 1.0, 'average_delay': 3.4544078000001024, 'p95_delay': 3.9936402000001157}, {'flow_id': 1, 'created': 100, 'delivered': 100, 'delivery_ratio': 1.0, 'average_delay': 2.8687779400000863, 'p95_delay': 3.606665500000119}]",2,1.0,M1,
Fixed-PRMAC,6,200,97,2.0791020000000104,200,131,69,0.655,0.08021029007634468,,0.15697100000002084,0.1809472000000272,0.18544400000003236,516161.3042553923,950,1019,1460,4926,139520,826,873908,6578,1024992,0,,,,0,200,,0.2695032000010542,python,multiflow,python-M1-medium-seed-97-Fixed-PRMAC,medium,0.0,826,1460,510,7,0.014592129411767277,0.14322000000003032,826,11564,32.89,5124.96,1065.0381679389313,510,441,"[{'flow_id': 0, 'created': 100, 'delivered': 75, 'delivery_ratio': 0.75, 'average_delay': 0.07141645333333962, 'p95_delay': 0.12363400000001196}, {'flow_id': 1, 'created': 100, 'delivered': 56, 'delivery_ratio': 0.56, 'average_delay': 0.09198775000001216, 'p95_delay': 0.16257250000003004}]",2,0.9793973290720237,M1,
DCF,6,200,7,5.663360000000107,200,200,0,1.0,3.079514840000057,3.271246500000095,4.885057200000105,4.892048580000106,4.893374000000104,289298.2257882192,366,172,1466,1100,15400,1466,1551028,2566,1566428,0,0,0.5367782054545555,0.0,0,200,5.663360000000107,0.7211051999984193,python,multiflow,python-M1-high-seed-7-DCF,high,,,,,,,,,,,,,,,"[{'flow_id': 0, 'created': 100, 'delivered': 100, 'delivery_ratio': 1.0, 'average_delay': 3.7075559600000707, 'p95_delay': 4.890028600000104}, {'flow_id': 1, 'created': 100, 'delivered': 100, 'delivery_ratio': 1.0, 'average_delay': 2.4514737200000436, 'p95_delay': 3.969920600000109}]",2,1.0,M1,
Fixed-PRMAC,6,200,7,2.0852420000000613,200,143,57,0.715,0.6418454685314794,,1.2357542000000592,1.278132200000062,1.2932420000000613,561784.1957911674,669,726,1204,4412,123480,888,939504,6188,1075416,0,,,,0,200,,0.21584939999956987,python,multiflow,python-M1-high-seed-7-Fixed-PRMAC,high,0.0,888,1204,535,47,0.20434722616822693,0.9924440000000396,888,12432,30.94,5377.08,863.4965034965035,535,478,"[{'flow_id': 0, 'created': 100, 'delivered': 75, 'delivery_ratio': 0.75, 'average_delay': 0.41199789333333475, 'p95_delay': 0.7991034000000191}, {'flow_id': 1, 'created': 100, 'delivered': 68, 'delivery_ratio': 0.68, 'average_delay': 0.8953538235294329, 'p95_delay': 1.2635067000000624}]",2,0.9976095228802812,M1,
DCF,6,200,17,5.646246000000175,200,200,0,1.0,3.1159161050000823,3.3060905000000904,4.838466500000169,4.855664920000174,4.857660000000174,290175.1004118399,349,165,1449,1100,15400,1449,1533042,2549,1548442,0,0,0.5449301363636507,0.0,0,200,5.646246000000175,0.6476519000025291,python,multiflow,python-M1-high-seed-17-DCF,high,,,,,,,,,,,,,,,"[{'flow_id': 0, 'created': 100, 'delivered': 100, 'delivery_ratio': 1.0, 'average_delay': 3.799539150000111, 'p95_delay': 4.853795700000174}, {'flow_id': 1, 'created': 100, 'delivered': 100, 'delivery_ratio': 1.0, 'average_delay': 2.4322930600000534, 'p95_delay': 4.02285360000015}]",2,1.0,M1,
Fixed-PRMAC,6,200,17,2.0710840000000754,200,140,60,0.7,0.6564832571428736,,1.2432319000000738,1.2706591800000762,1.2790840000000754,553758.321729084,648,708,1191,4414,123380,904,956432,6222,1092468,0,,,,0,200,,0.24332399999912013,python,multiflow,python-M1-high-seed-17-Fixed-PRMAC,high,0.0,904,1191,543,55,0.2059350423572784,1.029068000000073,904,12656,31.11,5462.34,881.2857142857143,543,483,"[{'flow_id': 0, 'created': 100, 'delivered': 78, 'delivery_ratio': 0.78, 'average_delay': 0.3761731794871809, 'p95_delay': 0.6643117000000154}, {'flow_id': 1, 'created': 100, 'delivered': 62, 'delivery_ratio': 0.62, 'average_delay': 1.009131419354874, 'p95_delay': 1.2578805000000761}]",2,0.9871071716357773,M1,
DCF,6,200,27,5.610822000000138,200,200,0,1.0,3.083627165000073,2.9867570000001002,4.8188226000001375,4.825793220000138,4.829124000000137,292007.12480274006,329,159,1429,1100,15400,1429,1511882,2529,1527282,0,0,0.5381703627272855,0.0,0,200,5.610822000000138,0.6690710999973817,python,multiflow,python-M1-high-seed-27-DCF,high,,,,,,,,,,,,,,,"[{'flow_id': 0, 'created': 100, 'delivered': 100, 'delivery_ratio': 1.0, 'average_delay': 4.066303460000105, 'p95_delay': 4.821402900000136}, {'flow_id': 1, 'created': 100, 'delivered': 100, 'delivery_ratio': 1.0, 'average_delay': 2.100950870000041, 'p95_delay': 3.9981971000001257}]",2,1.0,M1,
Fixed-PRMAC,6,200,27,2.0631080000000663,200,122,78,0.61,0.7121215737705066,,1.2298045000000644,1.2674885000000664,1.2711080000000663,484426.4090876328,814,892,1337,4576,129060,822,869676,6220,1010244,0,,,,0,200,,0.2299864999986312,python,multiflow,python-M1-high-seed-27-Fixed-PRMAC,high,0.0,822,1337,523,50,0.2219978279158734,0.853320000000064,822,11508,31.1,5051.22,1057.8688524590164,523,445,"[{'flow_id': 0, 'created': 100, 'delivered': 54, 'delivery_ratio': 0.54, 'average_delay': 0.5420493703703739, 'p95_delay': 0.8908123000000243}, {'flow_id': 1, 'created': 100, 'delivered': 68, 'delivery_ratio': 0.68, 'average_delay': 0.8471789117647295, 'p95_delay': 1.2503911000000678}]",2,0.987002652519894,M1,
DCF,6,200,37,5.5650660000001055,200,200,0,1.0,3.164476275000066,3.164264000000104,4.876218400000096,4.881047920000096,4.883062000000097,294408.0088178593,307,149,1407,1100,15400,1407,1488606,2507,1504006,0,0,0.5539487363636479,0.0,0,200,5.5650660000001055,0.6836110999975062,python,multiflow,python-M1-high-seed-37-DCF,high,,,,,,,,,,,,,,,"[{'flow_id': 0, 'created': 100, 'delivered': 100, 'delivery_ratio': 1.0, 'average_delay': 3.879431330000082, 'p95_delay': 4.879502200000096}, {'flow_id': 1, 'created': 100, 'delivered': 100, 'delivery_ratio': 1.0, 'average_delay': 2.4495212200000505, 'p95_delay': 3.9582512000001127}]",2,1.0,M1,
Fixed-PRMAC,6,200,37,2.035386000000071,200,144,56,0.72,0.6064897083333443,,1.1925615000000633,1.2320121000000717,1.243386000000071,579569.6737621065,677,733,1214,4477,125380,893,944794,6263,1082676,0,,,,0,200,,0.21965579999960028,python,multiflow,python-M1-high-seed-37-Fixed-PRMAC,high,0.0,893,1214,537,46,0.19187711731843846,0.6094620000000561,893,12502,31.315,5413.38,870.6944444444445,537,481,"[{'flow_id': 0, 'created': 100, 'delivered': 75, 'delivery_ratio': 0.75, 'average_delay': 0.4405648266666658, 'p95_delay': 0.7477494000000151}, {'flow_id': 1, 'created': 100, 'delivered': 69, 'delivery_ratio': 0.69, 'average_delay': 0.786842840579734, 'p95_delay': 1.216870400000069}]",2,0.9982668977469671,M1,
DCF,6,200,47,5.6743640000001365,200,200,0,1.0,3.233525950000082,3.2559190000001212,4.889427400000136,4.899608740000134,4.906622000000135,288737.2047334222,359,174,1459,1100,15400,1459,1543622,2559,1559022,0,0,0.5642587154545597,0.0,0,200,5.6743640000001365,0.6847269999998389,python,multiflow,python-M1-high-seed-47-DCF,high,,,,,,,,,,,,,,,"[{'flow_id': 0, 'created': 100, 'delivered': 100, 'delivery_ratio': 1.0, 'average_delay': 4.094356260000108, 'p95_delay': 4.892929200000135}, {'flow_id': 1, 'created': 100, 'delivered': 100, 'delivery_ratio': 1.0, 'average_delay': 2.3726956400000554, 'p95_delay': 3.600401600000128}]",2,1.0,M1,
Fixed-PRMAC,6,200,47,1.9173500000000592,200,135,65,0.675,0.5737685333333404,,1.0880174000000495,1.1150022000000566,1.1253500000000591,576796.0987821555,705,770,1232,4446,124720,866,916228,6178,1053072,0,,,,0,200,,0.22915700000157813,python,multiflow,python-M1-high-seed-47-Fixed-PRMAC,high,0.0,866,1232,527,45,0.1834662277039862,0.6239120000000145,866,12124,30.89,5265.36,923.8518518518518,527,462,"[{'flow_id': 0, 'created': 100, 'delivered': 77, 'delivery_ratio': 0.77, 'average_delay': 0.4232220779220772, 'p95_delay': 0.6741036000000143}, {'flow_id': 1, 'created': 100, 'delivered': 58, 'delivery_ratio': 0.58, 'average_delay': 0.7736319310345002, 'p95_delay': 1.1085547000000546}]",2,0.9805767782201659,M1,
DCF,6,200,57,5.627048000000103,200,200,0,1.0,2.9380936700000615,2.8277480000000894,4.8374184000001,4.846851120000101,4.850374000000102,291165.10113295104,346,165,1446,1100,15400,1446,1529868,2546,1545268,0,0,0.5098293290909198,0.0,0,200,5.627048000000103,0.7395695999985037,python,multiflow,python-M1-high-seed-57-DCF,high,,,,,,,,,,,,,,,"[{'flow_id': 0, 'created': 100, 'delivered': 100, 'delivery_ratio': 1.0, 'average_delay': 3.8522182100000837, 'p95_delay': 4.844475900000103}, {'flow_id': 1, 'created': 100, 'delivered': 100, 'delivery_ratio': 1.0, 'average_delay': 2.023969130000039, 'p95_delay': 3.3516049500001244}]",2,1.0,M1,
Fixed-PRMAC,6,200,57,2.1661940000000532,200,146,54,0.73,0.6893702602739867,,1.3326845000000564,1.3712315000000543,1.3821940000000532,552135.2196525199,674,728,1212,4486,125580,900,952200,6286,1090380,0,,,,0,200,,0.22168100000271806,python,multiflow,python-M1-high-seed-57-Fixed-PRMAC,high,0.0,900,1212,538,49,0.2214135427509329,0.9387060000000502,900,12600,31.43,5451.9,860.1369863013699,538,484,"[{'flow_id': 0, 'created': 100, 'delivered': 78, 'delivery_ratio': 0.78, 'average_delay': 0.5079494615384678, 'p95_delay': 0.8069569000000264}, {'flow_id': 1, 'created': 100, 'delivered': 68, 'delivery_ratio': 0.68, 'average_delay': 0.8974705882353172, 'p95_delay': 1.361795500000055}]",2,0.9953305939484495,M1,
DCF,6,200,67,5.673762000000123,200,200,0,1.0,2.8926541500000735,2.9651625000000914,4.844796200000121,4.87040784000012,4.881762000000124,288767.8404557619,364,174,1464,1100,15400,1464,1548912,2564,1564312,0,0,0.5026895654545585,0.0,0,200,5.673762000000123,0.7445315999975719,python,multiflow,python-M1-high-seed-67-DCF,high,,,,,,,,,,,,,,,"[{'flow_id': 0, 'created': 100, 'delivered': 100, 'delivery_ratio': 1.0, 'average_delay': 3.939162670000105, 'p95_delay': 4.85663340000012}, {'flow_id': 1, 'created': 100, 'delivered': 100, 'delivery_ratio': 1.0, 'average_delay': 1.8461456300000423, 'p95_delay': 3.336137750000144}]",2,1.0,M1,
Fixed-PRMAC,6,200,67,2.1965520000000565,200,132,68,0.66,0.6952692727272866,,1.3630275000000582,1.394456500000057,1.4045520000000564,492291.5551282065,745,813,1277,4562,128140,872,922576,6306,1062924,0,,,,0,200,,0.22278129999904195,python,multiflow,python-M1-high-seed-67-Fixed-PRMAC,high,0.0,872,1277,532,48,0.21556075939849936,0.9101240000000601,872,12208,31.53,5314.62,970.7575757575758,532,464,"[{'flow_id': 0, 'created': 100, 'delivered': 76, 'delivery_ratio': 0.76, 'average_delay': 0.4303892105263179, 'p95_delay': 0.8799905000000202}, {'flow_id': 1, 'created': 100, 'delivered': 56, 'delivery_ratio': 0.56, 'average_delay': 1.0547493571428868, 'p95_delay': 1.3835995000000578}]",2,0.9775583482944346,M1,
DCF,6,200,77,5.650266000000094,200,200,0,1.0,3.11319550500006,3.339110000000106,4.826209600000094,4.858992360000095,4.865314000000095,289968.6492635874,357,170,1457,1100,15400,1457,1541506,2557,1556906,0,0,0.5421352000000106,0.0,0,200,5.650266000000094,0.6683742000022903,python,multiflow,python-M1-high-seed-77-DCF,high,,,,,,,,,,,,,,,"[{'flow_id': 0, 'created': 100, 'delivered': 100, 'delivery_ratio': 1.0, 'average_delay': 3.718285810000071, 'p95_delay': 4.853587200000095}, {'flow_id': 1, 'created': 100, 'delivered': 100, 'delivery_ratio': 1.0, 'average_delay': 2.508105200000049, 'p95_delay': 3.683626400000098}]",2,1.0,M1,
Fixed-PRMAC,6,200,77,1.9513060000000686,200,143,57,0.715,0.5213847972028063,,1.1073282000000564,1.1467866000000662,1.1593060000000686,600344.5897260393,629,686,1161,4303,120160,893,944794,6089,1077456,0,,,,0,200,,0.23012680000101682,python,multiflow,python-M1-high-seed-77-Fixed-PRMAC,high,0.0,893,1161,532,43,0.17165121052631777,0.7071320000000145,893,12502,30.445,5387.28,840.2797202797203,532,475,"[{'flow_id': 0, 'created': 100, 'delivered': 86, 'delivery_ratio': 0.86, 'average_delay': 0.30662223255813825, 'p95_delay': 0.4994555000000092}, {'flow_id': 1, 'created': 100, 'delivered': 57, 'delivery_ratio': 0.57, 'average_delay': 0.8454125263158142, 'p95_delay': 1.1361460000000634}]",2,0.9604978863316112,M1,
DCF,6,200,87,5.651197000000102,200,200,0,1.0,3.2565206050000564,3.5214325000000883,4.98575170000008,5.004514840000077,5.009853000000076,289920.878709408,352,169,1452,1100,15400,1452,1536216,2552,1551616,0,0,0.5679119054545553,0.0,0,200,5.651197000000102,0.6972917000020971,python,multiflow,python-M1-high-seed-87-DCF,high,,,,,,,,,,,,,,,"[{'flow_id': 0, 'created': 100, 'delivered': 100, 'delivery_ratio': 1.0, 'average_delay': 4.268465130000073, 'p95_delay': 4.999012700000077}, {'flow_id': 1, 'created': 100, 'delivered': 100, 'delivery_ratio': 1.0, 'average_delay': 2.24457608000004, 'p95_delay': 4.117687600000085}]",2,1.0,M1,
Fixed-PRMAC,6,200,87,2.104360000000063,200,138,62,0.69,0.6558783043478394,,1.2713685000000652,1.3025081000000633,1.3123600000000628,537216.0656921659,718,780,1257,4526,126900,888,939504,6302,1078836,0,,,,0,200,,0.23111300000164192,python,multiflow,python-M1-high-seed-87-Fixed-PRMAC,high,0.0,888,1257,539,51,0.20780507235621842,0.836822000000057,888,12432,31.51,5394.18,919.5652173913044,539,477,"[{'flow_id': 0, 'created': 100, 'delivered': 72, 'delivery_ratio': 0.72, 'average_delay': 0.4183378333333327, 'p95_delay': 0.7361673000000137}, {'flow_id': 1, 'created': 100, 'delivered': 66, 'delivery_ratio': 0.66, 'average_delay': 0.9150133636363922, 'p95_delay': 1.2942645000000637}]",2,0.9981132075471697,M1,
DCF,6,200,97,5.696622000000101,200,200,0,1.0,2.9815613950000563,3.0092015000000725,4.972584600000093,4.980758220000093,4.984228000000092,287609.04269231326,381,180,1481,1100,15400,1481,1566898,2581,1582298,0,0,0.5192221263636462,0.0,0,200,5.696622000000101,0.735649199999898,python,multiflow,python-M1-high-seed-97-DCF,high,,,,,,,,,,,,,,,"[{'flow_id': 0, 'created': 100, 'delivered': 100, 'delivery_ratio': 1.0, 'average_delay': 3.686235410000068, 'p95_delay': 4.976085800000092}, {'flow_id': 1, 'created': 100, 'delivered': 100, 'delivery_ratio': 1.0, 'average_delay': 2.276887380000044, 'p95_delay': 3.4753507500001084}]",2,1.0,M1,
Fixed-PRMAC,6,200,97,1.8406920000000493,200,133,67,0.665,0.5451456541353437,,1.0181576000000376,1.0384396000000469,1.0486920000000493,591916.5183528644,718,785,1246,4430,124280,862,911996,6154,1048344,0,,,,0,200,,0.22251840000171796,python,multiflow,python-M1-high-seed-97-Fixed-PRMAC,high,0.0,862,1246,528,49,0.18016209090909222,0.6983500000000209,862,12068,30.77,5241.72,934.4360902255639,528,461,"[{'flow_id': 0, 'created': 100, 'delivered': 73, 'delivery_ratio': 0.73, 'average_delay': 0.48342202739726214, 'p95_delay': 0.8004492000000211}, {'flow_id': 1, 'created': 100, 'delivered': 60, 'delivery_ratio': 0.6, 'average_delay': 0.6202427333333428, 'p95_delay': 1.031222900000045}]",2,0.9905364542501962,M1,
DCF,6,200,7,6.2960840000000955,200,200,0,1.0,3.5721768650000865,3.7146355000000986,4.482721200000091,4.529769100000094,4.540734000000093,260225.24477119034,456,215,1656,1200,16800,1656,1752048,2856,1768848,0,0,0.567791645000014,0.0,0,200,6.2960840000000955,0.9403032000009262,python,multiflow,python-M2-medium-seed-7-DCF,medium,,,,,,,,,,,,,,,"[{'flow_id': 0, 'created': 100, 'delivered': 100, 'delivery_ratio': 1.0, 'average_delay': 3.2777629200000855, 'p95_delay': 3.9175312500000943}, {'flow_id': 1, 'created': 100, 'delivered': 100, 'delivery_ratio': 1.0, 'average_delay': 3.866590810000088, 'p95_delay': 4.514566500000094}]",2,1.0,M2,
Fixed-PRMAC,6,200,7,2.5499560000000394,200,137,63,0.685,0.44369867153286635,,0.7413848000000461,0.7745199200000434,0.7832120000000451,440126.8100312251,853,916,1381,5340,150900,930,983940,7200,1147860,0,,,,0,200,,0.32627530000172555,python,multiflow,python-M2-medium-seed-7-Fixed-PRMAC,medium,0.0,930,1381,528,33,0.12308434848485418,0.40993800000003855,930,13020,36.0,5739.3,1101.4598540145985,528,465,"[{'flow_id': 0, 'created': 100, 'delivered': 66, 'delivery_ratio': 0.66, 'average_delay': 0.41899590909092876, 'p95_delay': 0.6929790000000462}, {'flow_id': 1, 'created': 100, 'delivered': 71, 'delivery_ratio': 0.71, 'average_delay': 0.466661802816921, 'p95_delay': 0.7602710000000426}]",2,0.9986697882302864,M2,
DCF,6,200,17,6.280632000000049,200,200,0,1.0,3.223868015000048,3.853774500000081,4.40443740000006,4.42443152000006,4.4310760000000595,260865.46704216825,445,214,1645,1200,16800,1645,1740410,2845,1757210,0,0,0.508065880833341,0.0,0,200,6.280632000000049,0.9258561999995436,python,multiflow,python-M2-medium-seed-17-DCF,medium,,,,,,,,,,,,,,,"[{'flow_id': 0, 'created': 100, 'delivered': 100, 'delivery_ratio': 1.0, 'average_delay': 3.4453348900000442, 'p95_delay': 4.41374975000006}, {'flow_id': 1, 'created': 100, 'delivered': 100, 'delivery_ratio': 1.0, 'average_delay': 3.002401140000052, 'p95_delay': 4.260065250000046}]",2,1.0,M2,
Fixed-PRMAC,6,200,17,2.239016000000045,200,150,50,0.75,0.21919097333334647,,0.32652380000004694,0.3405845600000124,0.3449100000000487,548812.514068669,684,734,1214,4980,139800,960,1015680,6900,1168920,0,,,,0,200,,0.2838226999992912,python,multiflow,python-M2-medium-seed-17-Fixed-PRMAC,medium,0.0,960,1214,530,20,0.056636309433966074,0.21851600000001725,960,13440,34.5,5844.6,932.0,530,480,"[{'flow_id': 0, 'created': 100, 'delivered': 74, 'delivery_ratio': 0.74, 'average_delay': 0.2040189459459571, 'p95_delay': 0.2988053000000314}, {'flow_id': 1, 'created': 100, 'delivered': 76, 'delivery_ratio': 0.76, 'average_delay': 0.23396373684212032, 'p95_delay': 0.33423900000004914}]",2,0.9998222538215429,M2,
DCF,6,200,27,6.245005000000131,200,200,0,1.0,3.7812388350001043,4.027946000000113,4.54150840000012,4.620262280000119,4.642009000000119,262353.67305550043,424,203,1624,1200,16800,1624,1718192,2824,1734992,0,0,0.6031539908333502,0.0,0,200,6.245005000000131,0.7898533000006864,python,multiflow,python-M2-medium-seed-27-DCF,medium,,,,,,,,,,,,,,,"[{'flow_id': 0, 'created': 100, 'delivered': 100, 'delivery_ratio': 1.0, 'average_delay': 3.8031382100001037, 'p95_delay': 4.178753700000107}, {'flow_id': 1, 'created': 100, 'delivered': 100, 'delivery_ratio': 1.0, 'average_delay': 3.7593394600001044, 'p95_delay': 4.59653040000012}]",2,1.0,M2,
Fixed-PRMAC,6,200,27,2.5716460000000403,200,156,44,0.78,0.5254824487179718,,0.7674000000000429,0.7750554000000449,0.780436000000049,496939.31435352296,742,786,1289,5238,147080,1006,1064348,7250,1225512,0,,,,0,200,,0.30815720000100555,python,multiflow,python-M2-medium-seed-27-Fixed-PRMAC,medium,0.0,1006,1289,547,42,0.1537771334552172,0.4974320000000505,1006,14084,36.25,6127.56,942.8205128205128,547,503,"[{'flow_id': 0, 'created': 100, 'delivered': 82, 'delivery_ratio': 0.82, 'average_delay': 0.5366215365853876, 'p95_delay': 0.7724042000000463}, {'flow_id': 1, 'created': 100, 'delivered': 74, 'delivery_ratio': 0.74, 'average_delay': 0.5131391351351596, 'p95_delay': 0.71522810000005}]",2,0.9973770491803282,M2,
DCF,6,200,37,6.303161000000111,200,200,0,1.0,3.875949955000106,4.218405500000104,4.510231800000109,4.529447720000109,4.53627000000011,259933.07167625436,454,217,1654,1200,16800,1654,1749932,2854,1766732,0,0,0.6178930208333505,0.0,0,200,6.303161000000111,0.8621101000026101,python,multiflow,python-M2-medium-seed-37-DCF,medium,,,,,,,,,,,,,,,"[{'flow_id': 0, 'created': 100, 'delivered': 100, 'delivery_ratio': 1.0, 'average_delay': 4.207108230000108, 'p95_delay': 4.521209500000113}, {'flow_id': 1, 'created': 100, 'delivered': 100, 'delivery_ratio': 1.0, 'average_delay': 3.5447916800001047, 'p95_delay': 4.228831000000104}]",2,1.0,M2,
Fixed-PRMAC,6,200,37,2.6790920000000304,200,138,62,0.69,0.5723028405797286,,0.8541176000000408,0.9028677800000374,0.9128940000000378,421969.83156979573,812,874,1337,5218,147280,926,979708,7070,1139952,0,,,,0,200,,0.2621523999987403,python,multiflow,python-M2-medium-seed-37-Fixed-PRMAC,medium,0.0,926,1337,525,66,0.1621654247619098,0.7401900000000323,926,12964,35.35,5699.76,1067.2463768115942,525,463,"[{'flow_id': 0, 'created': 100, 'delivered': 75, 'delivery_ratio': 0.75, 'average_delay': 0.5864578400000211, 'p95_delay': 0.8725006000000398}, {'flow_id': 1, 'created': 100, 'delivered': 63, 'delivery_ratio': 0.63, 'average_delay': 0.5554516507936661, 'p95_delay': 0.795957800000012}]",2,0.9924953095684801,M2,
DCF,6,200,47,6.298264000000104,200,200,0,1.0,3.3917507950000827,3.6616265000001142,4.7031271500001,4.734808770000101,4.746040000000103,260135.17375581161,462,217,1662,1200,16800,1662,1758396,2862,1775196,0,0,0.5352509550000132,0.0,0,200,6.298264000000104,0.9222012999998697,python,multiflow,python-M2-medium-seed-47-DCF,medium,,,,,,,,,,,,,,,"[{'flow_id': 0, 'created': 100, 'delivered': 100, 'delivery_ratio': 1.0, 'average_delay': 3.063553000000078, 'p95_delay': 3.9656877000000956}, {'flow_id': 1, 'created': 100, 'delivered': 100, 'delivery_ratio': 1.0, 'average_delay': 3.719948590000088, 'p95_delay': 4.728657200000103}]",2,1.0,M2,
Fixed-PRMAC,6,200,47,2.495914000000037,200,145,55,0.725,0.346025434482775,,0.596384000000043,0.6389415200000442,0.6657980000000443,475913.8335695791,762,817,1291,5190,146220,948,1002984,7086,1162476,0,,,,0,200,,0.24835189999794238,python,multiflow,python-M2-medium-seed-47-Fixed-PRMAC,medium,0.0,948,1291,529,41,0.09852125141777464,0.5236460000000378,948,13272,35.43,5812.38,1008.4137931034483,529,474,"[{'flow_id': 0, 'created': 100, 'delivered': 81, 'delivery_ratio': 0.81, 'average_delay': 0.3396524197531011, 'p95_delay': 0.5950720000000387}, {'flow_id': 1, 'created': 100, 'delivered': 64, 'delivery_ratio': 0.64, 'average_delay': 0.35409128125001854, 'p95_delay': 0.6019490000000451}]",2,0.9864408370085391,M2,
DCF,6,200,57,6.140662000000161,200,200,0,1.0,3.173057880000113,3.6881475000001647,4.35522460000016,4.376150900000162,4.38106200000016,266811.62389331264,373,177,1573,1200,16800,1573,1664234,2773,1681034,0,0,0.5032733591666849,0.0,0,200,6.140662000000161,0.8142938999990292,python,multiflow,python-M2-medium-seed-57-DCF,medium,,,,,,,,,,,,,,,"[{'flow_id': 0, 'created': 100, 'delivered': 100, 'delivery_ratio': 1.0, 'average_delay': 2.8814740000001056, 'p95_delay': 3.998539600000158}, {'flow_id': 1, 'created': 100, 'delivered': 100, 'delivery_ratio': 1.0, 'average_delay': 3.4646417600001196, 'p95_delay': 4.36559385000016}]",2,1.0,M2,
Fixed-PRMAC,6,200,57,2.466730000000038,200,143,57,0.715,0.3872293006993187,,0.5920798000000415,0.6083971200000303,0.6122820000000393,474902.40115455765,729,786,1250,5086,143300,928,981824,6942,1138116,0,,,,0,200,,0.2735193000007712,python,multiflow,python-M2-medium-seed-57-Fixed-PRMAC,medium,0.0,928,1250,521,45,0.1080513742802353,0.533506000000042,928,12992,34.71,5690.58,1002.0979020979021,521,464,"[{'flow_id': 0, 'created': 100, 'delivered': 67, 'delivery_ratio': 0.67, 'average_delay': 0.38624698507464406, 'p95_delay': 0.581591800000045}, {'flow_id': 1, 'created': 100, 'delivered': 76, 'delivery_ratio': 0.76, 'average_delay': 0.388095289473703, 'p95_delay': 0.5948710000000468}]",2,0.9960545543107651,M2,
DCF,6,200,67,6.303604000000086,200,200,0,1.0,3.637545430000078,4.033080500000096,4.468444900000086,4.516881350000086,4.532412000000086,259914.8042929057,458,218,1658,1200,16800,1658,1754164,2858,1770964,0,0,0.5776582325000126,0.0,0,200,6.303604000000086,0.863574899998639,python,multiflow,python-M2-medium-seed-67-DCF,medium,,,,,,,,,,,,,,,"[{'flow_id': 0, 'created': 100, 'delivered': 100, 'delivery_ratio': 1.0, 'average_delay': 3.9633670800000833, 'p95_delay': 4.4924356500000915}, {'flow_id': 1, 'created': 100, 'delivered': 100, 'delivery_ratio': 1.0, 'average_delay': 3.3117237800000727, 'p95_delay': 4.07378615000009}]",2,1.0,M2,
Fixed-PRMAC,6,200,67,2.3634060000000505,200,144,56,0.72,0.35394418055557714,,0.5383061000000476,0.5742615400000478,0.5880840000000482,499130.4921794964,777,833,1302,5164,145540,938,992404,7040,1151076,0,,,,0,200,,0.3159144000019296,python,multiflow,python-M2-medium-seed-67-Fixed-PRMAC,medium,0.0,938,1302,525,30,0.09577582857143459,0.3342760000000231,938,13132,35.2,5755.38,1010.6944444444445,525,469,"[{'flow_id': 0, 'created': 100, 'delivered': 75, 'delivery_ratio': 0.75, 'average_delay': 0.3613412266666896, 'p95_delay': 0.49428660000005165}, {'flow_id': 1, 'created': 100, 'delivered': 69, 'delivery_ratio': 0.69, 'average_delay': 0.3459039130434984, 'p95_delay': 0.5517956000000459}]",2,0.9982668977469671,M2,
DCF,6,200,77,6.1835510000000795,200,200,0,1.0,3.7025709950000625,3.870055500000068,4.714084700000065,4.836635080000059,4.86312700000006,264961.02320494794,397,190,1597,1200,16800,1597,1689626,2797,1706426,0,0,0.5906377266666768,0.0,0,200,6.1835510000000795,0.7726083000015933,python,multiflow,python-M2-medium-seed-77-DCF,medium,,,,,,,,,,,,,,,"[{'flow_id': 0, 'created': 100, 'delivered': 100, 'delivery_ratio': 1.0, 'average_delay': 3.6208515700000627, 'p95_delay': 3.9630420000000575}, {'flow_id': 1, 'created': 100, 'delivered': 100, 'delivery_ratio': 1.0, 'average_delay': 3.7842904200000613, 'p95_delay': 4.791076700000062}]",2,1.0,M2,
Fixed-PRMAC,6,200,77,2.4215700000000466,200,146,54,0.73,0.4337854246575581,,0.6120150000000508,0.62708340000004,0.6371760000000397,493907.6714693265,793,847,1324,5328,150300,954,1009332,7236,1172988,0,,,,0,200,,0.28741660000014235,python,multiflow,python-M2-medium-seed-77-Fixed-PRMAC,medium,0.0,954,1324,531,34,0.1207966177024551,0.39068400000003956,954,13356,36.18,5864.94,1029.4520547945206,531,477,"[{'flow_id': 0, 'created': 100, 'delivered': 72, 'delivery_ratio': 0.72, 'average_delay': 0.42108322222224526, 'p95_delay': 0.5854476000000317}, {'flow_id': 1, 'created': 100, 'delivered': 74, 'delivery_ratio': 0.74, 'average_delay': 0.446144324324349, 'p95_delay': 0.625484600000035}]",2,0.999812382739212,M2,
DCF,6,200,87,6.286181000000103,200,200,0,1.0,3.640386000000097,4.023967000000118,4.456418550000104,4.4785094800001035,4.491825000000104,260635.1932914393,454,214,1654,1200,16800,1654,1749932,2854,1766732,0,0,0.5780567700000157,0.0,0,200,6.286181000000103,0.8719268999993801,python,multiflow,python-M2-medium-seed-87-DCF,medium,,,,,,,,,,,,,,,"[{'flow_id': 0, 'created': 100, 'delivered': 100, 'delivery_ratio': 1.0, 'average_delay': 3.4678798700000892, 'p95_delay': 4.465399450000106}, {'flow_id': 1, 'created': 100, 'delivered': 100, 'delivery_ratio': 1.0, 'average_delay': 3.812892130000104, 'p95_delay': 4.321115500000104}]",2,1.0,M2,
Fixed-PRMAC,6,200,87,2.1305200000000544,200,139,61,0.695,0.24151779856116462,,0.35925760000000967,0.39295460000000226,0.4069620000000027,534464.8254885995,727,788,1235,4838,136200,894,945852,6626,1094568,0,,,,0,200,,0.261295299998892,python,multiflow,python-M2-medium-seed-87-Fixed-PRMAC,medium,0.0,894,1235,508,18,0.06249183464567366,0.19057200000000096,894,12516,33.13,5472.84,979.8561151079136,508,447,"[{'flow_id': 0, 'created': 100, 'delivered': 67, 'delivery_ratio': 0.67, 'average_delay': 0.25765773134329994, 'p95_delay': 0.3443795999999968}, {'flow_id': 1, 'created': 100, 'delivered': 72, 'delivery_ratio': 0.72, 'average_delay': 0.2264986944444554, 'p95_delay': 0.3812231000000021}]",2,0.9987077432027294,M2,
DCF,6,200,97,6.235900000000077,200,200,0,1.0,3.164825205000071,3.9077030000000943,4.299600000000076,4.319500040000077,4.333010000000081,262736.73407206335,424,203,1624,1200,16800,1624,1718192,2824,1734992,0,0,0.5002954333333448,0.0,0,200,6.235900000000077,0.8500208000004932,python,multiflow,python-M2-medium-seed-97-DCF,medium,,,,,,,,,,,,,,,"[{'flow_id': 0, 'created': 100, 'delivered': 100, 'delivery_ratio': 1.0, 'average_delay': 2.7246539100000633, 'p95_delay': 4.00243765000008}, {'flow_id': 1, 'created': 100, 'delivered': 100, 'delivery_ratio': 1.0, 'average_delay': 3.6049965000000794, 'p95_delay': 4.317099550000078}]",2,1.0,M2,
Fixed-PRMAC,6,200,97,2.5160740000000406,200,150,50,0.75,0.441876560000022,,0.6882105000000416,0.7070737600000463,0.7082100000000451,488379.9125144889,787,837,1319,5276,148640,964,1019912,7204,1182048,0,,,,0,200,,0.2594012000008661,python,multiflow,python-M2-medium-seed-97-Fixed-PRMAC,medium,0.0,964,1319,532,36,0.1234582330827132,0.45420400000004424,964,13496,36.02,5910.24,990.9333333333333,532,482,"[{'flow_id': 0, 'created': 100, 'delivered': 75, 'delivery_ratio': 0.75, 'average_delay': 0.4476375466666903, 'p95_delay': 0.6649532000000412}, {'flow_id': 1, 'created': 100, 'delivered': 75, 'delivery_ratio': 0.75, 'average_delay': 0.43611557333335377, 'p95_delay': 0.7061108000000474}]",2,1.0,M2,
DCF,6,200,7,6.317517000000083,200,200,0,1.0,4.25348862500007,4.825035000000087,5.536651300000075,5.545965820000079,5.549475000000079,259342.39670427138,465,220,1665,1200,16800,1665,1761570,2865,1778370,0,0,0.6810862225000114,0.0,0,200,6.317517000000083,0.9079597999989346,python,multiflow,python-M2-high-seed-7-DCF,high,,,,,,,,,,,,,,,"[{'flow_id': 0, 'created': 100, 'delivered': 100, 'delivery_ratio': 1.0, 'average_delay': 4.265647130000067, 'p95_delay': 5.5417477000000765}, {'flow_id': 1, 'created': 100, 'delivered': 100, 'delivery_ratio': 1.0, 'average_delay': 4.2413301200000735, 'p95_delay': 5.211816950000079}]",2,1.0,M2,
Fixed-PRMAC,6,200,7,2.757616000000033,200,130,70,0.65,1.6291579076923488,,1.9508029000000342,1.9626147800000333,1.965616000000033,386188.6499062913,518,588,1049,4066,112760,922,975476,5910,1101144,0,,,,0,200,,0.1894265999981144,python,multiflow,python-M2-high-seed-7-Fixed-PRMAC,high,0.0,922,1049,531,89,0.46257931073447345,1.0448240000000557,922,12908,29.55,5505.72,867.3846153846154,531,461,"[{'flow_id': 0, 'created': 100, 'delivered': 59, 'delivery_ratio': 0.59, 'average_delay': 1.4786727796610646, 'p95_delay': 1.6392338000000561}, {'flow_id': 1, 'created': 100, 'delivered': 71, 'delivery_ratio': 0.71, 'average_delay': 1.7542089295775003, 'p95_delay': 1.9575330000000337}]",2,0.9915512790424781,M2,
DCF,6,200,17,6.2417530000001396,200,200,0,1.0,4.1920012600000955,4.378321000000097,5.532388700000128,5.5601955400001275,5.567169000000126,262490.3612815123,426,203,1626,1200,16800,1626,1720308,2826,1737108,0,0,0.6701988616666821,0.0,0,200,6.2417530000001396,0.816844899996795,python,multiflow,python-M2-high-seed-17-DCF,high,,,,,,,,,,,,,,,"[{'flow_id': 0, 'created': 100, 'delivered': 100, 'delivery_ratio': 1.0, 'average_delay': 4.366408260000105, 'p95_delay': 5.549898700000128}, {'flow_id': 1, 'created': 100, 'delivered': 100, 'delivery_ratio': 1.0, 'average_delay': 4.017594260000086, 'p95_delay': 5.2718260500001035}]",2,1.0,M2,
Fixed-PRMAC,6,200,17,2.54198800000005,200,158,42,0.79,1.4305751139240965,,1.732902700000052,1.7466599400000506,1.74998800000005,509182.5767863477,365,407,929,4080,111960,1044,1104552,6168,1231128,0,,,,0,200,,0.19250430000101915,python,multiflow,python-M2-high-seed-17-Fixed-PRMAC,high,0.0,1044,929,564,74,0.42744543262412604,0.7612980000000457,1044,14616,30.84,6155.64,708.6075949367089,564,522,"[{'flow_id': 0, 'created': 100, 'delivered': 75, 'delivery_ratio': 0.75, 'average_delay': 1.4153071466667122, 'p95_delay': 1.648865400000052}, {'flow_id': 1, 'created': 100, 'delivered': 83, 'delivery_ratio': 0.83, 'average_delay': 1.4443714698795644, 'p95_delay': 1.7411542000000513}]",2,0.9974428639923288,M2,
DCF,6,200,27,6.28739800000014,200,200,0,1.0,4.0337056600000984,4.317802000000098,5.505180700000138,5.512830420000139,5.516142000000138,260584.74427735663,444,212,1644,1200,16800,1644,1739352,2844,1756152,0,0,0.6445168358333492,0.0,0,200,6.28739800000014,0.8990192000019306,python,multiflow,python-M2-high-seed-27-DCF,high,,,,,,,,,,,,,,,"[{'flow_id': 0, 'created': 100, 'delivered': 100, 'delivery_ratio': 1.0, 'average_delay': 4.134361890000102, 'p95_delay': 5.3448871000001414}, {'flow_id': 1, 'created': 100, 'delivered': 100, 'delivery_ratio': 1.0, 'average_delay': 3.9330494300000947, 'p95_delay': 5.509491400000139}]",2,1.0,M2,
Fixed-PRMAC,6,200,27,2.6610140000000464,200,153,47,0.765,1.504991673202661,,1.8517652000000475,1.8655818400000466,1.8690140000000464,471014.4328440129,392,439,950,4098,112720,1022,1081276,6142,1208304,0,,,,0,200,,0.2118841000010434,python,multiflow,python-M2-high-seed-27-Fixed-PRMAC,high,0.0,1022,950,558,78,0.44554954838710936,0.8999380000000634,1022,14308,30.71,6041.52,736.7320261437909,558,511,"[{'flow_id': 0, 'created': 100, 'delivered': 81, 'delivery_ratio': 0.81, 'average_delay': 1.5730919753086865, 'p95_delay': 1.8598220000000472}, {'flow_id': 1, 'created': 100, 'delivered': 72, 'delivery_ratio': 0.72, 'average_delay': 1.428378833333382, 'p95_delay': 1.6495701000000547}]",2,0.9965517241379309,M2,
DCF,6,200,37,6.1578040000001755,200,200,0,1.0,3.9173184000001227,4.632293500000157,5.3211022000001735,5.372475620000173,5.375806000000172,266068.87780123454,374,181,1574,1200,16800,1574,1665292,2774,1682092,0,0,0.6276065200000198,0.0,0,200,6.1578040000001755,0.8489186000006157,python,multiflow,python-M2-high-seed-37-DCF,high,,,,,,,,,,,,,,,"[{'flow_id': 0, 'created': 100, 'delivered': 100, 'delivery_ratio': 1.0, 'average_delay': 3.7909215300001176, 'p95_delay': 5.317589200000174}, {'flow_id': 1, 'created': 100, 'delivered': 100, 'delivery_ratio': 1.0, 'average_delay': 4.043715270000128, 'p95_delay': 5.359734450000171}]",2,1.0,M2,
Fixed-PRMAC,6,200,37,2.4507180000000504,200,152,48,0.76,1.4014540921053082,,1.6585255000000525,1.6643869400000537,1.6659340000000535,508089.4660258644,423,471,975,4132,113880,1008,1066464,6148,1194456,0,,,,0,200,,0.21561339999971096,python,multiflow,python-M2-high-seed-37-Fixed-PRMAC,high,0.0,1008,975,552,68,0.4123839384058091,0.7408619999999999,1008,14112,30.74,5972.28,749.2105263157895,552,504,"[{'flow_id': 0, 'created': 100, 'delivered': 77, 'delivery_ratio': 0.77, 'average_delay': 1.4419742077922548, 'p95_delay': 1.6616832000000539}, {'flow_id': 1, 'created': 100, 'delivered': 75, 'delivery_ratio': 0.75, 'average_delay': 1.3598534400000433, 'p95_delay': 1.6502034000000512}]",2,0.9998268997749697,M2,
DCF,6,200,47,6.1469990000001715,200,200,0,1.0,4.200631915000137,4.411833000000174,5.3467467000001685,5.353348660000168,5.354999000000172,266536.56524101505,379,179,1579,1200,16800,1579,1670582,2779,1687382,0,0,0.6745942116666891,0.0,0,200,6.1469990000001715,0.8050106000009691,python,multiflow,python-M2-high-seed-47-DCF,high,,,,,,,,,,,,,,,"[{'flow_id': 0, 'created': 100, 'delivered': 100, 'delivery_ratio': 1.0, 'average_delay': 3.9545653300001358, 'p95_delay': 5.044190500000163}, {'flow_id': 1, 'created': 100, 'delivered': 100, 'delivery_ratio': 1.0, 'average_delay': 4.4466985000001396, 'p95_delay': 5.349644400000169}]",2,1.0,M2,
Fixed-PRMAC,6,200,47,2.4755420000000457,200,159,41,0.795,1.2771781006289635,,1.676779200000047,1.682850640000046,1.6847280000000462,526158.7159498712,435,476,997,4336,119660,1042,1102436,6420,1236684,0,,,,0,200,,0.22910920000140322,python,multiflow,python-M2-high-seed-47-Fixed-PRMAC,high,0.0,1042,997,562,76,0.3878930711743863,0.8285140000000486,1042,14588,32.1,6183.42,752.5786163522013,562,521,"[{'flow_id': 0, 'created': 100, 'delivered': 79, 'delivery_ratio': 0.79, 'average_delay': 1.2408077468354763, 'p95_delay': 1.6111258000000468}, {'flow_id': 1, 'created': 100, 'delivered': 80, 'delivery_ratio': 0.8, 'average_delay': 1.313093825000032, 'p95_delay': 1.6802056000000465}]",2,0.9999604461672336,M2,
DCF,6,200,57,6.333217000000107,200,200,0,1.0,4.30696741500008,5.051674000000099,5.629029000000095,5.645258980000099,5.648551000000097,258699.48874323623,467,224,1667,1200,16800,1667,1763686,2867,1780486,0,0,0.6895423675000129,0.0,0,200,6.333217000000107,0.860844899998483,python,multiflow,python-M2-high-seed-57-DCF,high,,,,,,,,,,,,,,,"[{'flow_id': 0, 'created': 100, 'delivered': 100, 'delivery_ratio': 1.0, 'average_delay': 4.805802530000087, 'p95_delay': 5.642072600000096}, {'flow_id': 1, 'created': 100, 'delivered': 100, 'delivery_ratio': 1.0, 'average_delay': 3.8081323000000724, 'p95_delay': 5.387427200000094}]",2,1.0,M2,
Fixed-PRMAC,6,200,57,2.672820000000037,200,142,58,0.71,1.5283875915493375,,1.8648951000000389,1.8774952200000374,1.880820000000037,435219.73047193,457,515,1000,4088,112940,970,1026260,6028,1152780,0,,,,0,200,,0.2322676000003412,python,multiflow,python-M2-high-seed-57-Fixed-PRMAC,high,0.0,970,1000,543,77,0.44382675874770866,0.8499760000000488,970,13580,30.14,5763.9,795.3521126760563,543,485,"[{'flow_id': 0, 'created': 100, 'delivered': 75, 'delivery_ratio': 0.75, 'average_delay': 1.6477005600000394, 'p95_delay': 1.8722334000000382}, {'flow_id': 1, 'created': 100, 'delivered': 67, 'delivery_ratio': 0.67, 'average_delay': 1.3948282985075071, 'p95_delay': 1.65678460000005}]",2,0.9968360688155031,M2,
DCF,6,200,67,6.1904430000000685,200,200,0,1.0,4.240241435000076,4.427071000000089,5.375211800000072,5.409622040000069,5.412519000000069,264666.03440173535,401,192,1601,1200,16800,1601,1693858,2801,1710658,0,0,0.6799821775000123,0.0,0,200,6.1904430000000685,0.7755784000000858,python,multiflow,python-M2-high-seed-67-DCF,high,,,,,,,,,,,,,,,"[{'flow_id': 0, 'created': 100, 'delivered': 100, 'delivery_ratio': 1.0, 'average_delay': 4.264319030000075, 'p95_delay': 5.16075340000007}, {'flow_id': 1, 'created': 100, 'delivered': 100, 'delivery_ratio': 1.0, 'average_delay': 4.216163840000077, 'p95_delay': 5.4054649000000685}]",2,1.0,M2,
Fixed-PRMAC,6,200,67,2.283034000000049,200,157,43,0.785,1.003978955414043,,1.474290400000051,1.4874027200000495,1.491034000000049,563348.5966481324,383,426,938,4112,113120,1024,1083392,6160,1210848,0,,,,0,200,,0.20565540000097826,python,multiflow,python-M2-high-seed-67-Fixed-PRMAC,high,0.0,1024,938,555,59,0.31278582342343153,0.5937940000000392,1024,14336,30.8,6054.24,720.5095541401274,555,512,"[{'flow_id': 0, 'created': 100, 'delivered': 77, 'delivery_ratio': 0.77, 'average_delay': 0.9694227012987316, 'p95_delay': 1.4128964000000535}, {'flow_id': 1, 'created': 100, 'delivered': 80, 'delivery_ratio': 0.8, 'average_delay': 1.0372393500000303, 'p95_delay': 1.48209590000005}]",2,0.9996350068943142,M2,
DCF,6,200,77,6.253191000000127,200,200,0,1.0,3.869473515000091,4.550337000000138,5.480124900000125,5.485582140000125,5.4923570000001245,262010.2280579574,429,204,1629,1200,16800,1629,1723482,2829,1740282,0,0,0.6167965691666812,0.0,0,200,6.253191000000127,0.9125306999994791,python,multiflow,python-M2-high-seed-77-DCF,high,,,,,,,,,,,,,,,"[{'flow_id': 0, 'created': 100, 'delivered': 100, 'delivery_ratio': 1.0, 'average_delay': 3.4693020200000833, 'p95_delay': 5.088085600000119}, {'flow_id': 1, 'created': 100, 'delivered': 100, 'delivery_ratio': 1.0, 'average_delay': 4.269645010000099, 'p95_delay': 5.482738500000124}]",2,1.0,M2,
Fixed-PRMAC,6,200,77,2.4860080000000426,200,163,37,0.815,1.057873398773032,,1.675888200000044,1.6903604400000427,1.6940080000000426,537124.5788428586,346,383,903,4088,112240,1040,1100320,6168,1227120,0,,,,0,200,,0.181430000000546,python,multiflow,python-M2-high-seed-77-Fixed-PRMAC,high,0.0,1040,903,557,88,0.3292524452423771,0.940952000000042,1040,14560,30.84,6135.6,688.5889570552147,557,520,"[{'flow_id': 0, 'created': 100, 'delivered': 78, 'delivery_ratio': 0.78, 'average_delay': 0.8720763333333574, 'p95_delay': 1.309172100000048}, {'flow_id': 1, 'created': 100, 'delivered': 85, 'delivery_ratio': 0.85, 'average_delay': 1.228369529411792, 'p95_delay': 1.6846684000000436}]",2,0.9981591404312871,M2,
DCF,6,200,87,6.135904000000146,200,200,0,1.0,3.0785199400000716,2.5963130000000643,5.273631050000135,5.349292740000145,5.352840000000144,267018.51919455733,373,178,1573,1200,16800,1573,1664234,2773,1681034,0,0,0.48630334916667806,0.0,0,200,6.135904000000146,0.8283166999972309,python,multiflow,python-M2-high-seed-87-DCF,high,,,,,,,,,,,,,,,"[{'flow_id': 0, 'created': 100, 'delivered': 100, 'delivery_ratio': 1.0, 'average_delay': 4.196735540000109, 'p95_delay': 5.343995400000146}, {'flow_id': 1, 'created': 100, 'delivered': 100, 'delivery_ratio': 1.0, 'average_delay': 1.960304340000034, 'p95_delay': 2.784366250000098}]",2,1.0,M2,
Fixed-PRMAC,6,200,87,2.561372000000047,200,150,50,0.75,1.4916955333333752,,1.7544612000000492,1.7659075800000474,1.769372000000047,479742.887796063,435,485,993,4200,115840,1016,1074928,6232,1204992,0,,,,0,200,,0.20848060000207624,python,multiflow,python-M2-high-seed-87-Fixed-PRMAC,high,0.0,1016,993,558,88,0.4384061433691867,0.9850040000000166,1016,14224,31.16,6024.96,772.2666666666667,558,508,"[{'flow_id': 0, 'created': 100, 'delivered': 79, 'delivery_ratio': 0.79, 'average_delay': 1.521442430379793, 'p95_delay': 1.7402998000000474}, {'flow_id': 1, 'created': 100, 'delivered': 71, 'delivery_ratio': 0.71, 'average_delay': 1.4585968732394738, 'p95_delay': 1.761219000000048}]",2,0.9971636234710157,M2,
DCF,6,200,97,6.231282000000163,200,200,0,1.0,4.220132785000125,4.315322000000133,5.435248600000161,5.44747012000016,5.449564000000161,262931.4481353849,416,199,1616,1200,16800,1616,1709728,2816,1726528,0,0,0.678716666666687,0.0,0,200,6.231282000000163,0.7631643999993685,python,multiflow,python-M2-high-seed-97-DCF,high,,,,,,,,,,,,,,,"[{'flow_id': 0, 'created': 100, 'delivered': 100, 'delivery_ratio': 1.0, 'average_delay': 4.2763103900001225, 'p95_delay': 5.442054700000161}, {'flow_id': 1, 'created': 100, 'delivered': 100, 'delivery_ratio': 1.0, 'average_delay': 4.163955180000127, 'p95_delay': 4.937955200000141}]",2,1.0,M2,
Fixed-PRMAC,6,200,97,2.4179360000000525,200,158,42,0.79,1.301081341772191,,1.6086687000000537,1.6226307400000528,1.6259360000000525,535306.1454066492,433,475,993,4294,118460,1036,1096088,6366,1229052,0,,,,0,200,,0.20791559999997844,python,multiflow,python-M2-high-seed-97-Fixed-PRMAC,high,0.0,1036,993,560,71,0.3852866357142964,0.7692380000000467,1036,14504,31.83,6145.26,749.746835443038,560,518,"[{'flow_id': 0, 'created': 100, 'delivered': 77, 'delivery_ratio': 0.77, 'average_delay': 1.3245372207792625, 'p95_delay': 1.617775600000053}, {'flow_id': 1, 'created': 100, 'delivered': 81, 'delivery_ratio': 0.81, 'average_delay': 1.2787837777778142, 'p95_delay': 1.5918740000000497}]",2,0.9993594875900721,M2,
DCF,4,200,7,4.099670000000159,200,200,0,1.0,1.5313732900000476,1.7372990000000654,2.186944700000149,2.2196438700001377,2.222423000000151,399641.9223986166,243,117,1043,800,11200,1043,1103494,1843,1114694,0,0,0.3627476025000115,0.0,0,200,4.099670000000159,0.5133764000020165,python,multiflow,python-M3-medium-seed-7-DCF,medium,,,,,,,,,,,,,,,"[{'flow_id': 0, 'created': 100, 'delivered': 100, 'delivery_ratio': 1.0, 'average_delay': 1.6089763100000498, 'p95_delay': 2.1924667000001548}, {'flow_id': 1, 'created': 100, 'delivered': 100, 'delivery_ratio': 1.0, 'average_delay': 1.4537702700000454, 'p95_delay': 2.1815754500001554}]",2,1.0,M3,
Fixed-PRMAC,4,200,7,2.1234660000000565,200,185,15,0.925,0.13250185945947432,,0.17084279999999744,0.18516880000003805,0.19301000000003654,713701.0905754835,250,265,636,3168,87620,742,785036,4652,883044,0,,,,0,200,,0.1423992999989423,python,multiflow,python-M3-medium-seed-7-Fixed-PRMAC,medium,0.0,742,636,386,16,0.053649943005188265,0.15083600000003106,742,10388,23.26,4415.22,473.6216216216216,386,371,"[{'flow_id': 0, 'created': 100, 'delivered': 87, 'delivery_ratio': 0.87, 'average_delay': 0.13924839080461246, 'p95_delay': 0.17686060000000756}, {'flow_id': 1, 'created': 100, 'delivered': 98, 'delivery_ratio': 0.98, 'average_delay': 0.12651259183674962, 'p95_delay': 0.16181160000000486}]",2,0.9964770278926224,M3,
DCF,4,200,17,4.1079880000001765,200,200,0,1.0,1.6625524100000695,1.8729670000000485,2.370941650000136,2.4138855200001443,2.424714000000143,398832.7132406252,249,121,1049,800,11200,1049,1109842,1849,1121042,0,0,0.3939774125000166,0.0,0,200,4.1079880000001765,0.4737306000024546,python,multiflow,python-M3-medium-seed-17-DCF,medium,,,,,,,,,,,,,,,"[{'flow_id': 0, 'created': 100, 'delivered': 100, 'delivery_ratio': 1.0, 'average_delay': 1.7506342000000756, 'p95_delay': 2.3850416000001604}, {'flow_id': 1, 'created': 100, 'delivered': 100, 'delivery_ratio': 1.0, 'average_delay': 1.5744706200000633, 'p95_delay': 2.252245150000147}]",2,1.0,M3,
Fixed-PRMAC,4,200,17,2.1545240000000563,200,177,23,0.885,0.11330679096046609,,0.16805440000004812,0.1867632800000566,0.2040500000000569,672995.0559845062,302,325,681,3272,91040,712,753296,4696,854304,0,,,,0,200,,0.14957569999751286,python,multiflow,python-M3-medium-seed-17-Fixed-PRMAC,medium,0.0,712,681,379,15,0.043585403693937735,0.14635400000004628,712,9968,23.48,4271.52,514.3502824858757,379,356,"[{'flow_id': 0, 'created': 100, 'delivered': 80, 'delivery_ratio': 0.8, 'average_delay': 0.1227763250000136, 'p95_delay': 0.17537539999999116}, {'flow_id': 1, 'created': 100, 'delivered': 97, 'delivery_ratio': 0.97, 'average_delay': 0.10549686597939598, 'p95_delay': 0.1596912000000573}]",2,0.9908596369156809,M3,
DCF,4,200,27,4.097427000000175,200,200,0,1.0,1.5895515300000702,1.7956435000000435,2.379144050000154,2.421623900000158,2.435011000000163,399860.6930641913,242,118,1042,800,11200,1042,1102436,1842,1113636,0,0,0.37701909125001676,0.0,0,200,4.097427000000175,0.5333714999978838,python,multiflow,python-M3-medium-seed-27-DCF,medium,,,,,,,,,,,,,,,"[{'flow_id': 0, 'created': 100, 'delivered': 100, 'delivery_ratio': 1.0, 'average_delay': 1.680344650000076, 'p95_delay': 2.4094809000001693}, {'flow_id': 1, 'created': 100, 'delivered': 100, 'delivery_ratio': 1.0, 'average_delay': 1.4987584100000644, 'p95_delay': 2.100469100000133}]",2,1.0,M3,
Fixed-PRMAC,4,200,27,2.0833720000000633,200,184,16,0.92,0.08118066304349528,,0.1326966000000355,0.1362264800000479,0.13825600000005456,723504.0117655196,270,286,655,3238,89760,738,780804,4714,880896,0,,,,0,200,,0.15620579999813344,python,multiflow,python-M3-medium-seed-27-Fixed-PRMAC,medium,0.0,738,655,385,12,0.02827433766234558,0.11490000000004263,738,10332,23.57,4404.48,487.82608695652175,385,369,"[{'flow_id': 0, 'created': 100, 'delivered': 86, 'delivery_ratio': 0.86, 'average_delay': 0.08913818604652862, 'p95_delay': 0.13441400000004206}, {'flow_id': 1, 'created': 100, 'delivered': 98, 'delivery_ratio': 0.98, 'average_delay': 0.07419753061226195, 'p95_delay': 0.12738740000005103}]",2,0.9957647058823529,M3,
DCF,4,200,37,4.124649000000162,200,200,0,1.0,1.616957135000058,1.870142500000071,2.392090200000136,2.4209121400001403,2.4276670000001417,397221.6787416179,262,125,1062,800,11200,1062,1123596,1862,1134796,0,0,0.38138949625001384,0.0,0,200,4.124649000000162,0.5142404999969585,python,multiflow,python-M3-medium-seed-37-DCF,medium,,,,,,,,,,,,,,,"[{'flow_id': 0, 'created': 100, 'delivered': 100, 'delivery_ratio': 1.0, 'average_delay': 1.769958190000073, 'p95_delay': 2.4179534000001297}, {'flow_id': 1, 'created': 100, 'delivered': 100, 'delivery_ratio': 1.0, 'average_delay': 1.463956080000043, 'p95_delay': 1.9299415000001037}]",2,1.0,M3,
Fixed-PRMAC,4,200,37,2.085136000000038,200,180,20,0.9,0.07786360000000907,,0.121682700000035,0.12892055999999738,0.13842999999999772,707176.8939771665,275,295,656,3224,89500,722,763876,4668,863484,0,,,,0,200,,0.13896069999827887,python,multiflow,python-M3-medium-seed-37-Fixed-PRMAC,medium,0.0,722,656,381,11,0.026881097112864953,0.09415600000000901,722,10108,23.34,4317.42,497.22222222222223,381,361,"[{'flow_id': 0, 'created': 100, 'delivered': 83, 'delivery_ratio': 0.83, 'average_delay': 0.08732433734940599, 'p95_delay': 0.12327360000003577}, {'flow_id': 1, 'created': 100, 'delivered': 97, 'delivery_ratio': 0.97, 'average_delay': 0.06976832989691685, 'p95_delay': 0.11124320000000001}]",2,0.9939869922689899,M3,
DCF,4,200,47,4.034076000000152,200,200,0,1.0,1.5207381450000537,1.7766385000000615,2.5760117000001275,2.643531350000122,2.6591190000001172,406140.092551538,222,105,1022,800,11200,1022,1081276,1822,1092476,0,0,0.3581855175000128,0.0,0,200,4.034076000000152,0.5298404999994091,python,multiflow,python-M3-medium-seed-47-DCF,medium,,,,,,,,,,,,,,,"[{'flow_id': 0, 'created': 100, 'delivered': 100, 'delivery_ratio': 1.0, 'average_delay': 1.779171190000072, 'p95_delay': 2.636858700000122}, {'flow_id': 1, 'created': 100, 'delivered': 100, 'delivery_ratio': 1.0, 'average_delay': 1.2623051000000354, 'p95_delay': 1.872355500000115}]",2,1.0,M3,
Fixed-PRMAC,4,200,47,2.052912000000058,200,184,16,0.92,0.07264853260870864,,0.09626660000000581,0.10254289999999998,0.10442400000003649,734238.9737114682,245,261,630,3174,87840,738,780804,4650,878976,0,,,,0,200,,0.15200690000347095,python,multiflow,python-M3-medium-seed-47-Fixed-PRMAC,medium,0.0,738,630,385,8,0.024207932467538346,0.07055400000002288,738,10332,23.25,4394.88,477.39130434782606,385,369,"[{'flow_id': 0, 'created': 100, 'delivered': 86, 'delivery_ratio': 0.86, 'average_delay': 0.08141874418606014, 'p95_delay': 0.10070500000002525}, {'flow_id': 1, 'created': 100, 'delivered': 98, 'delivery_ratio': 0.98, 'average_delay': 0.06495222448980834, 'p95_delay': 0.08668810000003947}]",2,0.9957647058823529,M3,
DCF,4,200,57,4.069081000000147,200,200,0,1.0,1.4666955650000486,1.6625175000000467,2.4734624000001286,2.517275790000123,2.5216290000001207,402646.1994735275,237,113,1037,800,11200,1037,1097146,1837,1108346,0,0,0.34471900250001153,0.0,0,200,4.069081000000147,0.46996149999904446,python,multiflow,python-M3-medium-seed-57-DCF,medium,,,,,,,,,,,,,,,"[{'flow_id': 0, 'created': 100, 'delivered': 100, 'delivery_ratio': 1.0, 'average_delay': 1.6811472200000648, 'p95_delay': 2.5066205000001274}, {'flow_id': 1, 'created': 100, 'delivered': 100, 'delivery_ratio': 1.0, 'average_delay': 1.2522439100000324, 'p95_delay': 1.8198184500000474}]",2,1.0,M3,
Fixed-PRMAC,4,200,57,2.1096700000000563,200,183,17,0.915,0.11325845901640662,,0.15828000000000123,0.1651652799999907,0.17389399999998945,710602.1320869899,257,274,642,3160,87440,736,778688,4632,876432,0,,,,0,200,,0.1322583000001032,python,multiflow,python-M3-medium-seed-57-Fixed-PRMAC,medium,0.0,736,642,385,15,0.044106010389616486,0.13915200000000305,736,10304,23.16,4382.16,477.8142076502732,385,368,"[{'flow_id': 0, 'created': 100, 'delivered': 85, 'delivery_ratio': 0.85, 'average_delay': 0.12195517647060089, 'p95_delay': 0.16017560000001407}, {'flow_id': 1, 'created': 100, 'delivered': 98, 'delivery_ratio': 0.98, 'average_delay': 0.10571538775511567, 'p95_delay': 0.15731439999999708}]",2,0.9949789054608119,M3,
DCF,4,200,67,4.034019000000167,200,200,0,1.0,1.6368932200000605,1.939760000000137,2.3577938500001236,2.470429940000141,2.501025000000138,406145.83124172996,217,105,1017,800,11200,1017,1075986,1817,1087186,0,0,0.3880083837500145,0.0,0,200,4.034019000000167,0.5160595000015746,python,multiflow,python-M3-medium-seed-67-DCF,medium,,,,,,,,,,,,,,,"[{'flow_id': 0, 'created': 100, 'delivered': 100, 'delivery_ratio': 1.0, 'average_delay': 1.834092600000075, 'p95_delay': 2.4248287000001447}, {'flow_id': 1, 'created': 100, 'delivered': 100, 'delivery_ratio': 1.0, 'average_delay': 1.4396938400000463, 'p95_delay': 2.0371779500001175}]",2,1.0,M3,
Fixed-PRMAC,4,200,67,2.0723760000000535,200,185,15,0.925,0.0756203135135242,,0.10684519999999768,0.11569735999999858,0.11683799999999755,731295.8652290708,234,249,619,3112,85960,740,782920,4592,879240,0,,,,0,200,,0.1281840999981796,python,multiflow,python-M3-medium-seed-67-Fixed-PRMAC,medium,0.0,740,619,385,10,0.02583073766234255,0.0879639999999966,740,10360,22.96,4396.2,464.64864864864865,385,370,"[{'flow_id': 0, 'created': 100, 'delivered': 87, 'delivery_ratio': 0.87, 'average_delay': 0.0804613103448385, 'p95_delay': 0.108228399999996}, {'flow_id': 1, 'created': 100, 'delivered': 98, 'delivery_ratio': 0.98, 'average_delay': 0.0713226938775615, 'p95_delay': 0.10009640000005385}]",2,0.9964770278926224,M3,
DCF,4,200,77,4.0813750000001825,200,200,0,1.0,1.409831600000051,1.6583315000000614,2.5495997000001607,2.672727140000155,2.7034410000001534,401433.34047959984,234,113,1034,800,11200,1034,1093972,1834,1105172,0,0,0.32928714375001195,0.0,0,200,4.0813750000001825,0.52407790000143,python,multiflow,python-M3-medium-seed-77-DCF,medium,,,,,,,,,,,,,,,"[{'flow_id': 0, 'created': 100, 'delivered': 100, 'delivery_ratio': 1.0, 'average_delay': 1.7054938900000796, 'p95_delay': 2.6270627000001583}, {'flow_id': 1, 'created': 100, 'delivered': 100, 'delivery_ratio': 1.0, 'average_delay': 1.1141693100000227, 'p95_delay': 1.8030198000000877}]",2,1.0,M3,
Fixed-PRMAC,4,200,77,2.0415260000000637,200,184,16,0.92,0.0566205217391464,,0.08829820000002751,0.10271992000000366,0.11229800000000267,738333.9717446425,251,267,635,3204,88760,736,778688,4676,877752,0,,,,0,200,,0.15000870000221767,python,multiflow,python-M3-medium-seed-77-Fixed-PRMAC,medium,0.0,736,635,384,9,0.01642507812500735,0.07403800000000738,736,10304,23.38,4388.76,482.39130434782606,384,368,"[{'flow_id': 0, 'created': 100, 'delivered': 86, 'delivery_ratio': 0.86, 'average_delay': 0.06378883720931845, 'p95_delay': 0.0935770000000068}, {'flow_id': 1, 'created': 100, 'delivered': 98, 'delivery_ratio': 0.98, 'average_delay': 0.050329959183689287, 'p95_delay': 0.08336520000000533}]",2,0.9957647058823529,M3,
DCF,4,200,87,4.110534000000137,200,200,0,1.0,1.5540321700000432,1.6948035000000212,2.3989233000001224,2.424974140000118,2.436096000000119,398585.68254147645,257,123,1057,800,11200,1057,1118306,1857,1129506,0,0,0.36611812250001025,0.0,0,200,4.110534000000137,0.4813501000026008,python,multiflow,python-M3-medium-seed-87-DCF,medium,,,,,,,,,,,,,,,"[{'flow_id': 0, 'created': 100, 'delivered': 100, 'delivery_ratio': 1.0, 'average_delay': 1.7752916800000558, 'p95_delay': 2.4163935000001207}, {'flow_id': 1, 'created': 100, 'delivered': 100, 'delivery_ratio': 1.0, 'average_delay': 1.3327726600000307, 'p95_delay': 1.9260215500001039}]",2,1.0,M3,
Fixed-PRMAC,4,200,87,2.0652460000000086,200,183,17,0.915,0.07705822950820414,,0.12850039999999566,0.13738047999999695,0.1423799999999915,725887.376128555,252,269,636,3192,88420,734,776572,4660,875268,0,,,,0,200,,0.13804679999884684,python,multiflow,python-M3-medium-seed-87-Fixed-PRMAC,medium,0.0,734,636,384,12,0.026942000000003217,0.12039999999999307,734,10276,23.3,4376.34,483.1693989071038,384,367,"[{'flow_id': 0, 'created': 100, 'delivered': 84, 'delivery_ratio': 0.84, 'average_delay': 0.09086411904762595, 'p95_delay': 0.13292559999999093}, {'flow_id': 1, 'created': 100, 'delivered': 99, 'delivery_ratio': 0.99, 'average_delay': 0.06534414141414928, 'p95_delay': 0.1270375999999972}]",2,0.9933262146289378,M3,
DCF,4,200,97,4.078950000000158,200,200,0,1.0,1.587036295000061,1.7320920000000453,2.237857100000126,2.25946258000015,2.289110000000135,401671.9989212755,240,115,1040,800,11200,1040,1100320,1840,1111520,0,0,0.3765040837500146,0.0,0,200,4.078950000000158,0.45230399999854853,python,multiflow,python-M3-medium-seed-97-DCF,medium,,,,,,,,,,,,,,,"[{'flow_id': 0, 'created': 100, 'delivered': 100, 'delivery_ratio': 1.0, 'average_delay': 1.6401847600000665, 'p95_delay': 2.2514805500001316}, {'flow_id': 1, 'created': 100, 'delivered': 100, 'delivery_ratio': 1.0, 'average_delay': 1.5338878300000554, 'p95_delay': 2.061973600000152}]",2,1.0,M3,
Fixed-PRMAC,4,200,97,2.0427060000000115,200,184,16,0.92,0.05470327173913395,,0.09750460000000047,0.10050564000000035,0.10553400000000046,737907.4619646643,249,265,634,3186,88200,738,780804,4662,879336,0,,,,0,200,,0.13183550000030664,python,multiflow,python-M3-medium-seed-97-Fixed-PRMAC,medium,0.0,738,634,385,9,0.015980898701300077,0.0792640000000005,738,10332,23.31,4396.68,479.3478260869565,385,369,"[{'flow_id': 0, 'created': 100, 'delivered': 85, 'delivery_ratio': 0.85, 'average_delay': 0.061337694117650464, 'p95_delay': 0.09810880000000048}, {'flow_id': 1, 'created': 100, 'delivered': 99, 'delivery_ratio': 0.99, 'average_delay': 0.04900705050505412, 'p95_delay': 0.09628360000000051}]",2,0.9942440972630093,M3,
DCF,4,200,7,4.062642000000182,200,200,0,1.0,2.5181401050000805,2.9022055000001137,3.4773480500001193,3.4871318200001284,3.490598000000128,403284.365198786,228,111,1028,800,11200,1028,1087624,1828,1098824,0,0,0.6068600025000195,0.0,0,200,4.062642000000182,0.4961819000018295,python,multiflow,python-M3-high-seed-7-DCF,high,,,,,,,,,,,,,,,"[{'flow_id': 0, 'created': 100, 'delivered': 100, 'delivery_ratio': 1.0, 'average_delay': 3.244366040000132, 'p95_delay': 3.48104060000012}, {'flow_id': 1, 'created': 100, 'delivered': 100, 'delivery_ratio': 1.0, 'average_delay': 1.791914170000029, 'p95_delay': 2.973374700000121}]",2,1.0,M3,
Fixed-PRMAC,4,200,7,2.112212000000055,200,197,3,0.985,0.6844900000000134,,1.298391600000057,1.3158447200000556,1.320212000000055,764044.5182585639,26,29,424,2428,64940,790,835820,4008,911820,0,,,,0,200,,0.13467589999709162,python,multiflow,python-M3-high-seed-7-Fixed-PRMAC,high,0.0,790,424,398,107,0.33191674371859936,1.077546000000062,790,11060,20.04,4559.1,329.6446700507614,398,395,"[{'flow_id': 0, 'created': 100, 'delivered': 99, 'delivery_ratio': 0.99, 'average_delay': 0.8034562222222408, 'p95_delay': 1.309269800000056}, {'flow_id': 1, 'created': 100, 'delivered': 98, 'delivery_ratio': 0.98, 'average_delay': 0.5643098367347019, 'p95_delay': 1.0444294000000425}]",2,0.9999742334449885,M3,
DCF,4,200,17,4.138949000000175,200,200,0,1.0,2.3309818950000656,2.3848990000000425,3.452050400000147,3.4576987400001507,3.46028900000015,395849.28444393264,269,128,1069,800,11200,1069,1131002,1869,1142202,0,0,0.5588926562500157,0.0,0,200,4.138949000000175,0.5412469000002602,python,multiflow,python-M3-high-seed-17-DCF,high,,,,,,,,,,,,,,,"[{'flow_id': 0, 'created': 100, 'delivered': 100, 'delivery_ratio': 1.0, 'average_delay': 2.938461250000111, 'p95_delay': 3.4553935000001395}, {'flow_id': 1, 'created': 100, 'delivered': 100, 'delivery_ratio': 1.0, 'average_delay': 1.72350254000002, 'p95_delay': 2.8939056000001124}]",2,1.0,M3,
Fixed-PRMAC,4,200,17,2.115116000000055,200,197,3,0.985,0.6822866497462059,,1.3008876000000564,1.3186535200000555,1.323116000000055,762995.5047382546,52,55,449,2522,67780,788,833704,4098,912516,0,,,,0,200,,0.10155829999712296,python,multiflow,python-M3-high-seed-17-Fixed-PRMAC,high,0.0,788,449,397,97,0.3297400403022733,1.0117960000000688,788,11032,20.49,4562.58,344.06091370558374,397,394,"[{'flow_id': 0, 'created': 100, 'delivered': 99, 'delivery_ratio': 0.99, 'average_delay': 0.8599764848485049, 'p95_delay': 1.3118518000000556}, {'flow_id': 1, 'created': 100, 'delivered': 98, 'delivery_ratio': 0.98, 'average_delay': 0.5027836530612304, 'p95_delay': 0.9752854000000377}]",2,0.9999742334449885,M3,
DCF,4,200,27,4.08038400000015,200,200,0,1.0,2.282153240000056,2.6120010000000495,3.3132699000001478,3.3186831600001474,3.3203260000001413,401530.8363134303,243,115,1043,800,11200,1043,1103494,1843,1114694,0,0,0.5495776237500134,0.0,0,200,4.08038400000015,0.5222309999990102,python,multiflow,python-M3-high-seed-27-DCF,high,,,,,,,,,,,,,,,"[{'flow_id': 0, 'created': 100, 'delivered': 100, 'delivery_ratio': 1.0, 'average_delay': 2.770623080000082, 'p95_delay': 3.315857700000148}, {'flow_id': 1, 'created': 100, 'delivered': 100, 'delivery_ratio': 1.0, 'average_delay': 1.7936834000000292, 'p95_delay': 2.9509027000001145}]",2,1.0,M3,
Fixed-PRMAC,4,200,27,2.07797000000006,200,196,4,0.98,0.6549907551020545,,1.2642945000000587,1.2815509000000602,1.28597000000006,772692.5797773566,32,36,429,2468,66180,786,831588,4040,908772,0,,,,0,200,,0.10353910000048927,python,multiflow,python-M3-high-seed-27-Fixed-PRMAC,high,0.0,786,429,397,98,0.316875576826203,0.9936640000000592,786,11004,20.2,4543.86,337.6530612244898,397,393,"[{'flow_id': 0, 'created': 100, 'delivered': 97, 'delivery_ratio': 0.97, 'average_delay': 0.7952188453608457, 'p95_delay': 1.2754076000000607}, {'flow_id': 1, 'created': 100, 'delivered': 99, 'delivery_ratio': 0.99, 'average_delay': 0.517595555555562, 'p95_delay': 0.9584936000000395}]",2,0.9998958875585633,M3,
DCF,4,200,37,4.074892000000183,200,200,0,1.0,2.383919135000076,2.4042385000000515,3.377987500000153,3.381576300000153,3.3831760000001605,402072.0058347378,237,114,1037,800,11200,1037,1097146,1837,1108346,0,0,0.5739238912500183,0.0,0,200,4.074892000000183,0.4626137999985076,python,multiflow,python-M3-high-seed-37-DCF,high,,,,,,,,,,,,,,,"[{'flow_id': 0, 'created': 100, 'delivered': 100, 'delivery_ratio': 1.0, 'average_delay': 2.9244829200001163, 'p95_delay': 3.3799559000001542}, {'flow_id': 1, 'created': 100, 'delivered': 100, 'delivery_ratio': 1.0, 'average_delay': 1.8433553500000355, 'p95_delay': 2.7104382000001106}]",2,1.0,M3,
Fixed-PRMAC,4,200,37,2.0910140000000585,200,199,1,0.995,0.6660438190954907,,1.276591800000059,1.294522760000059,1.2990140000000585,779625.5787861556,11,12,411,2418,64560,798,844284,4014,920016,0,,,,0,200,,0.11681229999885545,python,multiflow,python-M3-high-seed-37-Fixed-PRMAC,high,0.0,798,411,400,105,0.32250318500000646,1.0559680000000689,798,11172,20.07,4600.08,324.4221105527638,400,399,"[{'flow_id': 0, 'created': 100, 'delivered': 99, 'delivery_ratio': 0.99, 'average_delay': 0.7864492121212311, 'p95_delay': 1.2880578000000593}, {'flow_id': 1, 'created': 100, 'delivered': 100, 'delivery_ratio': 1.0, 'average_delay': 0.5468424800000077, 'p95_delay': 1.0221078000000432}]",2,0.9999747487500632,M3,
DCF,4,200,47,3.98852000000014,200,200,0,1.0,2.2537761950000577,2.5916875000000723,3.2819677000001093,3.285940540000113,3.287944000000107,410778.9355449998,197,96,997,800,11200,997,1054826,1797,1066026,0,0,0.5410149450000138,0.0,0,200,3.98852000000014,0.5271309000017936,python,multiflow,python-M3-high-seed-47-DCF,high,,,,,,,,,,,,,,,"[{'flow_id': 0, 'created': 100, 'delivered': 100, 'delivery_ratio': 1.0, 'average_delay': 3.0607653100000944, 'p95_delay': 3.284553600000108}, {'flow_id': 1, 'created': 100, 'delivered': 100, 'delivery_ratio': 1.0, 'average_delay': 1.4467870800000207, 'p95_delay': 2.594144650000071}]",2,1.0,M3,
Fixed-PRMAC,4,200,47,2.35185600000005,200,187,13,0.935,0.9112763529411977,,1.5386646000000521,1.55546452000005,1.5598560000000499,651359.607050758,113,126,503,2524,68180,754,797732,4032,876468,0,,,,0,200,,0.12762709999879007,python,multiflow,python-M3-high-seed-47-Fixed-PRMAC,high,0.0,754,503,390,127,0.44011777948718933,1.2979500000000588,754,10556,20.16,4382.34,364.59893048128345,390,377,"[{'flow_id': 0, 'created': 100, 'delivered': 97, 'delivery_ratio': 0.97, 'average_delay': 1.0421741030928087, 'p95_delay': 1.548785600000051}, {'flow_id': 1, 'created': 100, 'delivered': 90, 'delivery_ratio': 0.9, 'average_delay': 0.7701976666666835, 'p95_delay': 1.2679688000000562}]",2,0.9986007196299047,M3,
DCF,4,200,57,4.063703000000141,200,200,0,1.0,2.5099046450000673,2.886828500000094,3.3556958000001114,3.3607782800001265,3.364269000000126,403179.0709114183,239,113,1039,800,11200,1039,1099262,1839,1110462,0,0,0.6028769225000161,0.0,0,200,4.063703000000141,0.5102996999994502,python,multiflow,python-M3-high-seed-57-DCF,high,,,,,,,,,,,,,,,"[{'flow_id': 0, 'created': 100, 'delivered': 100, 'delivery_ratio': 1.0, 'average_delay': 2.920422090000092, 'p95_delay': 3.3576462000001133}, {'flow_id': 1, 'created': 100, 'delivered': 100, 'delivery_ratio': 1.0, 'average_delay': 2.0993872000000424, 'p95_delay': 2.9522486000001003}]",2,1.0,M3,
Fixed-PRMAC,4,200,57,2.068544000000057,200,194,6,0.97,0.6654882577319706,,1.2546363000000555,1.2720158600000573,1.276544000000057,768293.0602394516,55,61,450,2534,68240,778,823124,4090,902256,0,,,,0,200,,0.1147281000012299,python,multiflow,python-M3-high-seed-57-Fixed-PRMAC,high,0.0,778,450,395,92,0.31943639493671444,0.9387620000000385,778,10892,20.45,4511.28,351.7525773195876,395,389,"[{'flow_id': 0, 'created': 100, 'delivered': 95, 'delivery_ratio': 0.95, 'average_delay': 0.8649638947368614, 'p95_delay': 1.2658814000000578}, {'flow_id': 1, 'created': 100, 'delivered': 99, 'delivery_ratio': 0.99, 'average_delay': 0.4740722424242471, 'p95_delay': 0.9383636000000355}]",2,0.9995750557739296,M3,
DCF,4,200,67,4.13774600000017,200,200,0,1.0,2.406067985000072,2.4480095000000706,3.429816500000151,3.436190320000153,3.438224000000154,395964.3728735241,269,129,1069,800,11200,1069,1131002,1869,1142202,0,0,0.5774181337500172,0.0,0,200,4.13774600000017,0.537459499999386,python,multiflow,python-M3-high-seed-67-DCF,high,,,,,,,,,,,,,,,"[{'flow_id': 0, 'created': 100, 'delivered': 100, 'delivery_ratio': 1.0, 'average_delay': 2.929912020000104, 'p95_delay': 3.4335936000001452}, {'flow_id': 1, 'created': 100, 'delivered': 100, 'delivery_ratio': 1.0, 'average_delay': 1.8822239500000395, 'p95_delay': 2.858979100000107}]",2,1.0,M3,
Fixed-PRMAC,4,200,67,2.180674000000057,200,192,8,0.96,0.7305022500000177,,1.3666531000000584,1.3843284200000574,1.388674000000057,721274.2482369941,82,90,478,2558,68980,776,821008,4110,900852,0,,,,0,200,,0.12310430000070482,python,multiflow,python-M3-high-seed-67-Fixed-PRMAC,high,0.0,776,478,396,107,0.3534100151515235,1.0764240000000644,776,10864,20.55,4504.26,359.2708333333333,396,388,"[{'flow_id': 0, 'created': 100, 'delivered': 96, 'delivery_ratio': 0.96, 'average_delay': 0.8817831666666917, 'p95_delay': 1.377628500000058}, {'flow_id': 1, 'created': 100, 'delivered': 96, 'delivery_ratio': 0.96, 'average_delay': 0.5792213333333437, 'p95_delay': 1.0419790000000455}]",2,1.0,M3,
DCF,4,200,77,4.129954000000157,200,200,0,1.0,2.2822255950000603,2.2965080000000335,3.4092208000001345,3.414713040000143,3.420170000000143,396711.4403695387,263,127,1063,800,11200,1063,1124654,1863,1135854,0,0,0.5463276300000144,0.0,0,200,4.129954000000157,0.5009659999996074,python,multiflow,python-M3-high-seed-77-DCF,high,,,,,,,,,,,,,,,"[{'flow_id': 0, 'created': 100, 'delivered': 100, 'delivery_ratio': 1.0, 'average_delay': 2.9424545200000973, 'p95_delay': 3.4116486000001403}, {'flow_id': 1, 'created': 100, 'delivered': 100, 'delivery_ratio': 1.0, 'average_delay': 1.621996670000024, 'p95_delay': 2.731562700000097}]",2,1.0,M3,
Fixed-PRMAC,4,200,77,2.1017820000000538,200,192,8,0.96,0.6794850000000124,,1.2882721000000559,1.3054402200000543,1.3097820000000537,748347.8305551955,88,96,482,2626,71060,772,816776,4170,898644,0,,,,0,200,,0.10078000000066822,python,multiflow,python-M3-high-seed-77-Fixed-PRMAC,high,0.0,772,482,394,87,0.32667864974619865,0.9444580000000546,772,10808,20.85,4493.22,370.1041666666667,394,386,"[{'flow_id': 0, 'created': 100, 'delivered': 93, 'delivery_ratio': 0.93, 'average_delay': 0.8571365376344302, 'p95_delay': 1.2997312000000552}, {'flow_id': 1, 'created': 100, 'delivered': 99, 'delivery_ratio': 0.99, 'average_delay': 0.512600222222226, 'p95_delay': 0.9098216000000323}]",2,0.9990243902439023,M3,
DCF,4,200,87,4.075259000000164,200,200,0,1.0,2.359661300000065,3.0826235000000706,3.3388007000001587,3.366490340000154,3.3734430000001527,402035.79698859237,238,113,1038,800,11200,1038,1098204,1838,1109404,0,0,0.5691370612500156,0.0,0,200,4.075259000000164,0.48768639999980223,python,multiflow,python-M3-high-seed-87-DCF,high,,,,,,,,,,,,,,,"[{'flow_id': 0, 'created': 100, 'delivered': 100, 'delivery_ratio': 1.0, 'average_delay': 2.737765860000079, 'p95_delay': 3.147241450000142}, {'flow_id': 1, 'created': 100, 'delivered': 100, 'delivery_ratio': 1.0, 'average_delay': 1.9815567400000509, 'p95_delay': 3.3561307000001555}]",2,1.0,M3,
Fixed-PRMAC,4,200,87,2.088290000000057,200,197,3,0.985,0.6828171776649874,,1.2743856000000577,1.2919419200000573,1.296290000000057,772796.8816591355,37,40,435,2494,66920,790,835820,4074,913800,0,,,,0,200,,0.15924079999967944,python,multiflow,python-M3-high-seed-87-Fixed-PRMAC,high,0.0,790,435,398,100,0.32918139195980517,1.0141940000000527,790,11060,20.37,4569.0,339.6954314720812,398,395,"[{'flow_id': 0, 'created': 100, 'delivered': 98, 'delivery_ratio': 0.98, 'average_delay': 0.8031242448979776, 'p95_delay': 1.285483700000058}, {'flow_id': 1, 'created': 100, 'delivered': 99, 'delivery_ratio': 0.99, 'average_delay': 0.5637253333333405, 'p95_delay': 0.9792516000000395}]",2,0.9999742334449885,M3,
DCF,4,200,97,4.014350000000155,200,200,0,1.0,2.2616343950000557,2.3716210000000566,3.2350845000001365,3.2531889400001472,3.2599040000001445,408135.81277166586,205,100,1005,800,11200,1005,1063290,1805,1074490,0,0,0.5453336712500133,0.0,0,200,4.014350000000155,0.47773180000149296,python,multiflow,python-M3-high-seed-97-DCF,high,,,,,,,,,,,,,,,"[{'flow_id': 0, 'created': 100, 'delivered': 100, 'delivery_ratio': 1.0, 'average_delay': 2.8081471200000907, 'p95_delay': 3.2431627000001515}, {'flow_id': 1, 'created': 100, 'delivered': 100, 'delivery_ratio': 1.0, 'average_delay': 1.7151216700000202, 'p95_delay': 2.5437409000000786}]",2,1.0,M3,
Fixed-PRMAC,4,200,97,2.161288000000055,200,195,5,0.975,0.7146392820512972,,1.3470194000000568,1.3648614800000554,1.369288000000055,739114.8241233743,59,64,456,2498,67100,784,829472,4066,907548,0,,,,0,200,,0.10987970000132918,python,multiflow,python-M3-high-seed-97-Fixed-PRMAC,high,0.0,784,456,397,110,0.348111783375322,1.1076460000000647,784,10976,20.33,4537.74,344.1025641025641,397,392,"[{'flow_id': 0, 'created': 100, 'delivered': 98, 'delivery_ratio': 0.98, 'average_delay': 0.8450334285714495, 'p95_delay': 1.3581507000000559}, {'flow_id': 1, 'created': 100, 'delivered': 97, 'delivery_ratio': 0.97, 'average_delay': 0.582900865979391, 'p95_delay': 1.0721212000000455}]",2,0.9999737022037553,M3,
DCF,2,200,7,2.0026699999999975,200,200,0,1.0,0.01822062999999785,0.018023999999998708,0.03080154999997831,0.040687699999999306,0.044394999999988416,818107.8260522214,42,21,442,400,5600,442,467636,842,473236,0,0,0.00019832249999987095,0.0,0,200,2.0026699999999975,0.16124720000152593,python,spatial_reuse,python-spatial-seed-7-DCF,medium,,,,,,,,,,,,,,,"[{'flow_id': 0, 'created': 100, 'delivered': 100, 'delivery_ratio': 1.0, 'average_delay': 0.018626899999997823, 'p95_delay': 0.031338499999988514}, {'flow_id': 1, 'created': 100, 'delivered': 100, 'delivery_ratio': 1.0, 'average_delay': 0.017814359999997875, 'p95_delay': 0.028316649999991044}]",2,1.0,,
Fixed-PRMAC,2,200,7,1.9899860000000005,200,200,0,1.0,0.009920200000000207,,0.010047000000000412,0.010066000000000574,0.010066000000000574,823322.3751322872,0,0,200,1200,32000,400,423200,2000,460800,0,,,,0,200,,0.04807239999718149,python,spatial_reuse,python-spatial-seed-7-Fixed-PRMAC,medium,0.0,400,200,200,1,0.0,0.0,400,5600,10.0,2304.0,160.0,200,200,"[{'flow_id': 0, 'created': 100, 'delivered': 100, 'delivery_ratio': 1.0, 'average_delay': 0.009919200000000206, 'p95_delay': 0.010065999999999804}, {'flow_id': 1, 'created': 100, 'delivered': 100, 'delivery_ratio': 1.0, 'average_delay': 0.009921200000000208, 'p95_delay': 0.010046000000000443}]",2,1.0,,
DCF,2,200,17,1.9991379999999932,200,200,0,1.0,0.01619936999999859,0.01790399999999981,0.02287799999999705,0.029692099999995933,0.03744199999999065,819553.2274410299,22,11,422,400,5600,422,446476,822,452076,0,0,5.518499999994542e-05,0.0,0,200,1.9991379999999932,0.15736980000292533,python,spatial_reuse,python-spatial-seed-17-DCF,medium,,,,,,,,,,,,,,,"[{'flow_id': 0, 'created': 100, 'delivered': 100, 'delivery_ratio': 1.0, 'average_delay': 0.016306719999998588, 'p95_delay': 0.022754999999997496}, {'flow_id': 1, 'created': 100, 'delivered': 100, 'delivery_ratio': 1.0, 'average_delay': 0.016092019999998586, 'p95_delay': 0.02329470000000121}]",2,1.0,,
Fixed-PRMAC,2,200,17,1.9899660000000006,200,200,0,1.0,0.009904300000000208,,0.010046000000000443,0.010066000000000574,0.010066000000000574,823330.6498703996,0,0,200,1200,32000,400,423200,2000,460800,0,,,,0,200,,0.049878899997565895,python,spatial_reuse,python-spatial-seed-17-Fixed-PRMAC,medium,0.0,400,200,200,1,0.0,0.0,400,5600,10.0,2304.0,160.0,200,200,"[{'flow_id': 0, 'created': 100, 'delivered': 100, 'delivery_ratio': 1.0, 'average_delay': 0.00989840000000021, 'p95_delay': 0.010045999999999973}, {'flow_id': 1, 'created': 100, 'delivered': 100, 'delivery_ratio': 1.0, 'average_delay': 0.009910200000000207, 'p95_delay': 0.010047000000000412}]",2,1.0,,
DCF,2,200,27,2.002955999999985,200,200,0,1.0,0.016350899999998877,0.01785399999999987,0.022958399999985633,0.0341116799999851,0.04135399999999345,817991.0092882781,24,12,424,400,5600,424,448592,824,454192,0,0,5.622499999999642e-05,0.0,0,200,2.002955999999985,0.1591883000000962,python,spatial_reuse,python-spatial-seed-27-DCF,medium,,,,,,,,,,,,,,,"[{'flow_id': 0, 'created': 100, 'delivered': 100, 'delivery_ratio': 1.0, 'average_delay': 0.015991719999998866, 'p95_delay': 0.022612000000000687}, {'flow_id': 1, 'created': 100, 'delivered': 100, 'delivery_ratio': 1.0, 'average_delay': 0.01671007999999888, 'p95_delay': 0.023864699999991877}]",2,1.0,,
Fixed-PRMAC,2,200,27,1.9900060000000004,200,200,0,1.0,0.009910700000000208,,0.010065999999999806,0.010066000000000574,0.010066000000000574,823314.1005605006,0,0,200,1200,32000,400,423200,2000,460800,0,,,,0,200,,0.0571912000013981,python,spatial_reuse,python-spatial-seed-27-Fixed-PRMAC,medium,0.0,400,200,200,1,0.0,0.0,400,5600,10.0,2304.0,160.0,200,200,"[{'flow_id': 0, 'created': 100, 'delivered': 100, 'delivery_ratio': 1.0, 'average_delay': 0.009909200000000206, 'p95_delay': 0.010046000000000443}, {'flow_id': 1, 'created': 100, 'delivered': 100, 'delivery_ratio': 1.0, 'average_delay': 0.00991220000000021, 'p95_delay': 0.010065999999999966}]",2,1.0,,
DCF,2,200,37,1.9980439999999986,200,200,0,1.0,0.017980359999999588,0.01798399999999889,0.02750410000000507,0.03977216000000271,0.041348000000002494,820001.9619187571,43,21,443,400,5600,443,468694,843,474294,0,0,0.0001781700000000437,0.0,0,200,1.9980439999999986,0.1618123000007472,python,spatial_reuse,python-spatial-seed-37-DCF,medium,,,,,,,,,,,,,,,"[{'flow_id': 0, 'created': 100, 'delivered': 100, 'delivery_ratio': 1.0, 'average_delay': 0.016624759999999628, 'p95_delay': 0.02321900000000179}, {'flow_id': 1, 'created': 100, 'delivered': 100, 'delivery_ratio': 1.0, 'average_delay': 0.019335959999999545, 'p95_delay': 0.033221800000002896}]",2,1.0,,
Fixed-PRMAC,2,200,37,1.9899660000000006,200,200,0,1.0,0.009924400000000212,,0.010066000000000047,0.010066000000000574,0.010066000000000574,823330.6498703996,0,0,200,1200,32000,400,423200,2000,460800,0,,,,0,200,,0.05697680000230321,python,spatial_reuse,python-spatial-seed-37-Fixed-PRMAC,medium,0.0,400,200,200,1,0.0,0.0,400,5600,10.0,2304.0,160.0,200,200,"[{'flow_id': 0, 'created': 100, 'delivered': 100, 'delivery_ratio': 1.0, 'average_delay': 0.009923600000000218, 'p95_delay': 0.010065999999999804}, {'flow_id': 1, 'created': 100, 'delivered': 100, 'delivery_ratio': 1.0, 'average_delay': 0.009925200000000203, 'p95_delay': 0.010066000000000574}]",2,1.0,,
DCF,2,200,47,1.9979039999999992,200,200,0,1.0,0.017366434999998764,0.017943999999999072,0.024231249999999264,0.042820909999997145,0.05830399999999747,820059.422274544,36,18,436,400,5600,436,461288,836,466888,0,0,0.00017997000000001255,0.0,0,200,1.9979039999999992,0.13736730000164243,python,spatial_reuse,python-spatial-seed-47-DCF,medium,,,,,,,,,,,,,,,"[{'flow_id': 0, 'created': 100, 'delivered': 100, 'delivery_ratio': 1.0, 'average_delay': 0.0179807099999988, 'p95_delay': 0.0326105500000018}, {'flow_id': 1, 'created': 100, 'delivered': 100, 'delivery_ratio': 1.0, 'average_delay': 0.016752159999998732, 'p95_delay': 0.022796000000000833}]",2,1.0,,
Fixed-PRMAC,2,200,47,1.9900060000000004,200,200,0,1.0,0.009914200000000206,,0.010046000000000443,0.010066000000000574,0.010066000000000574,823314.1005605006,0,0,200,1200,32000,400,423200,2000,460800,0,,,,0,200,,0.04810889999862411,python,spatial_reuse,python-spatial-seed-47-Fixed-PRMAC,medium,0.0,400,200,200,1,0.0,0.0,400,5600,10.0,2304.0,160.0,200,200,"[{'flow_id': 0, 'created': 100, 'delivered': 100, 'delivery_ratio': 1.0, 'average_delay': 0.009919000000000204, 'p95_delay': 0.010046000000000443}, {'flow_id': 1, 'created': 100, 'delivered': 100, 'delivery_ratio': 1.0, 'average_delay': 0.009909400000000209, 'p95_delay': 0.010065999999999804}]",2,1.0,,
DCF,2,200,57,1.9977839999999998,200,200,0,1.0,0.01716747999999975,0.017923999999999163,0.02641100000000161,0.03466096000000061,0.04314399999999932,820108.6804179031,34,17,434,400,5600,434,459172,834,464772,0,0,0.00013149000000000147,0.0,0,200,1.9977839999999998,0.1506465999991633,python,spatial_reuse,python-spatial-seed-57-DCF,medium,,,,,,,,,,,,,,,"[{'flow_id': 0, 'created': 100, 'delivered': 100, 'delivery_ratio': 1.0, 'average_delay': 0.017560089999999712, 'p95_delay': 0.02752134999999946}, {'flow_id': 1, 'created': 100, 'delivered': 100, 'delivery_ratio': 1.0, 'average_delay': 0.01677486999999979, 'p95_delay': 0.023798750000000517}]",2,1.0,,
Fixed-PRMAC,2,200,57,1.9900260000000005,200,200,0,1.0,0.009909700000000216,,0.010046000000000034,0.010066000000000574,0.010066000000000574,823305.8261550349,0,0,200,1200,32000,400,423200,2000,460800,0,,,,0,200,,0.049917799999093404,python,spatial_reuse,python-spatial-seed-57-Fixed-PRMAC,medium,0.0,400,200,200,1,0.0,0.0,400,5600,10.0,2304.0,160.0,200,200,"[{'flow_id': 0, 'created': 100, 'delivered': 100, 'delivery_ratio': 1.0, 'average_delay': 0.009916200000000217, 'p95_delay': 0.010045999999999892}, {'flow_id': 1, 'created': 100, 'delivered': 100, 'delivery_ratio': 1.0, 'average_delay': 0.009903200000000214, 'p95_delay': 0.010047000000000412}]",2,1.0,,
DCF,2,200,67,2.0026299999999977,200,200,0,1.0,0.019701934999999022,0.017984000000000444,0.038561500000004086,0.060019499999999004,0.08195900000000117,818124.1667207632,43,21,443,400,5600,443,468694,843,474294,0,0,0.0006853700000000297,0.0,0,200,2.0026299999999977,0.14673760000005132,python,spatial_reuse,python-spatial-seed-67-DCF,medium,,,,,,,,,,,,,,,"[{'flow_id': 0, 'created': 100, 'delivered': 100, 'delivery_ratio': 1.0, 'average_delay': 0.017220109999999008, 'p95_delay': 0.028776000000002088}, {'flow_id': 1, 'created': 100, 'delivered': 100, 'delivery_ratio': 1.0, 'average_delay': 0.02218375999999904, 'p95_delay': 0.04782904999999952}]",2,1.0,,
Fixed-PRMAC,2,200,67,1.9900660000000006,200,200,0,1.0,0.009903700000000215,,0.010065999999999967,0.010066000000000574,0.010066000000000574,823289.2778430462,0,0,200,1200,32000,400,423200,2000,460800,0,,,,0,200,,0.0518376999971224,python,spatial_reuse,python-spatial-seed-67-Fixed-PRMAC,medium,0.0,400,200,200,1,0.0,0.0,400,5600,10.0,2304.0,160.0,200,200,"[{'flow_id': 0, 'created': 100, 'delivered': 100, 'delivery_ratio': 1.0, 'average_delay': 0.009917400000000211, 'p95_delay': 0.010065999999999804}, {'flow_id': 1, 'created': 100, 'delivered': 100, 'delivery_ratio': 1.0, 'average_delay': 0.009890000000000216, 'p95_delay': 0.010066000000000073}]",2,1.0,,
DCF,2,200,77,1.9984499999999854,200,200,0,1.0,0.01700624499999917,0.017913999999999763,0.023824999999992588,0.03690435000000231,0.04344100000000212,819835.3724136265,32,16,432,400,5600,432,457056,832,462656,0,0,9.1449999999976e-05,0.0,0,200,1.9984499999999854,0.14354260000254726,python,spatial_reuse,python-spatial-seed-77-DCF,medium,,,,,,,,,,,,,,,"[{'flow_id': 0, 'created': 100, 'delivered': 100, 'delivery_ratio': 1.0, 'average_delay': 0.01708520999999913, 'p95_delay': 0.023817000000002135}, {'flow_id': 1, 'created': 100, 'delivered': 100, 'delivery_ratio': 1.0, 'average_delay': 0.01692727999999921, 'p95_delay': 0.02382499999999259}]",2,1.0,,
Fixed-PRMAC,2,200,77,1.9900460000000004,200,200,0,1.0,0.009912200000000216,,0.010066000000000021,0.010066000000000574,0.010066000000000574,823297.5519158852,0,0,200,1200,32000,400,423200,2000,460800,0,,,,0,200,,0.06469769999966957,python,spatial_reuse,python-spatial-seed-77-Fixed-PRMAC,medium,0.0,400,200,200,1,0.0,0.0,400,5600,10.0,2304.0,160.0,200,200,"[{'flow_id': 0, 'created': 100, 'delivered': 100, 'delivery_ratio': 1.0, 'average_delay': 0.00991780000000022, 'p95_delay': 0.010066000000000574}, {'flow_id': 1, 'created': 100, 'delivered': 100, 'delivery_ratio': 1.0, 'average_delay': 0.009906600000000213, 'p95_delay': 0.01004700000000042}]",2,1.0,,
DCF,2,200,87,1.9981039999999983,200,200,0,1.0,0.01897317999999705,0.01804399999999956,0.03295339999999105,0.042172449999989085,0.04757899999998361,819977.3385169148,50,25,450,400,5600,450,476100,850,481700,0,0,0.0002819599999999001,0.0,0,200,1.9981039999999983,0.1734405000024708,python,spatial_reuse,python-spatial-seed-87-DCF,medium,,,,,,,,,,,,,,,"[{'flow_id': 0, 'created': 100, 'delivered': 100, 'delivery_ratio': 1.0, 'average_delay': 0.018617399999997064, 'p95_delay': 0.031193400000003604}, {'flow_id': 1, 'created': 100, 'delivered': 100, 'delivery_ratio': 1.0, 'average_delay': 0.01932895999999704, 'p95_delay': 0.03374009999998762}]",2,1.0,,
Fixed-PRMAC,2,200,87,1.9900460000000004,200,200,0,1.0,0.009911500000000212,,0.010065999999999797,0.010066000000000574,0.010066000000000574,823297.5519158852,0,0,200,1200,32000,400,423200,2000,460800,0,,,,0,200,,0.0493715999982669,python,spatial_reuse,python-spatial-seed-87-Fixed-PRMAC,medium,0.0,400,200,200,1,0.0,0.0,400,5600,10.0,2304.0,160.0,200,200,"[{'flow_id': 0, 'created': 100, 'delivered': 100, 'delivery_ratio': 1.0, 'average_delay': 0.009915400000000213, 'p95_delay': 0.010047000000000412}, {'flow_id': 1, 'created': 100, 'delivered': 100, 'delivery_ratio': 1.0, 'average_delay': 0.00990760000000021, 'p95_delay': 0.010065999999999835}]",2,1.0,,
DCF,2,200,97,2.0103509999999942,200,200,0,1.0,0.017794429999998463,0.017964000000000424,0.030001149999993943,0.03899075999999314,0.043743999999992456,814982.0603466781,46,23,446,400,5600,446,471868,846,477468,0,0,0.00016716999999993282,0.0,0,200,2.0103509999999942,0.16015559999868856,python,spatial_reuse,python-spatial-seed-97-DCF,medium,,,,,,,,,,,,,,,"[{'flow_id': 0, 'created': 100, 'delivered': 100, 'delivery_ratio': 1.0, 'average_delay': 0.017191619999998405, 'p95_delay': 0.025789249999992495}, {'flow_id': 1, 'created': 100, 'delivered': 100, 'delivery_ratio': 1.0, 'average_delay': 0.018397239999998524, 'p95_delay': 0.030727349999991188}]",2,1.0,,
Fixed-PRMAC,2,200,97,1.9899260000000005,200,200,0,1.0,0.009916800000000217,,0.010065999999999964,0.010066000000000574,0.010066000000000574,823347.1998456222,0,0,200,1200,32000,400,423200,2000,460800,0,,,,0,200,,0.04980989999967278,python,spatial_reuse,python-spatial-seed-97-Fixed-PRMAC,medium,0.0,400,200,200,1,0.0,0.0,400,5600,10.0,2304.0,160.0,200,200,"[{'flow_id': 0, 'created': 100, 'delivered': 100, 'delivery_ratio': 1.0, 'average_delay': 0.009922000000000217, 'p95_delay': 0.010046000000000443}, {'flow_id': 1, 'created': 100, 'delivered': 100, 'delivery_ratio': 1.0, 'average_delay': 0.009911600000000218, 'p95_delay': 0.010065999999999993}]",2,1.0,,
DCF,2,200,107,2.000533999999997,200,200,0,1.0,0.018346775000000003,0.01798399999999889,0.033984950000004156,0.04433899000000356,0.058895000000000114,818981.3319843614,40,20,440,400,5600,440,465520,840,471120,0,0,0.0003322900000000671,0.0,0,200,2.000533999999997,0.13539529999980005,python,spatial_reuse,python-spatial-seed-107-DCF,medium,,,,,,,,,,,,,,,"[{'flow_id': 0, 'created': 100, 'delivered': 100, 'delivery_ratio': 1.0, 'average_delay': 0.018196309999999993, 'p95_delay': 0.03168250000000394}, {'flow_id': 1, 'created': 100, 'delivered': 100, 'delivery_ratio': 1.0, 'average_delay': 0.018497240000000012, 'p95_delay': 0.03715470000000273}]",2,1.0,,
Fixed-PRMAC,2,200,107,1.9898860000000005,200,200,0,1.0,0.009907800000000211,,0.010065999999999797,0.010066000000000574,0.010066000000000574,823363.7504862086,0,0,200,1200,32000,400,423200,2000,460800,0,,,,0,200,,0.04992530000163242,python,spatial_reuse,python-spatial-seed-107-Fixed-PRMAC,medium,0.0,400,200,200,1,0.0,0.0,400,5600,10.0,2304.0,160.0,200,200,"[{'flow_id': 0, 'created': 100, 'delivered': 100, 'delivery_ratio': 1.0, 'average_delay': 0.009913800000000212, 'p95_delay': 0.010065999999999797}, {'flow_id': 1, 'created': 100, 'delivered': 100, 'delivery_ratio': 1.0, 'average_delay': 0.009901800000000212, 'p95_delay': 0.010046000000000443}]",2,1.0,,
DCF,2,200,117,1.9991179999999933,200,200,0,1.0,0.015249759999999139,0.017783999999999967,0.02081399999999589,0.02301093999999619,0.02970599999999579,819561.4265891286,12,6,412,400,5600,412,435896,812,441496,0,0,1.3249999999989104e-05,0.0,0,200,1.9991179999999933,0.12654330000077607,python,spatial_reuse,python-spatial-seed-117-DCF,medium,,,,,,,,,,,,,,,"[{'flow_id': 0, 'created': 100, 'delivered': 100, 'delivery_ratio': 1.0, 'average_delay': 0.015787679999999145, 'p95_delay': 0.02069999999999641}, {'flow_id': 1, 'created': 100, 'delivered': 100, 'delivery_ratio': 1.0, 'average_delay': 0.014711839999999135, 'p95_delay': 0.021071799999995228}]",2,1.0,,
Fixed-PRMAC,2,200,117,1.9900660000000006,200,200,0,1.0,0.009912700000000205,,0.010046000000000443,0.010066000000000574,0.010066000000000574,823289.2778430462,0,0,200,1200,32000,400,423200,2000,460800,0,,,,0,200,,0.062317799998709233,python,spatial_reuse,python-spatial-seed-117-Fixed-PRMAC,medium,0.0,400,200,200,1,0.0,0.0,400,5600,10.0,2304.0,160.0,200,200,"[{'flow_id': 0, 'created': 100, 'delivered': 100, 'delivery_ratio': 1.0, 'average_delay': 0.00990900000000021, 'p95_delay': 0.010047000000000412}, {'flow_id': 1, 'created': 100, 'delivered': 100, 'delivery_ratio': 1.0, 'average_delay': 0.0099164000000002, 'p95_delay': 0.010046000000000443}]",2,1.0,,
DCF,2,200,127,2.00475799999999,200,200,0,1.0,0.017194859999998313,0.017933999999999728,0.02419369999999058,0.032310339999994234,0.03963799999999118,817255.7485741462,40,20,440,400,5600,440,465520,840,471120,0,0,4.8794999999979274e-05,0.0,0,200,2.00475799999999,0.14603510000233655,python,spatial_reuse,python-spatial-seed-127-DCF,medium,,,,,,,,,,,,,,,"[{'flow_id': 0, 'created': 100, 'delivered': 100, 'delivery_ratio': 1.0, 'average_delay': 0.01714949999999831, 'p95_delay': 0.02663029999999019}, {'flow_id': 1, 'created': 100, 'delivered': 100, 'delivery_ratio': 1.0, 'average_delay': 0.017240219999998318, 'p95_delay': 0.02347569999999406}]",2,1.0,,
Fixed-PRMAC,2,200,127,1.9900260000000005,200,200,0,1.0,0.009917400000000215,,0.010065999999999797,0.010066000000000574,0.010066000000000574,823305.8261550349,0,0,200,1200,32000,400,423200,2000,460800,0,,,,0,200,,0.048782400001073256,python,spatial_reuse,python-spatial-seed-127-Fixed-PRMAC,medium,0.0,400,200,200,1,0.0,0.0,400,5600,10.0,2304.0,160.0,200,200,"[{'flow_id': 0, 'created': 100, 'delivered': 100, 'delivery_ratio': 1.0, 'average_delay': 0.009920000000000208, 'p95_delay': 0.010065999999999804}, {'flow_id': 1, 'created': 100, 'delivered': 100, 'delivery_ratio': 1.0, 'average_delay': 0.009914800000000222, 'p95_delay': 0.010065999999999797}]",2,1.0,,
DCF,2,200,137,1.9978639999999994,200,200,0,1.0,0.0201813799999973,0.018063999999999317,0.04166814999998977,0.05047755999998872,0.059396999999989486,820075.8409981863,50,25,450,400,5600,450,476100,850,481700,0,0,0.0006047099999996973,0.0,0,200,1.9978639999999994,0.14515750000282424,python,spatial_reuse,python-spatial-seed-137-DCF,medium,,,,,,,,,,,,,,,"[{'flow_id': 0, 'created': 100, 'delivered': 100, 'delivery_ratio': 1.0, 'average_delay': 0.020899869999997246, 'p95_delay': 0.044265299999985595}, {'flow_id': 1, 'created': 100, 'delivered': 100, 'delivery_ratio': 1.0, 'average_delay': 0.019462889999997356, 'p95_delay': 0.037727649999986505}]",2,1.0,,
Fixed-PRMAC,2,200,137,1.9899260000000005,200,200,0,1.0,0.009914900000000209,,0.010065999999999964,0.010066000000000574,0.010066000000000574,823347.1998456222,0,0,200,1200,32000,400,423200,2000,460800,0,,,,0,200,,0.046939299998484785,python,spatial_reuse,python-spatial-seed-137-Fixed-PRMAC,medium,0.0,400,200,200,1,0.0,0.0,400,5600,10.0,2304.0,160.0,200,200,"[{'flow_id': 0, 'created': 100, 'delivered': 100, 'delivery_ratio': 1.0, 'average_delay': 0.00991500000000021, 'p95_delay': 0.010065999999999978}, {'flow_id': 1, 'created': 100, 'delivered': 100, 'delivery_ratio': 1.0, 'average_delay': 0.009914800000000208, 'p95_delay': 0.010065999999999804}]",2,1.0,,
DCF,2,200,147,1.9980039999999988,200,200,0,1.0,0.016231749999999177,0.01787399999999939,0.022709999999997673,0.029774060000001355,0.038278000000001255,820018.3783415854,24,12,424,400,5600,424,448592,824,454192,0,0,5.9994999999988254e-05,0.0,0,200,1.9980039999999988,0.14071789999798057,python,spatial_reuse,python-spatial-seed-147-DCF,medium,,,,,,,,,,,,,,,"[{'flow_id': 0, 'created': 100, 'delivered': 100, 'delivery_ratio': 1.0, 'average_delay': 0.017157379999999146, 'p95_delay': 0.022714699999997763}, {'flow_id': 1, 'created': 100, 'delivered': 100, 'delivery_ratio': 1.0, 'average_delay': 0.015306119999999203, 'p95_delay': 0.022671999999997847}]",2,1.0,,
Fixed-PRMAC,2,200,147,1.9900660000000006,200,200,0,1.0,0.009918400000000212,,0.010065999999999797,0.010066000000000574,0.010066000000000574,823289.2778430462,0,0,200,1200,32000,400,423200,2000,460800,0,,,,0,200,,0.045639600000868086,python,spatial_reuse,python-spatial-seed-147-Fixed-PRMAC,medium,0.0,400,200,200,1,0.0,0.0,400,5600,10.0,2304.0,160.0,200,200,"[{'flow_id': 0, 'created': 100, 'delivered': 100, 'delivery_ratio': 1.0, 'average_delay': 0.009919600000000209, 'p95_delay': 0.010065999999999797}, {'flow_id': 1, 'created': 100, 'delivered': 100, 'delivery_ratio': 1.0, 'average_delay': 0.009917200000000214, 'p95_delay': 0.010065999999999797}]",2,1.0,,
DCF,2,200,157,1.9980039999999988,200,200,0,1.0,0.01609317999999886,0.017893999999999622,0.022929999999996786,0.023853539999992148,0.03572599999998838,820018.3783415854,30,15,430,400,5600,430,454940,830,460540,0,0,2.8149999999971255e-05,0.0,0,200,1.9980039999999988,0.1474761000026774,python,spatial_reuse,python-spatial-seed-157-DCF,medium,,,,,,,,,,,,,,,"[{'flow_id': 0, 'created': 100, 'delivered': 100, 'delivery_ratio': 1.0, 'average_delay': 0.015849879999998817, 'p95_delay': 0.020886000000001056}, {'flow_id': 1, 'created': 100, 'delivered': 100, 'delivery_ratio': 1.0, 'average_delay': 0.016336479999998908, 'p95_delay': 0.02309400000000117}]",2,1.0,,
Fixed-PRMAC,2,200,157,1.9898060000000004,200,200,0,1.0,0.009920800000000212,,0.010065999999999966,0.010066000000000574,0.010066000000000574,823396.8537636331,0,0,200,1200,32000,400,423200,2000,460800,0,,,,0,200,,0.07349109999995562,python,spatial_reuse,python-spatial-seed-157-Fixed-PRMAC,medium,0.0,400,200,200,1,0.0,0.0,400,5600,10.0,2304.0,160.0,200,200,"[{'flow_id': 0, 'created': 100, 'delivered': 100, 'delivery_ratio': 1.0, 'average_delay': 0.009932400000000213, 'p95_delay': 0.010066000000000574}, {'flow_id': 1, 'created': 100, 'delivered': 100, 'delivery_ratio': 1.0, 'average_delay': 0.009909200000000213, 'p95_delay': 0.010065999999999804}]",2,1.0,,
DCF,2,200,167,2.034071999999956,200,200,0,1.0,0.02847220999998933,0.01811400000000017,0.07875809999996566,0.09307237999995553,0.09944999999997983,805477.8788558297,62,31,462,400,5600,462,488796,862,494396,0,0,0.0034387724999974407,0.0,0,200,2.034071999999956,0.1910544000020309,python,spatial_reuse,python-spatial-seed-167-DCF,medium,,,,,,,,,,,,,,,"[{'flow_id': 0, 'created': 100, 'delivered': 100, 'delivery_ratio': 1.0, 'average_delay': 0.02817831999998948, 'p95_delay': 0.07987094999995434}, {'flow_id': 1, 'created': 100, 'delivered': 100, 'delivery_ratio': 1.0, 'average_delay': 0.028766099999989178, 'p95_delay': 0.07729699999997786}]",2,1.0,,
Fixed-PRMAC,2,200,167,1.9898260000000005,200,200,0,1.0,0.009915400000000213,,0.010046000000000443,0.010066000000000574,0.010066000000000574,823388.5776947329,0,0,200,1200,32000,400,423200,2000,460800,0,,,,0,200,,0.0479765000018233,python,spatial_reuse,python-spatial-seed-167-Fixed-PRMAC,medium,0.0,400,200,200,1,0.0,0.0,400,5600,10.0,2304.0,160.0,200,200,"[{'flow_id': 0, 'created': 100, 'delivered': 100, 'delivery_ratio': 1.0, 'average_delay': 0.009917000000000214, 'p95_delay': 0.010046000000000074}, {'flow_id': 1, 'created': 100, 'delivered': 100, 'delivery_ratio': 1.0, 'average_delay': 0.009913800000000209, 'p95_delay': 0.01004700000000042}]",2,1.0,,
DCF,2,200,177,2.0008539999999955,200,200,0,1.0,0.020185564999995343,0.018043999999999213,0.04353994999997976,0.06277775999998625,0.07227899999998089,818850.3509001675,45,22,445,400,5600,445,470810,845,476410,0,0,0.0008086324999996898,0.0,0,200,2.0008539999999955,0.14454320000004373,python,spatial_reuse,python-spatial-seed-177-DCF,medium,,,,,,,,,,,,,,,"[{'flow_id': 0, 'created': 100, 'delivered': 100, 'delivery_ratio': 1.0, 'average_delay': 0.020295289999995393, 'p95_delay': 0.04390329999997651}, {'flow_id': 1, 'created': 100, 'delivered': 100, 'delivery_ratio': 1.0, 'average_delay': 0.020075839999995293, 'p95_delay': 0.04154879999997912}]",2,1.0,,
Fixed-PRMAC,2,200,177,1.9898460000000004,200,200,0,1.0,0.009920100000000211,,0.010065999999999806,0.010066000000000574,0.010066000000000574,823380.3017921988,0,0,200,1200,32000,400,423200,2000,460800,0,,,,0,200,,0.04762529999788967,python,spatial_reuse,python-spatial-seed-177-Fixed-PRMAC,medium,0.0,400,200,200,1,0.0,0.0,400,5600,10.0,2304.0,160.0,200,200,"[{'flow_id': 0, 'created': 100, 'delivered': 100, 'delivery_ratio': 1.0, 'average_delay': 0.00993040000000021, 'p95_delay': 0.010065999999999804}, {'flow_id': 1, 'created': 100, 'delivered': 100, 'delivery_ratio': 1.0, 'average_delay': 0.009909800000000213, 'p95_delay': 0.010065999999999835}]",2,1.0,,
DCF,2,200,187,1.9979839999999989,200,200,0,1.0,0.01584069999999924,0.0178939999999993,0.02271399999999773,0.02306405999999554,0.023704000000002334,820026.5867994943,24,12,424,400,5600,424,448592,824,454192,0,0,0.0,0.0,0,200,1.9979839999999989,0.13868920000095386,python,spatial_reuse,python-spatial-seed-187-DCF,medium,,,,,,,,,,,,,,,"[{'flow_id': 0, 'created': 100, 'delivered': 100, 'delivery_ratio': 1.0, 'average_delay': 0.015754579999999237, 'p95_delay': 0.022790000000000865}, {'flow_id': 1, 'created': 100, 'delivered': 100, 'delivery_ratio': 1.0, 'average_delay': 0.01592681999999924, 'p95_delay': 0.021853100000002613}]",2,1.0,,
Fixed-PRMAC,2,200,187,1.9900260000000005,200,200,0,1.0,0.009921400000000212,,0.010065999999999797,0.010066000000000574,0.010066000000000574,823305.8261550349,0,0,200,1200,32000,400,423200,2000,460800,0,,,,0,200,,0.05020439999861992,python,spatial_reuse,python-spatial-seed-187-Fixed-PRMAC,medium,0.0,400,200,200,1,0.0,0.0,400,5600,10.0,2304.0,160.0,200,200,"[{'flow_id': 0, 'created': 100, 'delivered': 100, 'delivery_ratio': 1.0, 'average_delay': 0.009913600000000211, 'p95_delay': 0.010046}, {'flow_id': 1, 'created': 100, 'delivered': 100, 'delivery_ratio': 1.0, 'average_delay': 0.009929200000000213, 'p95_delay': 0.010065999999999964}]",2,1.0,,
DCF,2,200,197,2.0028899999999967,200,200,0,1.0,0.01666496999999921,0.0178939999999998,0.02289470000000071,0.02571323999999933,0.03616799999999687,818017.9640419607,38,19,438,400,5600,438,463404,838,469004,0,0,2.5314999999998534e-05,0.0,0,200,2.0028899999999967,0.13870330000281683,python,spatial_reuse,python-spatial-seed-197-DCF,medium,,,,,,,,,,,,,,,"[{'flow_id': 0, 'created': 100, 'delivered': 100, 'delivery_ratio': 1.0, 'average_delay': 0.016770819999999256, 'p95_delay': 0.022792999999997385}, {'flow_id': 1, 'created': 100, 'delivered': 100, 'delivery_ratio': 1.0, 'average_delay': 0.01655911999999916, 'p95_delay': 0.022984299999995916}]",2,1.0,,
Fixed-PRMAC,2,200,197,1.9900460000000004,200,200,0,1.0,0.009916900000000207,,0.010046000000000074,0.010046200000000437,0.010066000000000574,823297.5519158852,0,0,200,1200,32000,400,423200,2000,460800,0,,,,0,200,,0.048146199998882366,python,spatial_reuse,python-spatial-seed-197-Fixed-PRMAC,medium,0.0,400,200,200,1,0.0,0.0,400,5600,10.0,2304.0,160.0,200,200,"[{'flow_id': 0, 'created': 100, 'delivered': 100, 'delivery_ratio': 1.0, 'average_delay': 0.00991260000000021, 'p95_delay': 0.010045999999999944}, {'flow_id': 1, 'created': 100, 'delivered': 100, 'delivery_ratio': 1.0, 'average_delay': 0.009921200000000205, 'p95_delay': 0.010046000000000443}]",2,1.0,,
DCF,8,200,7,8.34304199999971,200,200,0,1.0,4.366813815000002,4.660715000000046,6.753015699999807,6.759410719999743,6.761563999999721,196379.21036476348,576,276,2176,1600,22400,2176,2302208,3776,2324608,0,0,0.5183381518750007,0.0,0,200,8.34304199999971,1.1387832000000344,python,eight_hop,python-8hop-periodic-seed-7-DCF,high,,,,,,,,,,,,,,,,,,,periodic
Fixed-PRMAC,8,200,7,2.3871400000000484,200,184,16,0.92,0.45288244565219316,,0.77450330000005,0.7908512600000485,0.7951400000000484,631436.7820906899,174,190,949,5020,135420,1518,1606044,8056,1762716,0,,,,0,200,,0.2442522999990615,python,eight_hop,python-8hop-periodic-seed-7-Fixed-PRMAC,high,0.008,1518,949,775,60,0.10354830967742379,0.6111680000000539,1518,21252,40.28,8813.58,735.9782608695652,775,759,,,,,periodic
DCF,8,200,17,8.352776999999767,200,200,0,1.0,4.826651475000032,5.86915600000007,6.754575499999827,6.765570919999799,6.767524999999784,196150.33419425008,585,278,2185,1600,22400,2185,2311730,3785,2334130,0,0,0.5741446762500042,0.0,0,200,8.352776999999767,1.1947036999990814,python,eight_hop,python-8hop-periodic-seed-17-DCF,high,,,,,,,,,,,,,,,,,,,periodic
Fixed-PRMAC,8,200,17,2.2969120000000487,200,193,7,0.965,0.33870529533680094,,0.5956172000000528,0.7005598400000491,0.7049120000000486,688339.8232060986,88,95,877,4910,131660,1564,1654712,8038,1808268,0,,,,0,200,,0.2264833000008366,python,eight_hop,python-8hop-periodic-seed-17-Fixed-PRMAC,high,0.008,1564,877,789,49,0.0758761546261122,0.4879060000000588,1564,21896,40.19,9041.34,682.1761658031088,789,782,,,,,periodic
DCF,8,200,27,8.28937599999987,200,200,0,1.0,4.504572390000067,5.443068000000109,6.643378699999996,6.686101839999908,6.697375999999869,197650.5831078269,548,262,2148,1600,22400,2148,2272584,3748,2294984,0,0,0.5370536956250087,0.0,0,200,8.28937599999987,1.1170086000020092,python,eight_hop,python-8hop-periodic-seed-27-DCF,high,,,,,,,,,,,,,,,,,,,periodic
Fixed-PRMAC,8,200,27,2.3664400000000465,200,186,14,0.93,0.4043872365591561,,0.7187665000000476,0.7702997000000469,0.7744400000000464,643883.6395598325,160,174,936,4970,133860,1524,1612392,8018,1767588,0,,,,0,200,,0.24010079999789014,python,eight_hop,python-8hop-periodic-seed-27-Fixed-PRMAC,high,0.008,1524,936,776,49,0.09294375773196269,0.5159200000000568,1524,21336,40.09,8837.94,719.6774193548387,776,762,,,,,periodic
DCF,8,200,37,8.340266999999768,200,200,0,1.0,4.125492730000027,4.448542000000054,6.66128864999992,6.748279499999768,6.751600999999779,196444.5502763935,579,275,2179,1600,22400,2179,2305382,3779,2327782,0,0,0.48672742187500384,0.0,0,200,8.340266999999768,1.1904790999979014,python,eight_hop,python-8hop-periodic-seed-37-DCF,high,,,,,,,,,,,,,,,,,,,periodic
Fixed-PRMAC,8,200,37,2.356916000000041,200,190,10,0.95,0.3720623894736988,,0.7333539000000445,0.7506351800000426,0.7649160000000408,660388.4058659591,118,128,901,4938,132680,1546,1635668,8030,1789992,0,,,,0,200,,0.25077479999890784,python,eight_hop,python-8hop-periodic-seed-37-Fixed-PRMAC,high,0.008,1546,901,783,47,0.08411184674329844,0.4815600000000604,1546,21644,40.15,8949.96,698.3157894736842,783,773,,,,,periodic
DCF,8,200,47,8.381453999999794,200,200,0,1.0,4.496342475000031,4.972107500000084,6.788743399999854,6.801264439999834,6.806683999999825,195479.2092159714,595,284,2195,1600,22400,2195,2322310,3795,2344710,0,0,0.534328146250004,0.0,0,200,8.381453999999794,1.2880285999999614,python,eight_hop,python-8hop-periodic-seed-47-DCF,high,,,,,,,,,,,,,,,,,,,periodic
Fixed-PRMAC,8,200,47,2.2817460000000525,200,186,14,0.93,0.4241751397849636,,0.6747980000000532,0.6855767000000528,0.6897460000000524,667783.35537784,152,166,922,4982,134340,1512,1599696,8006,1755204,0,,,,0,200,,0.280386800000997,python,eight_hop,python-8hop-periodic-seed-47-Fixed-PRMAC,high,0.008,1512,922,770,54,0.0976836155844197,0.6073400000000562,1512,21168,40.03,8776.02,722.258064516129,770,756,,,,,periodic
DCF,8,200,57,8.315826999999857,200,200,0,1.0,4.453485580000065,4.670509000000072,6.651219599999987,6.721236919999895,6.723826999999856,197021.8957176512,560,268,2160,1600,22400,2160,2285280,3760,2307680,0,0,0.5271979125000082,0.0,0,200,8.315826999999857,1.2555051000017556,python,eight_hop,python-8hop-periodic-seed-57-DCF,high,,,,,,,,,,,,,,,,,,,periodic
Fixed-PRMAC,8,200,57,2.4756780000000416,200,188,12,0.94,0.44993615957448474,,0.8290087000000452,0.8796347400000422,0.8836780000000415,622090.5949804353,153,165,933,4982,134100,1536,1625088,8054,1780692,0,,,,0,200,,0.22708419999980833,python,eight_hop,python-8hop-periodic-seed-57-Fixed-PRMAC,high,0.008,1536,933,780,47,0.1046549358974398,0.4788260000000575,1536,21504,40.27,8903.46,713.2978723404256,780,768,,,,,periodic
DCF,8,200,67,8.405096999999536,200,200,0,1.0,5.867073384999959,6.608829500000072,7.036494699999964,7.0525155200000045,7.0560590000000065,194929.33870960565,613,290,2213,1600,22400,2213,2341354,3813,2363754,0,0,0.7027238243749949,0.0,0,200,8.405096999999536,1.2536249000004318,python,eight_hop,python-8hop-periodic-seed-67-DCF,high,,,,,,,,,,,,,,,,,,,periodic
Fixed-PRMAC,8,200,67,2.23542400000005,200,194,6,0.97,0.3322722474226944,,0.6214293000000515,0.6389014600000501,0.6434240000000497,710938.0591780193,91,97,882,4932,132260,1570,1661060,8072,1815300,0,,,,0,200,,0.27949920000173734,python,eight_hop,python-8hop-periodic-seed-67-Fixed-PRMAC,high,0.008,1570,882,791,49,0.07320728192162143,0.48903600000005776,1570,21980,40.36,9076.5,681.7525773195877,791,785,,,,,periodic
DCF,8,200,77,8.387845999999728,200,200,0,1.0,4.898491675000039,5.788366000000085,6.813252099999757,6.826687919999808,6.82870199999979,195330.24330681,600,286,2200,1600,22400,2200,2327600,3800,2350000,0,0,0.5836292137500051,0.0,0,200,8.387845999999728,1.2054822999998578,python,eight_hop,python-8hop-periodic-seed-77-DCF,high,,,,,,,,,,,,,,,,,,,periodic
Fixed-PRMAC,8,200,77,2.4185220000000442,200,181,19,0.905,0.4662162541436639,,0.8057200000000457,0.8223336000000444,0.8265220000000442,613081.8739709512,211,230,983,5038,136080,1506,1593348,8050,1750512,0,,,,0,200,,0.26071070000034524,python,eight_hop,python-8hop-periodic-seed-77-Fixed-PRMAC,high,0.008,1506,983,772,48,0.10851744300518558,0.4879080000000582,1506,21084,40.25,8752.56,751.8232044198895,772,753,,,,,periodic
DCF,8,200,87,8.29018499999979,200,200,0,1.0,4.136247210000024,4.896230000000074,6.646005299999918,6.698199099999789,6.701678999999794,197631.29532091765,556,264,2156,1600,22400,2156,2281048,3756,2303448,0,0,0.48899247125000317,0.0,0,200,8.29018499999979,1.1587582000029215,python,eight_hop,python-8hop-periodic-seed-87-DCF,high,,,,,,,,,,,,,,,,,,,periodic
Fixed-PRMAC,8,200,87,2.4290720000000423,200,184,16,0.92,0.4292316847826233,,0.8166453000000437,0.8331726600000428,0.8370720000000422,620536.56705111,159,175,936,4948,133220,1522,1610276,7992,1764804,0,,,,0,200,,0.2726567999998224,python,eight_hop,python-8hop-periodic-seed-87-Fixed-PRMAC,high,0.008,1522,936,777,51,0.09979589961390306,0.5087060000000592,1522,21308,39.96,8824.02,724.0217391304348,777,761,,,,,periodic
DCF,8,200,97,8.445024999999497,200,200,0,1.0,4.603471439999971,4.4825520000000685,6.912136699999588,6.939248339999649,6.946002999999664,194007.7146012117,627,299,2227,1600,22400,2227,2356166,3827,2378566,0,0,0.5460122893749971,0.0,0,200,8.445024999999497,1.1837089999971795,python,eight_hop,python-8hop-periodic-seed-97-DCF,high,,,,,,,,,,,,,,,,,,,periodic
Fixed-PRMAC,8,200,97,2.4193040000000483,200,179,21,0.895,0.43185147486035225,,0.8071078000000504,0.8232715600000488,0.8273040000000482,606111.5097565129,238,259,1001,5122,138820,1484,1570072,8090,1729668,0,,,,0,200,,0.259920600001351,python,eight_hop,python-8hop-periodic-seed-97-Fixed-PRMAC,high,0.008,1484,1001,763,58,0.10133761730013532,0.6208820000000572,1484,20776,40.45,8648.34,775.5307262569833,763,742,,,,,periodic
DCF,8,200,7,8.441975999999755,200,200,0,1.0,4.197755508811167,4.5417514828431065,6.990216702070649,7.00495114473969,7.01093338887628,194077.7846324187,630,298,2230,1600,22400,2230,2359340,3830,2381740,0,0,0.4951906786013963,0.0,0,200,8.441975999999755,1.2075236000018776,python,eight_hop,python-8hop-poisson-seed-7-DCF,high,,,,,,,,,,,,,,,,,,,poisson
Fixed-PRMAC,8,200,7,2.3871400000000484,200,184,16,0.92,0.5638381134804459,,0.9147775347578427,0.928568722669665,0.9358311167446256,631436.7820906899,174,190,949,5020,135420,1518,1606044,8056,1762716,0,,,,0,200,,0.2521883000008529,python,eight_hop,python-8hop-poisson-seed-7-Fixed-PRMAC,high,0.007415507635068683,1518,949,775,71,0.13207819066093637,0.7514591167446303,1518,21252,40.28,8813.58,735.9782608695652,775,759,,,,,poisson
DCF,8,200,17,8.352776999999767,200,200,0,1.0,4.723350553231425,5.73745478679605,6.6205761262918825,6.647830626926591,6.6501711206808425,196150.33419425008,585,278,2185,1600,22400,2185,2311730,3785,2334130,0,0,0.5612307515833551,0.0,0,200,8.352776999999767,1.2159412000000884,python,eight_hop,python-8hop-poisson-seed-17-DCF,high,,,,,,,,,,,,,,,,,,,poisson
Fixed-PRMAC,8,200,17,2.480029662285351,200,182,18,0.91,0.3193746820778489,,0.6836512347043661,0.7763851605301827,0.7834604456297258,601179.9063024484,222,240,994,5126,138700,1508,1595464,8142,1755276,0,,,,0,200,,0.226327799999126,python,eight_hop,python-8hop-poisson-seed-17-Fixed-PRMAC,high,0.008559784090692715,1508,994,772,40,0.0742738983524621,0.4944906282375121,1508,21112,40.71,8776.38,762.0879120879121,772,754,,,,,poisson
DCF,8,200,27,8.28937599999987,200,200,0,1.0,4.46859835200322,5.430701439635465,6.527168932648961,6.572548786977142,6.595529540055811,197650.5831078269,548,262,2148,1600,22400,2148,2272584,3748,2294984,0,0,0.5325571685636964,0.0,0,200,8.28937599999987,1.1239653000011458,python,eight_hop,python-8hop-poisson-seed-27-DCF,high,,,,,,,,,,,,,,,,,,,poisson
Fixed-PRMAC,8,200,27,2.5110388848895995,200,173,27,0.865,0.47470293548055564,,0.7989883827546218,0.8084886461403933,0.8171924249455411,564394.2865752593,264,291,1017,5056,137160,1452,1536216,7960,1693704,0,,,,0,200,,0.25531970000156434,python,eight_hop,python-8hop-poisson-seed-27-Fixed-PRMAC,high,0.008511791256000293,1452,1017,753,48,0.11427818142064979,0.49827192802899045,1452,20328,39.8,8468.52,792.8323699421966,753,726,,,,,poisson
DCF,8,200,37,8.380928745901903,200,200,0,1.0,4.62203950598703,6.18276447007219,6.864263372503861,6.870452538920816,6.873172093389735,195491.46039466604,602,284,2202,1600,22400,2202,2329716,3802,2352116,0,0,0.5486432371571902,0.0,0,200,8.380928745901903,1.1979921000020113,python,eight_hop,python-8hop-poisson-seed-37-DCF,high,,,,,,,,,,,,,,,,,,,poisson
Fixed-PRMAC,8,200,37,2.356916000000041,200,190,10,0.95,0.39643372327978393,,0.778110154799461,0.805493748474415,0.8146070055645258,660388.4058659591,118,128,901,4938,132680,1546,1635668,8030,1789992,0,,,,0,200,,0.22980960000131745,python,eight_hop,python-8hop-poisson-seed-37-Fixed-PRMAC,high,0.007750296454449824,1546,901,783,52,0.09045725672664964,0.5358895049239663,1546,21644,40.15,8949.96,698.3157894736842,783,773,,,,,poisson
DCF,8,200,47,8.6297909999993,200,200,0,1.0,4.528261280472815,5.118736990480361,6.9225262351152175,7.022225223617684,7.041254213573528,189853.9605420494,719,342,2319,1600,22400,2319,2453502,3919,2475902,0,0,0.532017946934103,0.0,0,200,8.6297909999993,1.3674146000012115,python,eight_hop,python-8hop-poisson-seed-47-DCF,high,,,,,,,,,,,,,,,,,,,poisson
Fixed-PRMAC,8,200,47,2.2817460000000525,200,186,14,0.93,0.4327930196826794,,0.6789896880936439,0.6871868779735201,0.6892358973191544,667783.35537784,152,166,922,4982,134340,1512,1599696,8006,1755204,0,,,,0,200,,0.26148490000196034,python,eight_hop,python-8hop-poisson-seed-47-Fixed-PRMAC,high,0.00812781038963814,1512,922,770,52,0.09990445077216818,0.5880552135742521,1512,21168,40.03,8776.02,722.258064516129,770,756,,,,,poisson
DCF,8,200,57,8.301311999999838,200,200,0,1.0,4.550243348571506,5.1948519300782765,6.784937098400081,6.812930757125266,6.817854669054718,197366.39220403138,569,266,2169,1600,22400,2169,2294802,3769,2317202,0,0,0.5414306216964384,0.0,0,200,8.301311999999838,1.328213799999503,python,eight_hop,python-8hop-poisson-seed-57-DCF,high,,,,,,,,,,,,,,,,,,,poisson
Fixed-PRMAC,8,200,57,2.253878951636761,200,194,6,0.97,0.36478341200768877,,0.7270796534136904,0.7544974968294207,0.7704216206916412,705116.8381717625,104,110,893,4988,133980,1566,1656828,8120,1812732,0,,,,0,200,,0.27229970000189496,python,eight_hop,python-8hop-poisson-seed-57-Fixed-PRMAC,high,0.0074545594519855275,1566,893,789,61,0.08199634902430716,0.6671696206916453,1566,21924,40.6,9063.66,690.6185567010309,789,783,,,,,poisson
DCF,8,200,67,8.369179999999664,200,200,0,1.0,4.55431901515546,5.0649195465910175,6.828280402640031,6.8486498536564735,6.856392653885761,195765.89343281728,600,283,2200,1600,22400,2200,2327600,3800,2350000,0,0,0.5387074762867622,0.0,0,200,8.369179999999664,1.292310600001656,python,eight_hop,python-8hop-poisson-seed-67-DCF,high,,,,,,,,,,,,,,,,,,,poisson
Fixed-PRMAC,8,200,67,2.338335155928227,200,187,13,0.935,0.3515666768212099,,0.7219362846372471,0.7511010414062953,0.756443710093651,655125.9327031305,166,179,945,5040,135880,1532,1620856,8104,1778184,0,,,,0,200,,0.30530020000151126,python,eight_hop,python-8hop-poisson-seed-67-Fixed-PRMAC,high,0.00797838002461526,1532,945,779,56,0.08030337185879675,0.6025157100936624,1532,21448,40.52,8890.92,726.6310160427807,779,766,,,,,poisson
DCF,8,200,77,8.56442899999961,200,200,0,1.0,4.534960072870715,4.783118246424905,6.884814429546317,6.906239156478373,6.912058100608513,191302.8877932288,680,327,2280,1600,22400,2280,2412240,3880,2434640,0,0,0.5357182298563972,0.0,0,200,8.56442899999961,1.3406893000028504,python,eight_hop,python-8hop-poisson-seed-77-DCF,high,,,,,,,,,,,,,,,,,,,poisson
Fixed-PRMAC,8,200,77,2.298800196091371,200,192,8,0.96,0.31423713019038135,,0.5952878321619123,0.6104158835864141,0.612351548898225,684210.8342753433,106,114,892,4968,133480,1556,1646248,8080,1801512,0,,,,0,200,,0.23889260000214563,python,eight_hop,python-8hop-poisson-seed-77-Fixed-PRMAC,high,0.00856301599784343,1556,892,786,42,0.07001883790879856,0.41482154889823164,1556,21784,40.4,9007.56,695.2083333333334,786,778,,,,,poisson
DCF,8,200,87,8.30046399999988,200,200,0,1.0,4.449812957226943,5.046847502759385,6.847847338413344,6.903477556434023,6.909773609509011,197386.5557395374,556,264,2156,1600,22400,2156,2281048,3756,2303448,0,0,0.5276562933694866,0.0,0,200,8.30046399999988,1.2141482000006363,python,eight_hop,python-8hop-poisson-seed-87-DCF,high,,,,,,,,,,,,,,,,,,,poisson
Fixed-PRMAC,8,200,87,2.4290720000000423,200,184,16,0.92,0.5122394662809656,,0.9733304514385853,0.9978785544706756,1.0006323538060853,620536.56705111,159,175,936,4948,133220,1522,1610276,7992,1764804,0,,,,0,200,,0.3233548999996856,python,eight_hop,python-8hop-poisson-seed-87-Fixed-PRMAC,high,0.007366108033964375,1522,936,777,66,0.1212251859013897,0.6722463538061019,1522,21308,39.96,8824.02,724.0217391304348,777,761,,,,,poisson
DCF,8,200,97,8.405435999999767,200,200,0,1.0,4.8638991322761145,5.748942902630784,6.576691071500335,6.6494256587361935,6.6537051193551315,194921.47700607622,611,291,2211,1600,22400,2211,2339238,3811,2361638,0,0,0.5788610643785189,0.0,0,200,8.405435999999767,1.4015551000011328,python,eight_hop,python-8hop-poisson-seed-97-DCF,high,,,,,,,,,,,,,,,,,,,poisson
Fixed-PRMAC,8,200,97,2.4193040000000483,200,179,21,0.895,0.416832785075701,,0.6708179811303981,0.6913111584744821,0.7036787358748313,606111.5097565129,238,259,1001,5122,138820,1484,1570072,8090,1729668,0,,,,0,200,,0.26574189999882947,python,eight_hop,python-8hop-poisson-seed-97-Fixed-PRMAC,high,0.008802667741932842,1484,1001,763,49,0.09756055498717972,0.5293187358748257,1484,20776,40.45,8648.34,775.5307262569833,763,742,,,,,poisson
